Magnitude,1 wk TI Prob,1 wk TD Prob,1 wk ETAS Prob,1 wk ETAS/TD Gain,1 wk ETAS Triggered Only,1 mo TI Prob,1 mo TD Prob,1 mo ETAS Prob,1 mo ETAS/TD Gain,1 mo ETAS Triggered Only,1 yr TI Prob,1 yr TD Prob,1 yr ETAS Prob,1 yr ETAS/TD Gain,1 yr ETAS Triggered Only,10 yr TI Prob,10 yr TD Prob,10 yr ETAS Prob,10 yr ETAS/TD Gain,10 yr ETAS Triggered Only
6.0,1.7360222E-5,1.8502275E-5,1.8502275E-5,1.0,0.0,7.439883E-5,7.929332E-5,7.929332E-5,1.0,0.0,9.0542925E-4,9.6501724E-4,9.6501724E-4,1.0,0.0,0.009017491,0.009613109,0.011046375,1.1490949,0.001447178
6.1,9.062689E-6,9.592492E-6,9.592492E-6,1.0,0.0,3.8839516E-5,4.1110077E-5,4.1110077E-5,1.0,0.0,4.727685E-4,5.0040917E-4,5.0040917E-4,1.0,0.0,0.0047176396,0.0049937065,0.0064336574,1.2883532,0.001447178
6.2,9.062689E-6,9.592492E-6,9.592492E-6,1.0,0.0,3.8839516E-5,4.1110077E-5,4.1110077E-5,1.0,0.0,4.727685E-4,5.0040917E-4,5.0040917E-4,1.0,0.0,0.0047176396,0.0049937065,0.0064336574,1.2883532,0.001447178
6.3,7.2575485E-6,7.66794E-6,7.66794E-6,1.0,0.0,3.110341E-5,3.2862223E-5,3.2862223E-5,1.0,0.0,3.786182E-4,4.0003125E-4,4.0003125E-4,1.0,0.0,0.0037797375,0.003993816,0.005435215,1.3609074,0.001447178
6.4,7.2575485E-6,7.66794E-6,7.66794E-6,1.0,0.0,3.110341E-5,3.2862223E-5,3.2862223E-5,1.0,0.0,3.786182E-4,4.0003125E-4,4.0003125E-4,1.0,0.0,0.0037797375,0.003993816,0.005435215,1.3609074,0.001447178
6.5,6.06582E-6,6.4040664E-6,6.4040664E-6,1.0,0.0,2.5996113E-5,2.7445747E-5,2.7445747E-5,1.0,0.0,3.164567E-4,3.3410723E-4,3.3410723E-4,1.0,0.0,0.0031600643,0.0033366878,0.0033366878,1.0,0.0
6.6,5.598744E-6,5.910437E-6,5.910437E-6,1.0,0.0,2.3994397E-5,2.5330233E-5,2.5330233E-5,1.0,0.0,2.9209262E-4,3.0835834E-4,3.0835834E-4,1.0,0.0,0.0029170897,0.003079934,0.003079934,1.0,0.0
6.7,5.246996E-6,5.5393257E-6,5.5393257E-6,1.0,0.0,2.2486933E-5,2.3739787E-5,2.3739787E-5,1.0,0.0,2.73744E-4,2.8899993E-4,2.8899993E-4,1.0,0.0,0.0027340704,0.0028868648,0.0028868648,1.0,0.0
6.8,4.02324E-6,4.2470297E-6,4.2470297E-6,1.0,0.0,1.7242342E-5,1.8201463E-5,1.8201463E-5,1.0,0.0,2.099053E-4,2.2158623E-4,2.2158623E-4,1.0,0.0,0.0020970714,0.0022142373,0.0022142373,1.0,0.0
6.9,6.835972E-7,7.140097E-7,7.140097E-7,1.0,0.0,2.9296991E-6,3.0600397E-6,3.0600397E-6,1.0,0.0,3.56685E-5,3.7255664E-5,3.7255664E-5,1.0,0.0,3.5662777E-4,3.7252545E-4,3.7252545E-4,1.0,0.0
