Magnitude,1 wk TI Prob,1 wk TD Prob,1 wk ETAS Prob,1 wk ETAS/TD Gain,1 wk ETAS Triggered Only,1 mo TI Prob,1 mo TD Prob,1 mo ETAS Prob,1 mo ETAS/TD Gain,1 mo ETAS Triggered Only,1 yr TI Prob,1 yr TD Prob,1 yr ETAS Prob,1 yr ETAS/TD Gain,1 yr ETAS Triggered Only,10 yr TI Prob,10 yr TD Prob,10 yr ETAS Prob,10 yr ETAS/TD Gain,10 yr ETAS Triggered Only
6.0,3.5090034E-5,4.0364324E-5,0.0029387982,72.80682,0.0028985508,1.503772E-4,1.7297994E-4,0.0030710292,17.753674,0.0028985508,0.0018293047,0.0021042528,0.007889155,3.7491484,0.0057971017,0.018143194,0.020869201,0.03127542,1.4986401,0.010628019
6.1,3.5090034E-5,4.0364324E-5,0.0029387982,72.80682,0.0028985508,1.503772E-4,1.7297994E-4,0.0030710292,17.753674,0.0028985508,0.0018293047,0.0021042528,0.007889155,3.7491484,0.0057971017,0.018143194,0.020869201,0.03127542,1.4986401,0.010628019
6.2,1.841879E-5,2.1059794E-5,0.0029195496,138.63144,0.0028985508,7.8935285E-5,9.0253714E-5,0.002988543,33.112686,0.0028985508,9.606133E-4,0.001098387,0.006889121,6.2720346,0.0057971017,0.0095647145,0.010939667,0.018584577,1.6988248,0.0077294684
6.3,1.841879E-5,2.1059794E-5,0.0029195496,138.63144,0.0028985508,7.8935285E-5,9.0253714E-5,0.002988543,33.112686,0.0028985508,9.606133E-4,0.001098387,0.006889121,6.2720346,0.0057971017,0.0095647145,0.010939667,0.018584577,1.6988248,0.0077294684
6.4,1.712201E-5,1.9565212E-5,0.0029180592,149.1453,0.0028985508,7.337798E-5,8.3848776E-5,0.0029821564,35.56589,0.0028985508,8.930107E-4,0.0010204813,0.006811667,6.674955,0.0057971017,0.008894307,0.010167871,0.017818747,1.7524561,0.0077294684
6.5,1.4744935E-5,1.6836972E-5,0.0029153388,173.15103,0.0028985508,6.3191044E-5,7.215698E-5,0.0029704985,41.167168,0.0028985508,7.6907943E-4,8.7825063E-4,0.005704926,6.4957833,0.004830918,0.007664232,0.008756994,0.015461054,1.7655662,0.006763285
6.6,1.2017839E-5,1.37240895E-5,0.002912235,212.19878,0.0028985508,5.150401E-5,5.88167E-5,0.002957197,50.278187,0.0028985508,6.268809E-4,7.159466E-4,0.0055434057,7.7427645,0.004830918,0.0062511545,0.0071450938,0.013860054,1.9398003,0.006763285
6.7,1.00956095E-5,1.1533517E-5,0.0019438784,168.54169,0.0019323671,4.326618E-5,4.942891E-5,0.0019817005,40.091934,0.0019323671,5.266384E-4,6.017178E-4,0.0025329222,4.2094855,0.0019323671,0.005253921,0.0060094125,0.009850922,1.6392487,0.0038647342
