Magnitude,1 wk TI Prob,1 wk TD Prob,1 wk ETAS Prob,1 wk ETAS/TD Gain,1 wk ETAS Triggered Only,1 mo TI Prob,1 mo TD Prob,1 mo ETAS Prob,1 mo ETAS/TD Gain,1 mo ETAS Triggered Only,1 yr TI Prob,1 yr TD Prob,1 yr ETAS Prob,1 yr ETAS/TD Gain,1 yr ETAS Triggered Only,10 yr TI Prob,10 yr TD Prob,10 yr ETAS Prob,10 yr ETAS/TD Gain,10 yr ETAS Triggered Only
6.0,3.5090034E-5,4.0367537E-5,6.0366732E-5,1.4954276,2.0E-5,1.503772E-4,1.729937E-4,2.5297987E-4,1.4623646,8.0E-5,0.0018293047,0.0021044211,0.002613348,1.2418369,5.1E-4,0.018143194,0.020870855,0.022094766,1.0586421,0.00125
6.1,3.5090034E-5,4.0367537E-5,6.0366732E-5,1.4954276,2.0E-5,1.503772E-4,1.729937E-4,2.5297987E-4,1.4623646,8.0E-5,0.0018293047,0.0021044211,0.002613348,1.2418369,5.1E-4,0.018143194,0.020870855,0.022094766,1.0586421,0.00125
6.2,1.841879E-5,2.1061396E-5,4.1060975E-5,1.9495847,2.0E-5,7.8935285E-5,9.0260575E-5,1.4025606E-4,1.5539017,5.0E-5,9.606133E-4,0.0010984705,0.0014281081,1.3000877,3.3E-4,0.0095647145,0.010940497,0.011632838,1.0632825,7.0E-4
6.3,1.841879E-5,2.1061396E-5,4.1060975E-5,1.9495847,2.0E-5,7.8935285E-5,9.0260575E-5,1.4025606E-4,1.5539017,5.0E-5,9.606133E-4,0.0010984705,0.0014281081,1.3000877,3.3E-4,0.0095647145,0.010940497,0.011632838,1.0632825,7.0E-4
6.4,1.712201E-5,1.9566693E-5,3.95663E-5,2.022125,2.0E-5,7.337798E-5,8.385513E-5,1.3385093E-4,1.5962164,5.0E-5,8.930107E-4,0.0010205586,0.0013202524,1.2936567,3.0E-4,0.008894307,0.010168638,0.010812028,1.063272,6.5E-4
6.5,1.4744935E-5,1.683824E-5,3.6837904E-5,2.1877527,2.0E-5,6.3191044E-5,7.216242E-5,1.221588E-4,1.6928315,5.0E-5,7.6907943E-4,8.7831676E-4,0.0011580709,1.3185116,2.8E-4,0.007664232,0.008757652,0.009342485,1.0667796,5.9E-4
6.6,1.2017839E-5,1.3725124E-5,2.3724986E-5,1.728581,1.0E-5,5.150401E-5,5.882113E-5,8.881937E-5,1.5099908,3.0E-5,6.268809E-4,7.1600056E-4,9.258502E-4,1.2930858,2.1E-4,0.0062511545,0.007145631,0.0075924154,1.0625255,4.5E-4
6.7,1.00956095E-5,1.1534388E-5,1.1534388E-5,1.0,0.0,4.326618E-5,4.943265E-5,5.9432154E-5,1.2022854,1.0E-5,5.266384E-4,6.0176325E-4,7.71661E-4,1.2823331,1.7E-4,0.005253921,0.006009866,0.0063677025,1.0595415,3.6E-4
