Magnitude,1 wk TI Prob,1 wk TD Prob,1 wk ETAS Prob,1 wk ETAS/TD Gain,1 wk ETAS Triggered Only,1 mo TI Prob,1 mo TD Prob,1 mo ETAS Prob,1 mo ETAS/TD Gain,1 mo ETAS Triggered Only,1 yr TI Prob,1 yr TD Prob,1 yr ETAS Prob,1 yr ETAS/TD Gain,1 yr ETAS Triggered Only,10 yr TI Prob,10 yr TD Prob,10 yr ETAS Prob,10 yr ETAS/TD Gain,10 yr ETAS Triggered Only
6.0,3.5090034E-5,4.0367544E-5,4.0367544E-5,1.0,0.0,1.503772E-4,1.7299375E-4,2.5169548E-4,1.4549398,7.871536E-5,0.0018293047,0.0021044204,0.0025757188,1.2239563,4.722922E-4,0.018143194,0.020870851,0.021564504,1.0332354,7.084383E-4
6.1,3.5090034E-5,4.0367544E-5,4.0367544E-5,1.0,0.0,1.503772E-4,1.7299375E-4,2.5169548E-4,1.4549398,7.871536E-5,0.0018293047,0.0021044204,0.0025757188,1.2239563,4.722922E-4,0.018143194,0.020870851,0.021564504,1.0332354,7.084383E-4
6.2,1.841879E-5,2.1061396E-5,2.1061396E-5,1.0,0.0,7.8935285E-5,9.026058E-5,1.6896884E-4,1.8720114,7.871536E-5,9.606133E-4,0.0010984705,0.0015702439,1.4294821,4.722922E-4,0.0095647145,0.010940496,0.011485475,1.049813,5.510076E-4
6.3,1.841879E-5,2.1061396E-5,2.1061396E-5,1.0,0.0,7.8935285E-5,9.026058E-5,1.6896884E-4,1.8720114,7.871536E-5,9.606133E-4,0.0010984705,0.0015702439,1.4294821,4.722922E-4,0.0095647145,0.010940496,0.011485475,1.049813,5.510076E-4
6.4,1.712201E-5,1.9566693E-5,1.9566693E-5,1.0,0.0,7.337798E-5,8.385513E-5,1.625639E-4,1.938628,7.871536E-5,8.930107E-4,0.0010205585,0.0014137337,1.3852549,3.9357683E-4,0.008894307,0.010168637,0.010636127,1.0459737,4.722922E-4
6.5,1.4744935E-5,1.683824E-5,1.683824E-5,1.0,0.0,6.3191044E-5,7.216242E-5,1.508721E-4,2.0907297,7.871536E-5,7.6907943E-4,8.7831676E-4,0.0012715479,1.4477099,3.9357683E-4,0.007664232,0.008757652,0.009147782,1.0445473,3.9357683E-4
6.6,1.2017839E-5,1.3725124E-5,1.3725124E-5,1.0,0.0,5.150401E-5,5.882113E-5,5.882113E-5,1.0,0.0,6.268809E-4,7.1600056E-4,9.5197756E-4,1.3295766,2.361461E-4,0.0062511545,0.007145631,0.0073800897,1.0328115,2.361461E-4
6.7,1.00956095E-5,1.1534388E-5,1.1534388E-5,1.0,0.0,4.326618E-5,4.943265E-5,4.943265E-5,1.0,0.0,5.266384E-4,6.0176325E-4,7.5909926E-4,1.2614583,1.5743072E-4,0.005253921,0.006009866,0.0061663506,1.0260379,1.5743072E-4
