Magnitude,1 wk TI Prob,1 wk TD Prob,1 wk ETAS Prob,1 wk ETAS/TD Gain,1 wk ETAS Triggered Only,1 mo TI Prob,1 mo TD Prob,1 mo ETAS Prob,1 mo ETAS/TD Gain,1 mo ETAS Triggered Only,1 yr TI Prob,1 yr TD Prob,1 yr ETAS Prob,1 yr ETAS/TD Gain,1 yr ETAS Triggered Only,10 yr TI Prob,10 yr TD Prob,10 yr ETAS Prob,10 yr ETAS/TD Gain,10 yr ETAS Triggered Only
6.0,1.9810619E-5,2.3114564E-5,2.3114564E-5,1.0,0.0,8.489989E-5,9.9061515E-5,9.9061515E-5,1.0,0.0,0.001033166,0.0012059145,0.0012447705,1.0322212,3.8902937E-5,0.010283757,0.012043487,0.012120356,1.0063826,7.7805875E-5
6.1,1.9810619E-5,2.3114564E-5,2.3114564E-5,1.0,0.0,8.489989E-5,9.9061515E-5,9.9061515E-5,1.0,0.0,0.001033166,0.0012059145,0.0012447705,1.0322212,3.8902937E-5,0.010283757,0.012043487,0.012120356,1.0063826,7.7805875E-5
6.2,1.9810619E-5,2.3114564E-5,2.3114564E-5,1.0,0.0,8.489989E-5,9.9061515E-5,9.9061515E-5,1.0,0.0,0.001033166,0.0012059145,0.0012447705,1.0322212,3.8902937E-5,0.010283757,0.012043487,0.012120356,1.0063826,7.7805875E-5
6.3,1.9810619E-5,2.3114564E-5,2.3114564E-5,1.0,0.0,8.489989E-5,9.9061515E-5,9.9061515E-5,1.0,0.0,0.001033166,0.0012059145,0.0012447705,1.0322212,3.8902937E-5,0.010283757,0.012043487,0.012120356,1.0063826,7.7805875E-5
6.4,1.9810619E-5,2.3114564E-5,2.3114564E-5,1.0,0.0,8.489989E-5,9.9061515E-5,9.9061515E-5,1.0,0.0,0.001033166,0.0012059145,0.0012447705,1.0322212,3.8902937E-5,0.010283757,0.012043487,0.012120356,1.0063826,7.7805875E-5
6.5,1.7190405E-5,2.0052325E-5,2.0052325E-5,1.0,0.0,7.367108E-5,8.593854E-5,8.593854E-5,1.0,0.0,8.9657627E-4,0.0010463017,0.0010851639,1.0371425,3.8902937E-5,0.008929676,0.010462979,0.010539971,1.0073586,7.7805875E-5
6.6,1.7190405E-5,2.0052325E-5,2.0052325E-5,1.0,0.0,7.367108E-5,8.593854E-5,8.593854E-5,1.0,0.0,8.9657627E-4,0.0010463017,0.0010851639,1.0371425,3.8902937E-5,0.008929676,0.010462979,0.010539971,1.0073586,7.7805875E-5
