Magnitude,1 wk TI Prob,1 wk TD Prob,1 wk ETAS Prob,1 wk ETAS/TD Gain,1 wk ETAS Triggered Only,1 mo TI Prob,1 mo TD Prob,1 mo ETAS Prob,1 mo ETAS/TD Gain,1 mo ETAS Triggered Only,1 yr TI Prob,1 yr TD Prob,1 yr ETAS Prob,1 yr ETAS/TD Gain,1 yr ETAS Triggered Only,10 yr TI Prob,10 yr TD Prob,10 yr ETAS Prob,10 yr ETAS/TD Gain,10 yr ETAS Triggered Only
6.0,9.102099E-5,8.9555084E-5,8.9555084E-5,1.0,0.0,3.9003167E-4,3.8376293E-4,3.937591E-4,1.0260477,1.0E-5,0.0047383,0.004662842,0.0046727955,1.0021346,1.0E-5,0.046385348,0.045949984,0.045959525,1.0002077,1.0E-5
6.1,3.8306698E-5,4.1495587E-5,4.1495587E-5,1.0,0.0,1.6416123E-4,1.7783017E-4,1.8782838E-4,1.0562234,1.0E-5,0.0019968306,0.0021633834,0.0021733618,1.0046124,1.0E-5,0.019789828,0.021704927,0.02171471,1.0004507,1.0E-5
6.2,3.8306698E-5,4.1495587E-5,4.1495587E-5,1.0,0.0,1.6416123E-4,1.7783017E-4,1.8782838E-4,1.0562234,1.0E-5,0.0019968306,0.0021633834,0.0021733618,1.0046124,1.0E-5,0.019789828,0.021704927,0.02171471,1.0004507,1.0E-5
6.3,3.3197924E-5,3.6552145E-5,3.6552145E-5,1.0,0.0,1.4226905E-4,1.5664661E-4,1.5664661E-4,1.0,0.0,0.0017307495,0.001906045,0.001906045,1.0,0.0,0.017173318,0.019166641,0.019166641,1.0,0.0
6.4,2.5148964E-5,2.7420736E-5,2.7420736E-5,1.0,0.0,1.0777682E-4,1.17515796E-4,1.17515796E-4,1.0,0.0,0.0013113929,0.0014304637,0.0014304637,1.0,0.0,0.01303681,0.014442592,0.014442592,1.0,0.0
6.5,2.5148964E-5,2.7420736E-5,2.7420736E-5,1.0,0.0,1.0777682E-4,1.17515796E-4,1.17515796E-4,1.0,0.0,0.0013113929,0.0014304637,0.0014304637,1.0,0.0,0.01303681,0.014442592,0.014442592,1.0,0.0
