Magnitude,UCERF3-TI Prob,UCERF3-TD Prob,UCERF3-ETAS Prob
6.0,0.55119973,0.5929166,0.3966942
6.1,0.55119973,0.5929166,0.3966942
6.2,0.2632078,0.27990168,0.18181819
6.3,0.2632078,0.27990168,0.18181819
6.4,0.18687396,0.19860102,0.17355372
6.5,0.14229001,0.1512893,0.12396694
6.6,0.14229001,0.1512893,0.12396694
6.7,0.077006884,0.082056746,0.09917355
6.8,0.05755798,0.061417203,0.0661157
6.9,0.025630916,0.027447445,0.024793388
7.0,0.01228644,0.013191829,0.016528925
