Magnitude,UCERF3-TI Prob,UCERF3-TD Prob,UCERF3-ETAS Prob
6.0,0.5153604,0.545582,0.36842105
6.1,0.34404954,0.3627339,0.2631579
6.2,0.34404954,0.3627339,0.2631579
6.3,0.22451669,0.2359082,0.1754386
6.4,0.22451669,0.2359082,0.1754386
6.5,0.17320107,0.18188658,0.12719299
6.6,0.1377097,0.14458458,0.096491225
6.7,0.08691989,0.09128094,0.057017542
6.8,0.06931777,0.072830506,0.05263158
6.9,0.042369116,0.044579536,0.030701755
7.0,0.013222947,0.013955584,0.00877193
