Magnitude,UCERF3-TI Prob,UCERF3-TD Prob,UCERF3-ETAS Prob
6.0,0.5153604,0.545582,0.32302937
6.1,0.34404954,0.3627339,0.21638331
6.2,0.34404954,0.3627339,0.21638331
6.3,0.22451669,0.2359082,0.13755795
6.4,0.22451669,0.2359082,0.13755795
6.5,0.17320107,0.18188658,0.108191654
6.6,0.1377097,0.14458458,0.08191654
6.7,0.08691989,0.09128094,0.04945904
6.8,0.06931777,0.072830506,0.041731067
6.9,0.042369116,0.044579536,0.02472952
7.0,0.013222947,0.013955584,0.00618238
