Magnitude,UCERF3-TI Prob,UCERF3-TD Prob,UCERF3-ETAS Prob
6.0,0.45570913,0.49906313,0.27631578
6.1,0.23778735,0.25932246,0.17982456
6.2,0.23778735,0.25932246,0.17982456
6.3,0.12532169,0.13619466,0.09210526
6.4,0.06310547,0.06849396,0.030701755
6.5,0.06276634,0.068152286,0.030701755
6.6,0.005392585,0.0054649697,0.004385965
6.7,0.004566783,0.004627808,0.004385965
6.8,0.003209143,0.0032490557,0.0
6.9,0.0016683204,0.0016897338,0.0
7.0,1.6814613E-4,1.7037716E-4,0.0
