Magnitude,UCERF3-TI Prob,UCERF3-TD Prob,UCERF3-ETAS Prob
6.0,0.4780843,0.326231,0.169
6.1,0.4780843,0.326231,0.169
6.2,0.4780843,0.326231,0.169
6.3,0.4780843,0.326231,0.169
6.4,0.4780843,0.326231,0.169
6.5,0.43618488,0.3004433,0.144
6.6,0.43618488,0.3004433,0.144
6.7,0.39714086,0.2784214,0.128
6.8,0.39360002,0.27526784,0.126
6.9,0.15555602,0.11503293,0.063
7.0,0.13114384,0.0980288,0.054
7.1,0.10885126,0.08160859,0.041
7.2,0.06400892,0.04392475,0.022
7.3,0.020399636,0.015046653,0.007
