Magnitude,UCERF3-TI Prob,UCERF3-TD Prob,UCERF3-ETAS Prob
6.0,0.79930663,0.81201404,0.70170015
6.1,0.79930663,0.81201404,0.6785162
6.2,0.6598687,0.6761132,0.5255023
6.3,0.6598687,0.6761132,0.5255023
6.4,0.5705037,0.5914478,0.42194745
6.5,0.5082485,0.5323214,0.36476043
6.6,0.41717136,0.4447735,0.29366305
6.7,0.37574774,0.4044705,0.2534776
6.8,0.31452027,0.34114805,0.22102009
6.9,0.20024033,0.2213953,0.1251932
