Magnitude,UCERF3-TI Prob,UCERF3-TD Prob,UCERF3-ETAS Prob
6.0,0.15668908,0.045531187,0.022
6.1,0.15668908,0.045531187,0.022
6.2,0.15668908,0.045531187,0.022
6.3,0.15668908,0.045531187,0.022
6.4,0.11385884,0.04036064,0.018
6.5,0.11385884,0.04036064,0.018
6.6,0.062031526,0.036207013,0.014
6.7,0.04714669,0.023939142,0.008
