Magnitude,UCERF3-TI Prob,UCERF3-TD Prob,UCERF3-ETAS Prob
6.0,0.1915752,0.19099423,0.16846986
6.1,0.1915752,0.19099423,0.16846986
6.2,0.1915752,0.19099423,0.16846986
6.3,0.1915752,0.19099423,0.16846986
6.4,0.1915752,0.19099423,0.16846986
6.5,0.1915752,0.19099423,0.16846986
6.6,0.1915752,0.19099423,0.16846986
6.7,0.1915752,0.19099423,0.16846986
6.8,0.1915752,0.19099423,0.16846986
6.9,0.1915752,0.19099423,0.16846986
7.0,0.19056298,0.18992874,0.16692427
7.1,0.1852612,0.18433212,0.14837712
7.2,0.18351218,0.18246934,0.14528593
7.3,0.1754511,0.17382595,0.13137558
7.4,0.16615124,0.16387405,0.120556414
7.5,0.15933299,0.15664251,0.11128284
7.6,0.1362297,0.13191025,0.08655332
7.7,0.11064952,0.105146274,0.057187017
7.8,0.06576774,0.0602284,0.029366305
7.9,0.010500169,0.009251257,0.00618238
8.0,2.0325146E-4,1.6884145E-4,0.0
