Magnitude,UCERF3-TI Prob,UCERF3-TD Prob,UCERF3-ETAS Prob
6.0,0.19382422,0.2036472,0.1672355
6.1,0.09083234,0.094835214,0.088737205
6.2,0.09083234,0.094835214,0.088737205
6.3,0.035677206,0.03721023,0.023890786
6.4,0.035677206,0.03721023,0.023890786
6.5,0.02543875,0.02661988,0.020477816
