Magnitude,UCERF3-TI Prob,UCERF3-TD Prob,UCERF3-ETAS Prob
6.0,0.6033173,0.5544884,0.446281
6.1,0.6031402,0.55436885,0.43801653
6.2,0.5954657,0.54911965,0.42975205
6.3,0.56705457,0.5292874,0.4214876
6.4,0.56412596,0.52732354,0.4214876
6.5,0.5611002,0.524878,0.4214876
6.6,0.5600001,0.5239181,0.4214876
6.7,0.55719095,0.5214665,0.4214876
6.8,0.5547801,0.51918346,0.4214876
6.9,0.500965,0.4673604,0.36363637
7.0,0.4633185,0.4311337,0.32231405
7.1,0.46077177,0.42848933,0.32231405
7.2,0.44715822,0.41463348,0.30578512
7.3,0.4220706,0.386907,0.30578512
7.4,0.41703412,0.38144356,0.29752067
7.5,0.4064498,0.37027803,0.29752067
7.6,0.37295228,0.33558702,0.2644628
7.7,0.32606646,0.28700793,0.2231405
7.8,0.27829683,0.23278949,0.1983471
7.9,0.22076362,0.17162247,0.14876033
8.0,0.18873326,0.14076154,0.11570248
8.1,0.15690471,0.113978595,0.07438017
8.2,0.04579597,0.0293025,0.024793388
8.3,0.003949375,0.0024869854,0.008264462
