Magnitude,UCERF3-TI Prob,UCERF3-TD Prob,UCERF3-ETAS Prob
6.0,0.7306934,0.7285524,0.6939722
6.1,0.7306934,0.7285524,0.6939722
6.2,0.67431617,0.67154,0.62905717
6.3,0.67431617,0.67154,0.62905717
6.4,0.6577882,0.65502316,0.5965997
6.5,0.65717417,0.6543973,0.5950541
6.6,0.6488797,0.6460764,0.58114374
6.7,0.63455766,0.63157415,0.56414217
6.8,0.59276974,0.5865354,0.511592
6.9,0.5684627,0.5603464,0.47913447
7.0,0.53302133,0.5220785,0.4374034
7.1,0.50353855,0.48987383,0.42040184
7.2,0.47269627,0.4560811,0.38330758
7.3,0.4559364,0.43742457,0.36476043
7.4,0.43871754,0.4183721,0.34930447
7.5,0.42175037,0.40065682,0.3353941
7.6,0.35976326,0.3408227,0.27047914
7.7,0.28338686,0.2644534,0.19783616
7.8,0.1678307,0.15107174,0.10046368
7.9,0.07399828,0.07148032,0.03400309
8.0,0.029388385,0.030292865,0.013910355
8.1,0.006935234,0.007196595,0.004636785
8.2,3.3139822E-4,3.1315166E-4,0.0
