Magnitude,UCERF3-TI Prob,UCERF3-TD Prob,UCERF3-ETAS Prob
6.0,0.11211623,0.11749126,0.105
6.1,0.11211623,0.11749126,0.105
6.2,0.06723337,0.070256665,0.058
6.3,0.06723337,0.070256665,0.058
6.4,0.056173846,0.058867842,0.048
6.5,0.055746093,0.05842373,0.047
6.6,0.038960814,0.040873133,0.026
6.7,0.033693746,0.035375908,0.02
6.8,0.03151916,0.03309936,0.019
6.9,0.030410154,0.03193634,0.019
7.0,0.025368977,0.026637994,0.013
7.1,0.021075003,0.022129577,0.012
7.2,0.01483689,0.015583671,0.01
