Magnitude,UCERF3-TI Prob,UCERF3-TD Prob,UCERF3-ETAS Prob
6.0,0.43288535,0.46106067,0.3846154
6.1,0.43288535,0.46106067,0.3846154
6.2,0.22631274,0.23877563,0.15384616
6.3,0.22631274,0.23877563,0.15384616
6.4,0.1463777,0.15400124,0.12820514
6.5,0.1463777,0.15400124,0.12820514
6.6,0.104537375,0.10982903,0.08974359
6.7,0.07977535,0.083877206,0.07692308
6.8,0.060207084,0.06335175,0.03846154
6.9,0.023024078,0.024291141,0.025641026
