Magnitude,UCERF3-TI Prob,UCERF3-TD Prob,UCERF3-ETAS Prob
6.0,0.45888993,0.49098632,0.36630604
6.1,0.45888993,0.49098632,0.36630604
6.2,0.45888993,0.49098632,0.36630604
6.3,0.22576539,0.23861744,0.19165379
6.4,0.22576539,0.23861744,0.19165379
6.5,0.14917164,0.15729198,0.1267388
6.6,0.107736856,0.11342777,0.089644514
6.7,0.08394778,0.08843915,0.07418856
6.8,0.0650641,0.068590075,0.05873261
6.9,0.025720967,0.027196227,0.015455951
