Magnitude,UCERF3-TI Prob,UCERF3-TD Prob,UCERF3-ETAS Prob
6.0,0.43288535,0.46106067,0.33384854
6.1,0.43288535,0.46106067,0.33384854
6.2,0.22631274,0.23877563,0.17465223
6.3,0.22631274,0.23877563,0.17465223
6.4,0.1463777,0.15400124,0.11901082
6.5,0.1463777,0.15400124,0.11901082
6.6,0.104537375,0.10982903,0.077279754
6.7,0.07977535,0.083877206,0.0633694
6.8,0.060207084,0.06335175,0.04636785
6.9,0.023024078,0.024291141,0.015455951
