Magnitude,UCERF3-TI Prob,UCERF3-TD Prob,UCERF3-ETAS Prob
6.0,0.20495702,0.21638715,0.139
6.1,0.20495702,0.21638715,0.118
6.2,0.13715713,0.14547099,0.081
6.3,0.11289688,0.12039732,0.067
6.4,0.10479672,0.11181977,0.061
6.5,0.08594674,0.092227586,0.05
6.6,0.067717336,0.07296877,0.035
6.7,0.015225914,0.01602532,0.007
6.8,0.0042991596,0.004529143,0.002
