Magnitude,1 wk TI Prob,1 wk TD Prob,1 wk ETAS Prob,1 wk ETAS/TD Gain,1 wk ETAS Triggered Only,1 mo TI Prob,1 mo TD Prob,1 mo ETAS Prob,1 mo ETAS/TD Gain,1 mo ETAS Triggered Only,1 yr TI Prob,1 yr TD Prob,1 yr ETAS Prob,1 yr ETAS/TD Gain,1 yr ETAS Triggered Only,10 yr TI Prob,10 yr TD Prob,10 yr ETAS Prob,10 yr ETAS/TD Gain,10 yr ETAS Triggered Only
6.0,1.9621975E-5,2.2098187E-5,5.2097526E-5,2.3575473,3.0E-5,8.4091465E-5,9.470384E-5,1.4469911E-4,1.5279117,5.0E-5,0.0010233327,0.0011525444,0.0014022562,1.2166613,2.5E-4,0.01018633,0.011478982,0.012299455,1.0714761,8.3E-4
6.1,1.9621975E-5,2.2098187E-5,5.2097526E-5,2.3575473,3.0E-5,8.4091465E-5,9.470384E-5,1.4469911E-4,1.5279117,5.0E-5,0.0010233327,0.0011525444,0.0014022562,1.2166613,2.5E-4,0.01018633,0.011478982,0.012299455,1.0714761,8.3E-4
6.2,9.9971285E-6,1.1256204E-5,1.1256204E-5,1.0,0.0,4.2844134E-5,4.8240272E-5,5.823979E-5,1.2072856,1.0E-5,5.2150246E-4,5.872191E-4,7.0714863E-4,1.204233,1.2E-4,0.0052028033,0.0058617797,0.006358849,1.0847983,5.0E-4
6.3,9.589428E-6,1.0798888E-5,1.0798888E-5,1.0,0.0,4.10969E-5,4.628042E-5,5.6279958E-5,1.2160641,1.0E-5,5.002399E-4,5.633703E-4,6.833027E-4,1.2128838,1.2E-4,0.0049911533,0.0056245113,0.0061117555,1.0866287,4.9E-4
6.4,9.589428E-6,1.0798888E-5,1.0798888E-5,1.0,0.0,4.10969E-5,4.628042E-5,5.6279958E-5,1.2160641,1.0E-5,5.002399E-4,5.633703E-4,6.833027E-4,1.2128838,1.2E-4,0.0049911533,0.0056245113,0.0061117555,1.0866287,4.9E-4
6.5,5.557707E-6,6.285929E-6,6.285929E-6,1.0,0.0,2.3818526E-5,2.693957E-5,3.69393E-5,1.3711911,1.0E-5,2.8995197E-4,3.279668E-4,3.7795037E-4,1.1524044,5.0E-5,0.0028957394,0.003277464,0.0035764808,1.0912342,3.0E-4
6.6,4.8742945E-6,5.5135774E-6,5.5135774E-6,1.0,0.0,2.0889667E-5,2.3629551E-5,3.3629316E-5,1.4231889,1.0E-5,2.54302E-4,2.87678E-4,3.3766363E-4,1.1737554,5.0E-5,0.002540112,0.0028756252,0.0031647913,1.1005577,2.9E-4
6.7,3.991108E-6,4.5161464E-6,4.5161464E-6,1.0,0.0,1.7104636E-5,1.9354913E-5,2.935472E-5,1.5166546,1.0E-5,2.0822904E-4,2.3564608E-4,2.7563664E-4,1.1697061,4.0E-5,0.0020803404,0.0023564608,0.0025559894,1.084673,2.0E-4
