Magnitude,1 wk TI Prob,1 wk TD Prob,1 wk ETAS Prob,1 wk ETAS/TD Gain,1 wk ETAS Triggered Only,1 mo TI Prob,1 mo TD Prob,1 mo ETAS Prob,1 mo ETAS/TD Gain,1 mo ETAS Triggered Only,1 yr TI Prob,1 yr TD Prob,1 yr ETAS Prob,1 yr ETAS/TD Gain,1 yr ETAS Triggered Only,10 yr TI Prob,10 yr TD Prob,10 yr ETAS Prob,10 yr ETAS/TD Gain,10 yr ETAS Triggered Only
6.0,1.9621975E-5,2.2100037E-5,2.2100037E-5,1.0,0.0,8.4091465E-5,9.471177E-5,1.1298923E-4,1.1929798,1.8279197E-5,0.0010233327,0.0011526408,0.0012987058,1.1267221,1.4623358E-4,0.01018633,0.011479938,0.012022019,1.0472199,5.483759E-4
6.1,1.9621975E-5,2.2100037E-5,2.2100037E-5,1.0,0.0,8.4091465E-5,9.471177E-5,1.1298923E-4,1.1929798,1.8279197E-5,0.0010233327,0.0011526408,0.0012987058,1.1267221,1.4623358E-4,0.01018633,0.011479938,0.012022019,1.0472199,5.483759E-4
6.2,9.9971285E-6,1.1257143E-5,1.1257143E-5,1.0,0.0,4.2844134E-5,4.8244303E-5,4.8244303E-5,1.0,0.0,5.2150246E-4,5.872681E-4,6.4207346E-4,1.0933226,5.483759E-5,0.0052028033,0.005862268,0.006189365,1.055797,3.2902553E-4
6.3,9.589428E-6,1.0799791E-5,1.0799791E-5,1.0,0.0,4.10969E-5,4.628429E-5,4.628429E-5,1.0,0.0,5.002399E-4,5.634174E-4,6.182241E-4,1.0972755,5.483759E-5,0.0049911533,0.0056249807,0.0059521557,1.0581646,3.2902553E-4
6.4,9.589428E-6,1.0799791E-5,1.0799791E-5,1.0,0.0,4.10969E-5,4.628429E-5,4.628429E-5,1.0,0.0,5.002399E-4,5.634174E-4,6.182241E-4,1.0972755,5.483759E-5,0.0049911533,0.0056249807,0.0059521557,1.0581646,3.2902553E-4
6.5,5.557707E-6,6.286475E-6,6.286475E-6,1.0,0.0,2.3818526E-5,2.6941909E-5,2.6941909E-5,1.0,0.0,2.8995197E-4,3.2799525E-4,3.6454166E-4,1.1114236,3.6558395E-5,0.0028957394,0.0032777486,0.0034963798,1.0667017,2.1935036E-4
6.6,4.8742945E-6,5.5140567E-6,5.5140567E-6,1.0,0.0,2.0889667E-5,2.3631605E-5,2.3631605E-5,1.0,0.0,2.54302E-4,2.87703E-4,3.242509E-4,1.1270334,3.6558395E-5,0.002540112,0.002875875,0.003021688,1.0507021,1.4623358E-4
6.7,3.991108E-6,4.5165402E-6,4.5165402E-6,1.0,0.0,1.7104636E-5,1.9356601E-5,1.9356601E-5,1.0,0.0,2.0822904E-4,2.3566662E-4,2.722164E-4,1.155091,3.6558395E-5,0.0020803404,0.0023566664,0.002466083,1.0464286,1.0967518E-4
