Magnitude,1 wk TI Prob,1 wk TD Prob,1 wk ETAS Prob,1 wk ETAS/TD Gain,1 wk ETAS Triggered Only,1 mo TI Prob,1 mo TD Prob,1 mo ETAS Prob,1 mo ETAS/TD Gain,1 mo ETAS Triggered Only,1 yr TI Prob,1 yr TD Prob,1 yr ETAS Prob,1 yr ETAS/TD Gain,1 yr ETAS Triggered Only,10 yr TI Prob,10 yr TD Prob,10 yr ETAS Prob,10 yr ETAS/TD Gain,10 yr ETAS Triggered Only
6.0,1.9621975E-5,2.2100037E-5,2.2100037E-5,1.0,0.0,8.4091465E-5,9.471177E-5,1.4761681E-4,1.5585899,5.2910054E-5,0.0010233327,0.0011526408,0.001311188,1.1375513,1.5873015E-4,0.01018633,0.011479938,0.011898359,1.036448,4.2328043E-4
6.1,1.9621975E-5,2.2100037E-5,2.2100037E-5,1.0,0.0,8.4091465E-5,9.471177E-5,1.4761681E-4,1.5585899,5.2910054E-5,0.0010233327,0.0011526408,0.001311188,1.1375513,1.5873015E-4,0.01018633,0.011479938,0.011898359,1.036448,4.2328043E-4
6.2,9.9971285E-6,1.1257143E-5,1.1257143E-5,1.0,0.0,4.2844134E-5,4.8244303E-5,4.8244303E-5,1.0,0.0,5.2150246E-4,5.872681E-4,6.9302606E-4,1.1800846,1.0582011E-4,0.0052028033,0.005862268,0.0061778673,1.0538357,3.174603E-4
6.3,9.589428E-6,1.0799791E-5,1.0799791E-5,1.0,0.0,4.10969E-5,4.628429E-5,4.628429E-5,1.0,0.0,5.002399E-4,5.634174E-4,6.691779E-4,1.1877126,1.0582011E-4,0.0049911533,0.0056249807,0.0059406552,1.0561202,3.174603E-4
6.4,9.589428E-6,1.0799791E-5,1.0799791E-5,1.0,0.0,4.10969E-5,4.628429E-5,4.628429E-5,1.0,0.0,5.002399E-4,5.634174E-4,6.691779E-4,1.1877126,1.0582011E-4,0.0049911533,0.0056249807,0.0059406552,1.0561202,3.174603E-4
6.5,5.557707E-6,6.286475E-6,6.286475E-6,1.0,0.0,2.3818526E-5,2.6941909E-5,2.6941909E-5,1.0,0.0,2.8995197E-4,3.2799525E-4,4.3378066E-4,1.3225211,1.0582011E-4,0.0028957394,0.0032777486,0.0035414316,1.0804464,2.6455027E-4
6.6,4.8742945E-6,5.5140567E-6,5.5140567E-6,1.0,0.0,2.0889667E-5,2.3631605E-5,2.3631605E-5,1.0,0.0,2.54302E-4,2.87703E-4,3.9349266E-4,1.3677044,1.0582011E-4,0.002540112,0.002875875,0.0031396644,1.091725,2.6455027E-4
6.7,3.991108E-6,4.5165402E-6,4.5165402E-6,1.0,0.0,1.7104636E-5,1.9356601E-5,1.9356601E-5,1.0,0.0,2.0822904E-4,2.3566662E-4,3.414618E-4,1.4489187,1.0582011E-4,0.0020803404,0.0023566664,0.0025678077,1.0895933,2.1164022E-4
