Magnitude,1 wk TI Prob,1 wk TD Prob,1 wk ETAS Prob,1 wk ETAS/TD Gain,1 wk ETAS Triggered Only,1 mo TI Prob,1 mo TD Prob,1 mo ETAS Prob,1 mo ETAS/TD Gain,1 mo ETAS Triggered Only,1 yr TI Prob,1 yr TD Prob,1 yr ETAS Prob,1 yr ETAS/TD Gain,1 yr ETAS Triggered Only,10 yr TI Prob,10 yr TD Prob,10 yr ETAS Prob,10 yr ETAS/TD Gain,10 yr ETAS Triggered Only
6.0,2.233523E-5,2.5109888E-5,2.5109888E-5,1.0,0.0,9.571891E-5,1.07610314E-4,1.07610314E-4,1.0,0.0,0.0011647546,0.0013095363,0.0013378679,1.0216348,2.8368795E-5,0.011586686,0.013034798,0.013076796,1.003222,4.255319E-5
6.1,2.233523E-5,2.5109888E-5,2.5109888E-5,1.0,0.0,9.571891E-5,1.07610314E-4,1.07610314E-4,1.0,0.0,0.0011647546,0.0013095363,0.0013378679,1.0216348,2.8368795E-5,0.011586686,0.013034798,0.013076796,1.003222,4.255319E-5
6.2,2.233523E-5,2.5109888E-5,2.5109888E-5,1.0,0.0,9.571891E-5,1.07610314E-4,1.07610314E-4,1.0,0.0,0.0011647546,0.0013095363,0.0013378679,1.0216348,2.8368795E-5,0.011586686,0.013034798,0.013076796,1.003222,4.255319E-5
6.3,2.233523E-5,2.5109888E-5,2.5109888E-5,1.0,0.0,9.571891E-5,1.07610314E-4,1.07610314E-4,1.0,0.0,0.0011647546,0.0013095363,0.0013378679,1.0216348,2.8368795E-5,0.011586686,0.013034798,0.013076796,1.003222,4.255319E-5
6.4,1.2288092E-5,1.3782884E-5,1.3782884E-5,1.0,0.0,5.2662188E-5,5.9068694E-5,5.9068694E-5,1.0,0.0,6.409735E-4,7.190179E-4,7.473663E-4,1.0394266,2.8368795E-5,0.006391279,0.007176124,0.0072183716,1.0058873,4.255319E-5
6.5,1.2288092E-5,1.3782884E-5,1.3782884E-5,1.0,0.0,5.2662188E-5,5.9068694E-5,5.9068694E-5,1.0,0.0,6.409735E-4,7.190179E-4,7.473663E-4,1.0394266,2.8368795E-5,0.006391279,0.007176124,0.0072183716,1.0058873,4.255319E-5
6.6,8.58281E-6,9.635021E-6,9.635021E-6,1.0,0.0,3.6782953E-5,4.1292766E-5,4.1292766E-5,1.0,0.0,4.4774043E-4,5.027067E-4,5.310612E-4,1.0564038,2.8368795E-5,0.0044683935,0.005023857,0.0050520836,1.0056185,2.8368795E-5
6.7,7.205685E-6,8.089353E-6,8.089353E-6,1.0,0.0,3.088114E-5,3.4668654E-5,3.4668654E-5,1.0,0.0,3.7591302E-4,4.2209087E-4,4.362693E-4,1.0335909,1.41843975E-5,0.0037527776,0.004220909,0.0042350334,1.0033463,1.41843975E-5
