Magnitude,1 wk TI Prob,1 wk TD Prob,1 wk ETAS Prob,1 wk ETAS/TD Gain,1 wk ETAS Triggered Only,1 mo TI Prob,1 mo TD Prob,1 mo ETAS Prob,1 mo ETAS/TD Gain,1 mo ETAS Triggered Only,1 yr TI Prob,1 yr TD Prob,1 yr ETAS Prob,1 yr ETAS/TD Gain,1 yr ETAS Triggered Only,10 yr TI Prob,10 yr TD Prob,10 yr ETAS Prob,10 yr ETAS/TD Gain,10 yr ETAS Triggered Only
6.0,8.258278E-6,8.551587E-6,8.551587E-6,1.0,0.0,3.539214E-5,3.6649242E-5,5.083312E-5,1.3870169,1.41843975E-5,4.308141E-4,4.4613107E-4,4.8866525E-4,1.0953401,4.255319E-5,0.0042997985,0.004454112,0.0046094456,1.0348742,1.5602837E-4
6.1,3.649988E-6,3.7754537E-6,3.7754537E-6,1.0,0.0,1.5642712E-5,1.6180442E-5,1.6180442E-5,1.0,0.0,1.9043336E-4,1.9698383E-4,2.1116545E-4,1.0719937,1.41843975E-5,0.0019027026,0.0019685596,0.002011029,1.0215739,4.255319E-5
6.2,3.649988E-6,3.7754537E-6,3.7754537E-6,1.0,0.0,1.5642712E-5,1.6180442E-5,1.6180442E-5,1.0,0.0,1.9043336E-4,1.9698383E-4,2.1116545E-4,1.0719937,1.41843975E-5,0.0019027026,0.0019685596,0.002011029,1.0215739,4.255319E-5
6.3,1.3924937E-6,1.4411701E-6,1.4411701E-6,1.0,0.0,5.9678164E-6,6.1764363E-6,6.1764363E-6,1.0,0.0,7.265574E-5,7.5196935E-5,8.9380264E-5,1.1886158,1.41843975E-5,7.263199E-4,7.5185363E-4,7.802011E-4,1.0377034,2.8368795E-5
6.4,1.3924937E-6,1.4411701E-6,1.4411701E-6,1.0,0.0,5.9678164E-6,6.1764363E-6,6.1764363E-6,1.0,0.0,7.265574E-5,7.5196935E-5,8.9380264E-5,1.1886158,1.41843975E-5,7.263199E-4,7.5185363E-4,7.802011E-4,1.0377034,2.8368795E-5
6.5,9.876812E-7,1.0222291E-6,1.0222291E-6,1.0,0.0,4.2329125E-6,4.380982E-6,4.380982E-6,1.0,0.0,5.153449E-5,5.3338455E-5,5.3338455E-5,1.0,0.0,5.1522546E-4,5.3338456E-4,5.475614E-4,1.026579,1.41843975E-5
