Magnitude,1 wk TI Prob,1 wk TD Prob,1 wk ETAS Prob,1 wk ETAS/TD Gain,1 wk ETAS Triggered Only,1 mo TI Prob,1 mo TD Prob,1 mo ETAS Prob,1 mo ETAS/TD Gain,1 mo ETAS Triggered Only,1 yr TI Prob,1 yr TD Prob,1 yr ETAS Prob,1 yr ETAS/TD Gain,1 yr ETAS Triggered Only,10 yr TI Prob,10 yr TD Prob,10 yr ETAS Prob,10 yr ETAS/TD Gain,10 yr ETAS Triggered Only
6.0,4.5215784E-6,4.6811892E-6,4.6811892E-6,1.0,0.0,1.9378049E-5,2.0062238E-5,2.8671253E-5,1.4291153,8.609186E-6,2.359022E-4,2.4425777E-4,2.6147193E-4,1.0704755,1.7218372E-5,0.0023565195,0.0024425776,0.0024769302,1.0140641,3.4436744E-5
6.1,4.5215784E-6,4.6811892E-6,4.6811892E-6,1.0,0.0,1.9378049E-5,2.0062238E-5,2.8671253E-5,1.4291153,8.609186E-6,2.359022E-4,2.4425777E-4,2.6147193E-4,1.0704755,1.7218372E-5,0.0023565195,0.0024425776,0.0024769302,1.0140641,3.4436744E-5
6.2,4.5215784E-6,4.6811892E-6,4.6811892E-6,1.0,0.0,1.9378049E-5,2.0062238E-5,2.8671253E-5,1.4291153,8.609186E-6,2.359022E-4,2.4425777E-4,2.6147193E-4,1.0704755,1.7218372E-5,0.0023565195,0.0024425776,0.0024769302,1.0140641,3.4436744E-5
6.3,4.5215784E-6,4.6811892E-6,4.6811892E-6,1.0,0.0,1.9378049E-5,2.0062238E-5,2.8671253E-5,1.4291153,8.609186E-6,2.359022E-4,2.4425777E-4,2.6147193E-4,1.0704755,1.7218372E-5,0.0023565195,0.0024425776,0.0024769302,1.0140641,3.4436744E-5
6.4,4.5215784E-6,4.6811892E-6,4.6811892E-6,1.0,0.0,1.9378049E-5,2.0062238E-5,2.8671253E-5,1.4291153,8.609186E-6,2.359022E-4,2.4425777E-4,2.6147193E-4,1.0704755,1.7218372E-5,0.0023565195,0.0024425776,0.0024769302,1.0140641,3.4436744E-5
6.5,4.5215784E-6,4.6811892E-6,4.6811892E-6,1.0,0.0,1.9378049E-5,2.0062238E-5,2.8671253E-5,1.4291153,8.609186E-6,2.359022E-4,2.4425777E-4,2.6147193E-4,1.0704755,1.7218372E-5,0.0023565195,0.0024425776,0.0024769302,1.0140641,3.4436744E-5
