Magnitude,1 wk TI Prob,1 wk TD Prob,1 wk ETAS Prob,1 wk ETAS/TD Gain,1 wk ETAS Triggered Only,1 mo TI Prob,1 mo TD Prob,1 mo ETAS Prob,1 mo ETAS/TD Gain,1 mo ETAS Triggered Only,1 yr TI Prob,1 yr TD Prob,1 yr ETAS Prob,1 yr ETAS/TD Gain,1 yr ETAS Triggered Only,10 yr TI Prob,10 yr TD Prob,10 yr ETAS Prob,10 yr ETAS/TD Gain,10 yr ETAS Triggered Only
6.0,2.1665033E-5,2.5894844E-5,4.9845516E-5,1.9249206,2.3951292E-5,9.2846836E-5,1.10977904E-4,1.4929572E-4,1.3452743,3.832207E-5,0.001129824,0.0013511538,0.001437262,1.0637293,8.622465E-5,0.01124097,0.013511333,0.013643648,1.0097929,1.3412724E-4
6.1,2.1665033E-5,2.5894844E-5,4.9845516E-5,1.9249206,2.3951292E-5,9.2846836E-5,1.10977904E-4,1.4929572E-4,1.3452743,3.832207E-5,0.001129824,0.0013511538,0.001437262,1.0637293,8.622465E-5,0.01124097,0.013511333,0.013643648,1.0097929,1.3412724E-4
6.2,2.1665033E-5,2.5894844E-5,4.9845516E-5,1.9249206,2.3951292E-5,9.2846836E-5,1.10977904E-4,1.4929572E-4,1.3452743,3.832207E-5,0.001129824,0.0013511538,0.001437262,1.0637293,8.622465E-5,0.01124097,0.013511333,0.013643648,1.0097929,1.3412724E-4
6.3,2.1665033E-5,2.5894844E-5,4.9845516E-5,1.9249206,2.3951292E-5,9.2846836E-5,1.10977904E-4,1.4929572E-4,1.3452743,3.832207E-5,0.001129824,0.0013511538,0.001437262,1.0637293,8.622465E-5,0.01124097,0.013511333,0.013643648,1.0097929,1.3412724E-4
6.4,2.1665033E-5,2.5894844E-5,4.9845516E-5,1.9249206,2.3951292E-5,9.2846836E-5,1.10977904E-4,1.4929572E-4,1.3452743,3.832207E-5,0.001129824,0.0013511538,0.001437262,1.0637293,8.622465E-5,0.01124097,0.013511333,0.013643648,1.0097929,1.3412724E-4
6.5,2.1665033E-5,2.5894844E-5,4.9845516E-5,1.9249206,2.3951292E-5,9.2846836E-5,1.10977904E-4,1.4929572E-4,1.3452743,3.832207E-5,0.001129824,0.0013511538,0.001437262,1.0637293,8.622465E-5,0.01124097,0.013511333,0.013643648,1.0097929,1.3412724E-4
