Magnitude,1 wk TI Prob,1 wk TD Prob,1 wk ETAS Prob,1 wk ETAS/TD Gain,1 wk ETAS Triggered Only,1 mo TI Prob,1 mo TD Prob,1 mo ETAS Prob,1 mo ETAS/TD Gain,1 mo ETAS Triggered Only,1 yr TI Prob,1 yr TD Prob,1 yr ETAS Prob,1 yr ETAS/TD Gain,1 yr ETAS Triggered Only,10 yr TI Prob,10 yr TD Prob,10 yr ETAS Prob,10 yr ETAS/TD Gain,10 yr ETAS Triggered Only
6.0,1.1112015E-5,1.2128283E-5,3.347274E-5,2.7598913,2.1344717E-5,4.7622052E-5,5.1978353E-5,8.3993764E-5,1.6159374,3.2017077E-5,5.796442E-4,6.328364E-4,7.181613E-4,1.1348292,8.5378866E-5,0.0057813465,0.0063283644,0.006476832,1.0234606,1.4941303E-4
6.1,1.1112015E-5,1.2128283E-5,3.347274E-5,2.7598913,2.1344717E-5,4.7622052E-5,5.1978353E-5,8.3993764E-5,1.6159374,3.2017077E-5,5.796442E-4,6.328364E-4,7.181613E-4,1.1348292,8.5378866E-5,0.0057813465,0.0063283644,0.006476832,1.0234606,1.4941303E-4
6.2,1.1112015E-5,1.2128283E-5,3.347274E-5,2.7598913,2.1344717E-5,4.7622052E-5,5.1978353E-5,8.3993764E-5,1.6159374,3.2017077E-5,5.796442E-4,6.328364E-4,7.181613E-4,1.1348292,8.5378866E-5,0.0057813465,0.0063283644,0.006476832,1.0234606,1.4941303E-4
6.3,1.1112015E-5,1.2128283E-5,3.347274E-5,2.7598913,2.1344717E-5,4.7622052E-5,5.1978353E-5,8.3993764E-5,1.6159374,3.2017077E-5,5.796442E-4,6.328364E-4,7.181613E-4,1.1348292,8.5378866E-5,0.0057813465,0.0063283644,0.006476832,1.0234606,1.4941303E-4
6.4,1.1112015E-5,1.2128283E-5,3.347274E-5,2.7598913,2.1344717E-5,4.7622052E-5,5.1978353E-5,8.3993764E-5,1.6159374,3.2017077E-5,5.796442E-4,6.328364E-4,7.181613E-4,1.1348292,8.5378866E-5,0.0057813465,0.0063283644,0.006476832,1.0234606,1.4941303E-4
6.5,1.1112015E-5,1.2128283E-5,3.347274E-5,2.7598913,2.1344717E-5,4.7622052E-5,5.1978353E-5,8.3993764E-5,1.6159374,3.2017077E-5,5.796442E-4,6.328364E-4,7.181613E-4,1.1348292,8.5378866E-5,0.0057813465,0.0063283644,0.006476832,1.0234606,1.4941303E-4
