Magnitude,1 wk TI Prob,1 wk TD Prob,1 wk ETAS Prob,1 wk ETAS/TD Gain,1 wk ETAS Triggered Only,1 mo TI Prob,1 mo TD Prob,1 mo ETAS Prob,1 mo ETAS/TD Gain,1 mo ETAS Triggered Only,1 yr TI Prob,1 yr TD Prob,1 yr ETAS Prob,1 yr ETAS/TD Gain,1 yr ETAS Triggered Only,10 yr TI Prob,10 yr TD Prob,10 yr ETAS Prob,10 yr ETAS/TD Gain,10 yr ETAS Triggered Only
6.0,5.4416636E-5,8.607012E-5,1.8487187E-4,2.1479218,9.881026E-5,2.331933E-4,3.6884286E-4,5.23177E-4,1.4184277,1.5439103E-4,0.0028354323,0.0044848183,0.004826029,1.0760813,3.427481E-4,0.027995259,0.04426744,0.044878323,1.0137999,6.391789E-4
6.1,5.4416636E-5,8.607012E-5,1.8487187E-4,2.1479218,9.881026E-5,2.331933E-4,3.6884286E-4,5.23177E-4,1.4184277,1.5439103E-4,0.0028354323,0.0044848183,0.004826029,1.0760813,3.427481E-4,0.027995259,0.04426744,0.044878323,1.0137999,6.391789E-4
6.2,5.4416636E-5,8.607012E-5,1.8487187E-4,2.1479218,9.881026E-5,2.331933E-4,3.6884286E-4,5.23177E-4,1.4184277,1.5439103E-4,0.0028354323,0.0044848183,0.004826029,1.0760813,3.427481E-4,0.027995259,0.04426744,0.044878323,1.0137999,6.391789E-4
6.3,5.4416636E-5,8.607012E-5,1.8487187E-4,2.1479218,9.881026E-5,2.331933E-4,3.6884286E-4,5.23177E-4,1.4184277,1.5439103E-4,0.0028354323,0.0044848183,0.004826029,1.0760813,3.427481E-4,0.027995259,0.04426744,0.044878323,1.0137999,6.391789E-4
6.4,5.4416636E-5,8.607012E-5,1.8487187E-4,2.1479218,9.881026E-5,2.331933E-4,3.6884286E-4,5.23177E-4,1.4184277,1.5439103E-4,0.0028354323,0.0044848183,0.004826029,1.0760813,3.427481E-4,0.027995259,0.04426744,0.044878323,1.0137999,6.391789E-4
6.5,5.4416636E-5,8.607012E-5,1.8487187E-4,2.1479218,9.881026E-5,2.331933E-4,3.6884286E-4,5.23177E-4,1.4184277,1.5439103E-4,0.0028354323,0.0044848183,0.004826029,1.0760813,3.427481E-4,0.027995259,0.04426744,0.044878323,1.0137999,6.391789E-4
6.6,3.7632213E-5,5.9786213E-5,1.4006475E-4,2.34276,8.028334E-5,1.6127095E-4,2.5622663E-4,3.7353375E-4,1.4578257,1.17337186E-4,0.0019617055,0.0031189616,0.0033775296,1.082902,2.5937695E-4,0.019444784,0.031117557,0.03160521,1.0156713,5.033148E-4
6.7,3.7632213E-5,5.9786213E-5,1.4006475E-4,2.34276,8.028334E-5,1.6127095E-4,2.5622663E-4,3.7353375E-4,1.4578257,1.17337186E-4,0.0019617055,0.0031189616,0.0033775296,1.082902,2.5937695E-4,0.019444784,0.031117557,0.03160521,1.0156713,5.033148E-4
