Magnitude,1 wk TI Prob,1 wk TD Prob,1 wk ETAS Prob,1 wk ETAS/TD Gain,1 wk ETAS Triggered Only,1 mo TI Prob,1 mo TD Prob,1 mo ETAS Prob,1 mo ETAS/TD Gain,1 mo ETAS Triggered Only,1 yr TI Prob,1 yr TD Prob,1 yr ETAS Prob,1 yr ETAS/TD Gain,1 yr ETAS Triggered Only,10 yr TI Prob,10 yr TD Prob,10 yr ETAS Prob,10 yr ETAS/TD Gain,10 yr ETAS Triggered Only
6.0,7.9834055E-5,1.7647086E-4,1.8727488E-4,1.0612227,1.0805928E-5,3.421011E-4,7.562273E-4,7.6702505E-4,1.0142784,1.0805928E-5,0.0041571283,0.009193515,0.009212787,1.0020963,1.945067E-5,0.040802166,0.08864039,0.088664025,1.0002667,2.5934227E-5
6.1,7.9834055E-5,1.7647086E-4,1.8727488E-4,1.0612227,1.0805928E-5,3.421011E-4,7.562273E-4,7.6702505E-4,1.0142784,1.0805928E-5,0.0041571283,0.009193515,0.009212787,1.0020963,1.945067E-5,0.040802166,0.08864039,0.088664025,1.0002667,2.5934227E-5
6.2,7.9834055E-5,1.7647086E-4,1.8727488E-4,1.0612227,1.0805928E-5,3.421011E-4,7.562273E-4,7.6702505E-4,1.0142784,1.0805928E-5,0.0041571283,0.009193515,0.009212787,1.0020963,1.945067E-5,0.040802166,0.08864039,0.088664025,1.0002667,2.5934227E-5
6.3,7.9834055E-5,1.7647086E-4,1.8727488E-4,1.0612227,1.0805928E-5,3.421011E-4,7.562273E-4,7.6702505E-4,1.0142784,1.0805928E-5,0.0041571283,0.009193515,0.009212787,1.0020963,1.945067E-5,0.040802166,0.08864039,0.088664025,1.0002667,2.5934227E-5
6.4,7.9834055E-5,1.7647086E-4,1.8727488E-4,1.0612227,1.0805928E-5,3.421011E-4,7.562273E-4,7.6702505E-4,1.0142784,1.0805928E-5,0.0041571283,0.009193515,0.009212787,1.0020963,1.945067E-5,0.040802166,0.08864039,0.088664025,1.0002667,2.5934227E-5
6.5,7.9834055E-5,1.7647086E-4,1.8727488E-4,1.0612227,1.0805928E-5,3.421011E-4,7.562273E-4,7.6702505E-4,1.0142784,1.0805928E-5,0.0041571283,0.009193515,0.009212787,1.0020963,1.945067E-5,0.040802166,0.08864039,0.088664025,1.0002667,2.5934227E-5
6.6,6.153684E-5,1.4011236E-4,1.46595E-4,1.0462675,6.4835567E-6,2.6370265E-4,6.004815E-4,6.069612E-4,1.0107908,6.4835567E-6,0.0032058533,0.0073108627,0.007323735,1.0017607,1.2967113E-5,0.03159998,0.071543366,0.07156142,1.0002524,1.945067E-5
6.7,6.153684E-5,1.4011236E-4,1.46595E-4,1.0462675,6.4835567E-6,2.6370265E-4,6.004815E-4,6.069612E-4,1.0107908,6.4835567E-6,0.0032058533,0.0073108627,0.007323735,1.0017607,1.2967113E-5,0.03159998,0.071543366,0.07156142,1.0002524,1.945067E-5
