Magnitude,1 wk TI Prob,1 wk TD Prob,1 wk ETAS Prob,1 wk ETAS/TD Gain,1 wk ETAS Triggered Only,1 mo TI Prob,1 mo TD Prob,1 mo ETAS Prob,1 mo ETAS/TD Gain,1 mo ETAS Triggered Only,1 yr TI Prob,1 yr TD Prob,1 yr ETAS Prob,1 yr ETAS/TD Gain,1 yr ETAS Triggered Only,10 yr TI Prob,10 yr TD Prob,10 yr ETAS Prob,10 yr ETAS/TD Gain,10 yr ETAS Triggered Only
6.0,9.287573E-5,1.8282168E-4,7.3414075E-4,4.015611,5.514199E-4,3.9797812E-4,7.831635E-4,0.0013341515,1.7035415,5.514199E-4,0.0048346235,0.009502821,0.010322091,1.0862134,8.271299E-4,0.047307868,0.09186649,0.092868015,1.0109019,0.0011028398
6.1,9.287573E-5,1.8282168E-4,7.3414075E-4,4.015611,5.514199E-4,3.9797812E-4,7.831635E-4,0.0013341515,1.7035415,5.514199E-4,0.0048346235,0.009502821,0.010322091,1.0862134,8.271299E-4,0.047307868,0.09186649,0.092868015,1.0109019,0.0011028398
6.2,9.287573E-5,1.8282168E-4,7.3414075E-4,4.015611,5.514199E-4,3.9797812E-4,7.831635E-4,0.0013341515,1.7035415,5.514199E-4,0.0048346235,0.009502821,0.010322091,1.0862134,8.271299E-4,0.047307868,0.09186649,0.092868015,1.0109019,0.0011028398
6.3,9.287573E-5,1.8282168E-4,7.3414075E-4,4.015611,5.514199E-4,3.9797812E-4,7.831635E-4,0.0013341515,1.7035415,5.514199E-4,0.0048346235,0.009502821,0.010322091,1.0862134,8.271299E-4,0.047307868,0.09186649,0.092868015,1.0109019,0.0011028398
6.4,9.287573E-5,1.8282168E-4,7.3414075E-4,4.015611,5.514199E-4,3.9797812E-4,7.831635E-4,0.0013341515,1.7035415,5.514199E-4,0.0048346235,0.009502821,0.010322091,1.0862134,8.271299E-4,0.047307868,0.09186649,0.092868015,1.0109019,0.0011028398
6.5,9.287573E-5,1.8282168E-4,7.3414075E-4,4.015611,5.514199E-4,3.9797812E-4,7.831635E-4,0.0013341515,1.7035415,5.514199E-4,0.0048346235,0.009502821,0.010322091,1.0862134,8.271299E-4,0.047307868,0.09186649,0.092868015,1.0109019,0.0011028398
