Magnitude,1 wk TI Prob,1 wk TD Prob,1 wk ETAS Prob,1 wk ETAS/TD Gain,1 wk ETAS Triggered Only,1 mo TI Prob,1 mo TD Prob,1 mo ETAS Prob,1 mo ETAS/TD Gain,1 mo ETAS Triggered Only,1 yr TI Prob,1 yr TD Prob,1 yr ETAS Prob,1 yr ETAS/TD Gain,1 yr ETAS Triggered Only,10 yr TI Prob,10 yr TD Prob,10 yr ETAS Prob,10 yr ETAS/TD Gain,10 yr ETAS Triggered Only
6.0,9.287573E-5,1.8282168E-4,3.647884E-4,1.9953235,1.82E-4,3.9797812E-4,7.831635E-4,0.0010919215,1.3942447,3.09E-4,0.0048346235,0.009502821,0.010120891,1.0650407,6.24E-4,0.047307868,0.09186649,0.09279188,1.0100732,0.001019
6.1,9.287573E-5,1.8282168E-4,3.647884E-4,1.9953235,1.82E-4,3.9797812E-4,7.831635E-4,0.0010919215,1.3942447,3.09E-4,0.0048346235,0.009502821,0.010120891,1.0650407,6.24E-4,0.047307868,0.09186649,0.09279188,1.0100732,0.001019
6.2,9.287573E-5,1.8282168E-4,3.647884E-4,1.9953235,1.82E-4,3.9797812E-4,7.831635E-4,0.0010919215,1.3942447,3.09E-4,0.0048346235,0.009502821,0.010120891,1.0650407,6.24E-4,0.047307868,0.09186649,0.09279188,1.0100732,0.001019
6.3,9.287573E-5,1.8282168E-4,3.647884E-4,1.9953235,1.82E-4,3.9797812E-4,7.831635E-4,0.0010919215,1.3942447,3.09E-4,0.0048346235,0.009502821,0.010120891,1.0650407,6.24E-4,0.047307868,0.09186649,0.09279188,1.0100732,0.001019
6.4,9.287573E-5,1.8282168E-4,3.647884E-4,1.9953235,1.82E-4,3.9797812E-4,7.831635E-4,0.0010919215,1.3942447,3.09E-4,0.0048346235,0.009502821,0.010120891,1.0650407,6.24E-4,0.047307868,0.09186649,0.09279188,1.0100732,0.001019
6.5,9.287573E-5,1.8282168E-4,3.647884E-4,1.9953235,1.82E-4,3.9797812E-4,7.831635E-4,0.0010919215,1.3942447,3.09E-4,0.0048346235,0.009502821,0.010120891,1.0650407,6.24E-4,0.047307868,0.09186649,0.09279188,1.0100732,0.001019
