Magnitude,1 wk TI Prob,1 wk TD Prob,1 wk ETAS Prob,1 wk ETAS/TD Gain,1 wk ETAS Triggered Only,1 mo TI Prob,1 mo TD Prob,1 mo ETAS Prob,1 mo ETAS/TD Gain,1 mo ETAS Triggered Only,1 yr TI Prob,1 yr TD Prob,1 yr ETAS Prob,1 yr ETAS/TD Gain,1 yr ETAS Triggered Only,10 yr TI Prob,10 yr TD Prob,10 yr ETAS Prob,10 yr ETAS/TD Gain,10 yr ETAS Triggered Only
6.0,9.287573E-5,1.8282168E-4,4.195048E-4,2.294612,2.3672641E-4,3.9797812E-4,7.831635E-4,0.0011548707,1.4746228,3.7199864E-4,0.0048346235,0.009502821,0.010306742,1.0845981,8.116334E-4,0.047307868,0.09186649,0.09301817,1.0125364,0.0012681772
6.1,9.287573E-5,1.8282168E-4,4.195048E-4,2.294612,2.3672641E-4,3.9797812E-4,7.831635E-4,0.0011548707,1.4746228,3.7199864E-4,0.0048346235,0.009502821,0.010306742,1.0845981,8.116334E-4,0.047307868,0.09186649,0.09301817,1.0125364,0.0012681772
6.2,9.287573E-5,1.8282168E-4,4.195048E-4,2.294612,2.3672641E-4,3.9797812E-4,7.831635E-4,0.0011548707,1.4746228,3.7199864E-4,0.0048346235,0.009502821,0.010306742,1.0845981,8.116334E-4,0.047307868,0.09186649,0.09301817,1.0125364,0.0012681772
6.3,9.287573E-5,1.8282168E-4,4.195048E-4,2.294612,2.3672641E-4,3.9797812E-4,7.831635E-4,0.0011548707,1.4746228,3.7199864E-4,0.0048346235,0.009502821,0.010306742,1.0845981,8.116334E-4,0.047307868,0.09186649,0.09301817,1.0125364,0.0012681772
6.4,9.287573E-5,1.8282168E-4,4.195048E-4,2.294612,2.3672641E-4,3.9797812E-4,7.831635E-4,0.0011548707,1.4746228,3.7199864E-4,0.0048346235,0.009502821,0.010306742,1.0845981,8.116334E-4,0.047307868,0.09186649,0.09301817,1.0125364,0.0012681772
6.5,9.287573E-5,1.8282168E-4,4.195048E-4,2.294612,2.3672641E-4,3.9797812E-4,7.831635E-4,0.0011548707,1.4746228,3.7199864E-4,0.0048346235,0.009502821,0.010306742,1.0845981,8.116334E-4,0.047307868,0.09186649,0.09301817,1.0125364,0.0012681772
