Magnitude,1 wk TI Prob,1 wk TD Prob,1 wk ETAS Prob,1 wk ETAS/TD Gain,1 wk ETAS Triggered Only,1 mo TI Prob,1 mo TD Prob,1 mo ETAS Prob,1 mo ETAS/TD Gain,1 mo ETAS Triggered Only,1 yr TI Prob,1 yr TD Prob,1 yr ETAS Prob,1 yr ETAS/TD Gain,1 yr ETAS Triggered Only,10 yr TI Prob,10 yr TD Prob,10 yr ETAS Prob,10 yr ETAS/TD Gain,10 yr ETAS Triggered Only
6.0,9.287573E-5,1.8282168E-4,5.0421443E-4,2.7579577,3.2145155E-4,3.9797812E-4,7.831635E-4,0.0012114298,1.5468416,4.2860204E-4,0.0048346235,0.009502821,0.010387257,1.0930709,8.9292094E-4,0.047307868,0.09186649,0.09306661,1.0130638,0.001321523
6.1,9.287573E-5,1.8282168E-4,5.0421443E-4,2.7579577,3.2145155E-4,3.9797812E-4,7.831635E-4,0.0012114298,1.5468416,4.2860204E-4,0.0048346235,0.009502821,0.010387257,1.0930709,8.9292094E-4,0.047307868,0.09186649,0.09306661,1.0130638,0.001321523
6.2,9.287573E-5,1.8282168E-4,5.0421443E-4,2.7579577,3.2145155E-4,3.9797812E-4,7.831635E-4,0.0012114298,1.5468416,4.2860204E-4,0.0048346235,0.009502821,0.010387257,1.0930709,8.9292094E-4,0.047307868,0.09186649,0.09306661,1.0130638,0.001321523
6.3,9.287573E-5,1.8282168E-4,5.0421443E-4,2.7579577,3.2145155E-4,3.9797812E-4,7.831635E-4,0.0012114298,1.5468416,4.2860204E-4,0.0048346235,0.009502821,0.010387257,1.0930709,8.9292094E-4,0.047307868,0.09186649,0.09306661,1.0130638,0.001321523
6.4,9.287573E-5,1.8282168E-4,5.0421443E-4,2.7579577,3.2145155E-4,3.9797812E-4,7.831635E-4,0.0012114298,1.5468416,4.2860204E-4,0.0048346235,0.009502821,0.010387257,1.0930709,8.9292094E-4,0.047307868,0.09186649,0.09306661,1.0130638,0.001321523
6.5,9.287573E-5,1.8282168E-4,5.0421443E-4,2.7579577,3.2145155E-4,3.9797812E-4,7.831635E-4,0.0012114298,1.5468416,4.2860204E-4,0.0048346235,0.009502821,0.010387257,1.0930709,8.9292094E-4,0.047307868,0.09186649,0.09306661,1.0130638,0.001321523
