Magnitude,1 wk TI Prob,1 wk TD Prob,1 wk ETAS Prob,1 wk ETAS/TD Gain,1 wk ETAS Triggered Only,1 mo TI Prob,1 mo TD Prob,1 mo ETAS Prob,1 mo ETAS/TD Gain,1 mo ETAS Triggered Only,1 yr TI Prob,1 yr TD Prob,1 yr ETAS Prob,1 yr ETAS/TD Gain,1 yr ETAS Triggered Only,10 yr TI Prob,10 yr TD Prob,10 yr ETAS Prob,10 yr ETAS/TD Gain,10 yr ETAS Triggered Only
6.0,9.287573E-5,1.8282168E-4,5.4363627E-4,2.9735875,3.6088054E-4,3.9797812E-4,7.831635E-4,0.0012789856,1.6331017,4.9621076E-4,0.0048346235,0.009502821,0.010485812,1.103442,9.924215E-4,0.047307868,0.09186649,0.0931774,1.0142697,0.0014435222
6.1,9.287573E-5,1.8282168E-4,5.4363627E-4,2.9735875,3.6088054E-4,3.9797812E-4,7.831635E-4,0.0012789856,1.6331017,4.9621076E-4,0.0048346235,0.009502821,0.010485812,1.103442,9.924215E-4,0.047307868,0.09186649,0.0931774,1.0142697,0.0014435222
6.2,9.287573E-5,1.8282168E-4,5.4363627E-4,2.9735875,3.6088054E-4,3.9797812E-4,7.831635E-4,0.0012789856,1.6331017,4.9621076E-4,0.0048346235,0.009502821,0.010485812,1.103442,9.924215E-4,0.047307868,0.09186649,0.0931774,1.0142697,0.0014435222
6.3,9.287573E-5,1.8282168E-4,5.4363627E-4,2.9735875,3.6088054E-4,3.9797812E-4,7.831635E-4,0.0012789856,1.6331017,4.9621076E-4,0.0048346235,0.009502821,0.010485812,1.103442,9.924215E-4,0.047307868,0.09186649,0.0931774,1.0142697,0.0014435222
6.4,9.287573E-5,1.8282168E-4,5.4363627E-4,2.9735875,3.6088054E-4,3.9797812E-4,7.831635E-4,0.0012789856,1.6331017,4.9621076E-4,0.0048346235,0.009502821,0.010485812,1.103442,9.924215E-4,0.047307868,0.09186649,0.0931774,1.0142697,0.0014435222
6.5,9.287573E-5,1.8282168E-4,5.4363627E-4,2.9735875,3.6088054E-4,3.9797812E-4,7.831635E-4,0.0012789856,1.6331017,4.9621076E-4,0.0048346235,0.009502821,0.010485812,1.103442,9.924215E-4,0.047307868,0.09186649,0.0931774,1.0142697,0.0014435222
