Magnitude,1 wk TI Prob,1 wk TD Prob,1 wk ETAS Prob,1 wk ETAS/TD Gain,1 wk ETAS Triggered Only,1 mo TI Prob,1 mo TD Prob,1 mo ETAS Prob,1 mo ETAS/TD Gain,1 mo ETAS Triggered Only,1 yr TI Prob,1 yr TD Prob,1 yr ETAS Prob,1 yr ETAS/TD Gain,1 yr ETAS Triggered Only,10 yr TI Prob,10 yr TD Prob,10 yr ETAS Prob,10 yr ETAS/TD Gain,10 yr ETAS Triggered Only
6.0,1.5918817E-5,1.7845163E-5,3.1844913E-5,1.7845123,1.4E-5,6.8221714E-5,7.64782E-5,9.4476825E-5,1.2353432,1.8E-5,8.3028286E-4,9.3093317E-4,9.56909E-4,1.027903,2.6E-5,0.008271876,0.009290814,0.009328461,1.004052,3.8E-5
6.1,1.5918817E-5,1.7845163E-5,3.1844913E-5,1.7845123,1.4E-5,6.8221714E-5,7.64782E-5,9.4476825E-5,1.2353432,1.8E-5,8.3028286E-4,9.3093317E-4,9.56909E-4,1.027903,2.6E-5,0.008271876,0.009290814,0.009328461,1.004052,3.8E-5
6.2,1.5918817E-5,1.7845163E-5,3.1844913E-5,1.7845123,1.4E-5,6.8221714E-5,7.64782E-5,9.4476825E-5,1.2353432,1.8E-5,8.3028286E-4,9.3093317E-4,9.56909E-4,1.027903,2.6E-5,0.008271876,0.009290814,0.009328461,1.004052,3.8E-5
6.3,1.5918817E-5,1.7845163E-5,3.1844913E-5,1.7845123,1.4E-5,6.8221714E-5,7.64782E-5,9.4476825E-5,1.2353432,1.8E-5,8.3028286E-4,9.3093317E-4,9.56909E-4,1.027903,2.6E-5,0.008271876,0.009290814,0.009328461,1.004052,3.8E-5
6.4,1.5918817E-5,1.7845163E-5,3.1844913E-5,1.7845123,1.4E-5,6.8221714E-5,7.64782E-5,9.4476825E-5,1.2353432,1.8E-5,8.3028286E-4,9.3093317E-4,9.56909E-4,1.027903,2.6E-5,0.008271876,0.009290814,0.009328461,1.004052,3.8E-5
6.5,1.5918817E-5,1.7845163E-5,3.1844913E-5,1.7845123,1.4E-5,6.8221714E-5,7.64782E-5,9.4476825E-5,1.2353432,1.8E-5,8.3028286E-4,9.3093317E-4,9.56909E-4,1.027903,2.6E-5,0.008271876,0.009290814,0.009328461,1.004052,3.8E-5
6.6,1.1008706E-5,1.2328163E-5,2.232804E-5,1.8111409,1.0E-5,4.7179317E-5,5.2834985E-5,6.483435E-5,1.2271103,1.2E-5,5.7425676E-4,6.4326596E-4,6.632531E-4,1.0310713,2.0E-5,0.0057277507,0.0064326595,0.0064604795,1.0043248,2.8E-5
6.7,1.1008706E-5,1.2328163E-5,2.232804E-5,1.8111409,1.0E-5,4.7179317E-5,5.2834985E-5,6.483435E-5,1.2271103,1.2E-5,5.7425676E-4,6.4326596E-4,6.632531E-4,1.0310713,2.0E-5,0.0057277507,0.0064326595,0.0064604795,1.0043248,2.8E-5
