Magnitude,1 wk TI Prob,1 wk TD Prob,1 wk ETAS Prob,1 wk ETAS/TD Gain,1 wk ETAS Triggered Only,1 mo TI Prob,1 mo TD Prob,1 mo ETAS Prob,1 mo ETAS/TD Gain,1 mo ETAS Triggered Only,1 yr TI Prob,1 yr TD Prob,1 yr ETAS Prob,1 yr ETAS/TD Gain,1 yr ETAS Triggered Only,10 yr TI Prob,10 yr TD Prob,10 yr ETAS Prob,10 yr ETAS/TD Gain,10 yr ETAS Triggered Only
6.0,3.5437843E-5,4.817542E-5,5.296545E-5,1.0994289,4.7902586E-6,1.5186763E-4,2.064661E-4,2.1604463E-4,1.0463928,9.580517E-6,0.0018474202,0.0025134909,0.0025230474,1.0038021,9.580517E-6,0.018321373,0.025109923,0.025119264,1.0003719,9.580517E-6
6.1,3.5437843E-5,4.817542E-5,5.296545E-5,1.0994289,4.7902586E-6,1.5186763E-4,2.064661E-4,2.1604463E-4,1.0463928,9.580517E-6,0.0018474202,0.0025134909,0.0025230474,1.0038021,9.580517E-6,0.018321373,0.025109923,0.025119264,1.0003719,9.580517E-6
6.2,3.5437843E-5,4.817542E-5,5.296545E-5,1.0994289,4.7902586E-6,1.5186763E-4,2.064661E-4,2.1604463E-4,1.0463928,9.580517E-6,0.0018474202,0.0025134909,0.0025230474,1.0038021,9.580517E-6,0.018321373,0.025109923,0.025119264,1.0003719,9.580517E-6
6.3,3.5437843E-5,4.817542E-5,5.296545E-5,1.0994289,4.7902586E-6,1.5186763E-4,2.064661E-4,2.1604463E-4,1.0463928,9.580517E-6,0.0018474202,0.0025134909,0.0025230474,1.0038021,9.580517E-6,0.018321373,0.025109923,0.025119264,1.0003719,9.580517E-6
6.4,3.5437843E-5,4.817542E-5,5.296545E-5,1.0994289,4.7902586E-6,1.5186763E-4,2.064661E-4,2.1604463E-4,1.0463928,9.580517E-6,0.0018474202,0.0025134909,0.0025230474,1.0038021,9.580517E-6,0.018321373,0.025109923,0.025119264,1.0003719,9.580517E-6
6.5,3.5437843E-5,4.817542E-5,5.296545E-5,1.0994289,4.7902586E-6,1.5186763E-4,2.064661E-4,2.1604463E-4,1.0463928,9.580517E-6,0.0018474202,0.0025134909,0.0025230474,1.0038021,9.580517E-6,0.018321373,0.025109923,0.025119264,1.0003719,9.580517E-6
6.6,3.5437843E-5,4.817542E-5,5.296545E-5,1.0994289,4.7902586E-6,1.5186763E-4,2.064661E-4,2.1604463E-4,1.0463928,9.580517E-6,0.0018474202,0.0025134909,0.0025230474,1.0038021,9.580517E-6,0.018321373,0.025109923,0.025119264,1.0003719,9.580517E-6
