Magnitude,1 wk TI Prob,1 wk TD Prob,1 wk ETAS Prob,1 wk ETAS/TD Gain,1 wk ETAS Triggered Only,1 mo TI Prob,1 mo TD Prob,1 mo ETAS Prob,1 mo ETAS/TD Gain,1 mo ETAS Triggered Only,1 yr TI Prob,1 yr TD Prob,1 yr ETAS Prob,1 yr ETAS/TD Gain,1 yr ETAS Triggered Only,10 yr TI Prob,10 yr TD Prob,10 yr ETAS Prob,10 yr ETAS/TD Gain,10 yr ETAS Triggered Only
6.0,2.4686513E-5,3.0328916E-5,1.0176042E-4,3.355228,7.143367E-5,1.0579505E-4,1.2998107E-4,2.0140545E-4,1.5494984,7.143367E-5,0.0012872935,0.0015825125,0.0017251538,1.0901359,1.4286734E-4,0.01279862,0.015824199,0.015964804,1.0088855,1.4286734E-4
6.1,2.4686513E-5,3.0328916E-5,1.0176042E-4,3.355228,7.143367E-5,1.0579505E-4,1.2998107E-4,2.0140545E-4,1.5494984,7.143367E-5,0.0012872935,0.0015825125,0.0017251538,1.0901359,1.4286734E-4,0.01279862,0.015824199,0.015964804,1.0088855,1.4286734E-4
6.2,2.4686513E-5,3.0328916E-5,1.0176042E-4,3.355228,7.143367E-5,1.0579505E-4,1.2998107E-4,2.0140545E-4,1.5494984,7.143367E-5,0.0012872935,0.0015825125,0.0017251538,1.0901359,1.4286734E-4,0.01279862,0.015824199,0.015964804,1.0088855,1.4286734E-4
6.3,2.4686513E-5,3.0328916E-5,1.0176042E-4,3.355228,7.143367E-5,1.0579505E-4,1.2998107E-4,2.0140545E-4,1.5494984,7.143367E-5,0.0012872935,0.0015825125,0.0017251538,1.0901359,1.4286734E-4,0.01279862,0.015824199,0.015964804,1.0088855,1.4286734E-4
6.4,2.4686513E-5,3.0328916E-5,1.0176042E-4,3.355228,7.143367E-5,1.0579505E-4,1.2998107E-4,2.0140545E-4,1.5494984,7.143367E-5,0.0012872935,0.0015825125,0.0017251538,1.0901359,1.4286734E-4,0.01279862,0.015824199,0.015964804,1.0088855,1.4286734E-4
6.5,2.4686513E-5,3.0328916E-5,1.0176042E-4,3.355228,7.143367E-5,1.0579505E-4,1.2998107E-4,2.0140545E-4,1.5494984,7.143367E-5,0.0012872935,0.0015825125,0.0017251538,1.0901359,1.4286734E-4,0.01279862,0.015824199,0.015964804,1.0088855,1.4286734E-4
