Magnitude,1 wk TI Prob,1 wk TD Prob,1 wk ETAS Prob,1 wk ETAS/TD Gain,1 wk ETAS Triggered Only,1 mo TI Prob,1 mo TD Prob,1 mo ETAS Prob,1 mo ETAS/TD Gain,1 mo ETAS Triggered Only,1 yr TI Prob,1 yr TD Prob,1 yr ETAS Prob,1 yr ETAS/TD Gain,1 yr ETAS Triggered Only,10 yr TI Prob,10 yr TD Prob,10 yr ETAS Prob,10 yr ETAS/TD Gain,10 yr ETAS Triggered Only
6.0,4.080039E-6,4.1994913E-6,6.3606676E-6,1.5146282,2.1611856E-6,1.7485765E-5,1.7997761E-5,2.0158906E-5,1.1200787,2.1611856E-6,2.1286838E-4,2.1911228E-4,2.2127299E-4,1.0098612,2.1611856E-6,0.002126646,0.002190098,0.0021922544,1.0009847,2.1611856E-6
6.1,4.080039E-6,4.1994913E-6,6.3606676E-6,1.5146282,2.1611856E-6,1.7485765E-5,1.7997761E-5,2.0158906E-5,1.1200787,2.1611856E-6,2.1286838E-4,2.1911228E-4,2.2127299E-4,1.0098612,2.1611856E-6,0.002126646,0.002190098,0.0021922544,1.0009847,2.1611856E-6
6.2,4.080039E-6,4.1994913E-6,6.3606676E-6,1.5146282,2.1611856E-6,1.7485765E-5,1.7997761E-5,2.0158906E-5,1.1200787,2.1611856E-6,2.1286838E-4,2.1911228E-4,2.2127299E-4,1.0098612,2.1611856E-6,0.002126646,0.002190098,0.0021922544,1.0009847,2.1611856E-6
6.3,4.080039E-6,4.1994913E-6,6.3606676E-6,1.5146282,2.1611856E-6,1.7485765E-5,1.7997761E-5,2.0158906E-5,1.1200787,2.1611856E-6,2.1286838E-4,2.1911228E-4,2.2127299E-4,1.0098612,2.1611856E-6,0.002126646,0.002190098,0.0021922544,1.0009847,2.1611856E-6
6.4,4.080039E-6,4.1994913E-6,6.3606676E-6,1.5146282,2.1611856E-6,1.7485765E-5,1.7997761E-5,2.0158906E-5,1.1200787,2.1611856E-6,2.1286838E-4,2.1911228E-4,2.2127299E-4,1.0098612,2.1611856E-6,0.002126646,0.002190098,0.0021922544,1.0009847,2.1611856E-6
6.5,4.080039E-6,4.1994913E-6,6.3606676E-6,1.5146282,2.1611856E-6,1.7485765E-5,1.7997761E-5,2.0158906E-5,1.1200787,2.1611856E-6,2.1286838E-4,2.1911228E-4,2.2127299E-4,1.0098612,2.1611856E-6,0.002126646,0.002190098,0.0021922544,1.0009847,2.1611856E-6
6.6,2.8215584E-6,2.9034215E-6,5.064601E-6,1.744356,2.1611856E-6,1.2092337E-5,1.2443235E-5,1.4604394E-5,1.1736814,2.1611856E-6,1.4721425E-4,1.514964E-4,1.5365725E-4,1.0142634,2.1611856E-6,0.0014711677,0.0015149639,0.0015171218,1.0014244,2.1611856E-6
6.7,2.8215584E-6,2.9034215E-6,5.064601E-6,1.744356,2.1611856E-6,1.2092337E-5,1.2443235E-5,1.4604394E-5,1.1736814,2.1611856E-6,1.4721425E-4,1.514964E-4,1.5365725E-4,1.0142634,2.1611856E-6,0.0014711677,0.0015149639,0.0015171218,1.0014244,2.1611856E-6
