Magnitude,1 wk TI Prob,1 wk TD Prob,1 wk ETAS Prob,1 wk ETAS/TD Gain,1 wk ETAS Triggered Only,1 mo TI Prob,1 mo TD Prob,1 mo ETAS Prob,1 mo ETAS/TD Gain,1 mo ETAS Triggered Only,1 yr TI Prob,1 yr TD Prob,1 yr ETAS Prob,1 yr ETAS/TD Gain,1 yr ETAS Triggered Only,10 yr TI Prob,10 yr TD Prob,10 yr ETAS Prob,10 yr ETAS/TD Gain,10 yr ETAS Triggered Only
6.0,4.080039E-6,4.1994913E-6,5.199487E-6,1.238123,1.0E-6,1.7485765E-5,1.7997761E-5,1.8997742E-5,1.0555614,1.0E-6,2.1286838E-4,2.1911228E-4,2.2111184E-4,1.0091257,2.0E-6,0.002126646,0.002190098,0.0021920935,1.0009112,2.0E-6
6.1,4.080039E-6,4.1994913E-6,5.199487E-6,1.238123,1.0E-6,1.7485765E-5,1.7997761E-5,1.8997742E-5,1.0555614,1.0E-6,2.1286838E-4,2.1911228E-4,2.2111184E-4,1.0091257,2.0E-6,0.002126646,0.002190098,0.0021920935,1.0009112,2.0E-6
6.2,4.080039E-6,4.1994913E-6,5.199487E-6,1.238123,1.0E-6,1.7485765E-5,1.7997761E-5,1.8997742E-5,1.0555614,1.0E-6,2.1286838E-4,2.1911228E-4,2.2111184E-4,1.0091257,2.0E-6,0.002126646,0.002190098,0.0021920935,1.0009112,2.0E-6
6.3,4.080039E-6,4.1994913E-6,5.199487E-6,1.238123,1.0E-6,1.7485765E-5,1.7997761E-5,1.8997742E-5,1.0555614,1.0E-6,2.1286838E-4,2.1911228E-4,2.2111184E-4,1.0091257,2.0E-6,0.002126646,0.002190098,0.0021920935,1.0009112,2.0E-6
6.4,4.080039E-6,4.1994913E-6,5.199487E-6,1.238123,1.0E-6,1.7485765E-5,1.7997761E-5,1.8997742E-5,1.0555614,1.0E-6,2.1286838E-4,2.1911228E-4,2.2111184E-4,1.0091257,2.0E-6,0.002126646,0.002190098,0.0021920935,1.0009112,2.0E-6
6.5,4.080039E-6,4.1994913E-6,5.199487E-6,1.238123,1.0E-6,1.7485765E-5,1.7997761E-5,1.8997742E-5,1.0555614,1.0E-6,2.1286838E-4,2.1911228E-4,2.2111184E-4,1.0091257,2.0E-6,0.002126646,0.002190098,0.0021920935,1.0009112,2.0E-6
6.6,2.8215584E-6,2.9034215E-6,3.903419E-6,1.3444202,1.0E-6,1.2092337E-5,1.2443235E-5,1.3443223E-5,1.080364,1.0E-6,1.4721425E-4,1.514964E-4,1.5349609E-4,1.0131997,2.0E-6,0.0014711677,0.0015149639,0.0015169609,1.0013182,2.0E-6
6.7,2.8215584E-6,2.9034215E-6,3.903419E-6,1.3444202,1.0E-6,1.2092337E-5,1.2443235E-5,1.3443223E-5,1.080364,1.0E-6,1.4721425E-4,1.514964E-4,1.5349609E-4,1.0131997,2.0E-6,0.0014711677,0.0015149639,0.0015169609,1.0013182,2.0E-6
