Magnitude,1 wk TI Prob,1 wk TD Prob,1 wk ETAS Prob,1 wk ETAS/TD Gain,1 wk ETAS Triggered Only,1 mo TI Prob,1 mo TD Prob,1 mo ETAS Prob,1 mo ETAS/TD Gain,1 mo ETAS Triggered Only,1 yr TI Prob,1 yr TD Prob,1 yr ETAS Prob,1 yr ETAS/TD Gain,1 yr ETAS Triggered Only,10 yr TI Prob,10 yr TD Prob,10 yr ETAS Prob,10 yr ETAS/TD Gain,10 yr ETAS Triggered Only
6.0,1.910764E-5,2.1994592E-5,2.1994592E-5,1.0,0.0,8.1887316E-5,9.426067E-5,1.0493202E-4,1.113211,1.0672358E-5,9.96522E-4,0.0011472917,0.0011579518,1.0092915,1.0672358E-5,0.009920651,0.011440402,0.011450953,1.0009222,1.0672358E-5
6.1,1.910764E-5,2.1994592E-5,2.1994592E-5,1.0,0.0,8.1887316E-5,9.426067E-5,1.0493202E-4,1.113211,1.0672358E-5,9.96522E-4,0.0011472917,0.0011579518,1.0092915,1.0672358E-5,0.009920651,0.011440402,0.011450953,1.0009222,1.0672358E-5
6.2,1.910764E-5,2.1994592E-5,2.1994592E-5,1.0,0.0,8.1887316E-5,9.426067E-5,1.0493202E-4,1.113211,1.0672358E-5,9.96522E-4,0.0011472917,0.0011579518,1.0092915,1.0672358E-5,0.009920651,0.011440402,0.011450953,1.0009222,1.0672358E-5
6.3,1.910764E-5,2.1994592E-5,2.1994592E-5,1.0,0.0,8.1887316E-5,9.426067E-5,1.0493202E-4,1.113211,1.0672358E-5,9.96522E-4,0.0011472917,0.0011579518,1.0092915,1.0672358E-5,0.009920651,0.011440402,0.011450953,1.0009222,1.0672358E-5
6.4,1.910764E-5,2.1994592E-5,2.1994592E-5,1.0,0.0,8.1887316E-5,9.426067E-5,1.0493202E-4,1.113211,1.0672358E-5,9.96522E-4,0.0011472917,0.0011579518,1.0092915,1.0672358E-5,0.009920651,0.011440402,0.011450953,1.0009222,1.0672358E-5
6.5,1.910764E-5,2.1994592E-5,2.1994592E-5,1.0,0.0,8.1887316E-5,9.426067E-5,1.0493202E-4,1.113211,1.0672358E-5,9.96522E-4,0.0011472917,0.0011579518,1.0092915,1.0672358E-5,0.009920651,0.011440402,0.011450953,1.0009222,1.0672358E-5
6.6,1.3213953E-5,1.5149388E-5,1.5149388E-5,1.0,0.0,5.6629997E-5,6.4925705E-5,7.559737E-5,1.1643673,1.0672358E-5,6.892521E-4,7.904269E-4,8.0109085E-4,1.0134914,1.0672358E-5,0.0068711825,0.0079000015,0.00791059,1.0013403,1.0672358E-5
6.7,1.21310995E-5,1.3896347E-5,1.3896347E-5,1.0,0.0,5.198939E-5,5.9555772E-5,7.02275E-5,1.1791887,1.0672358E-5,6.32787E-4,7.2509155E-4,7.357562E-4,1.0147079,1.0672358E-5,0.0063098813,0.0072509153,0.0072615105,1.0014611,1.0672358E-5
