Magnitude,1 wk TI Prob,1 wk TD Prob,1 wk ETAS Prob,1 wk ETAS/TD Gain,1 wk ETAS Triggered Only,1 mo TI Prob,1 mo TD Prob,1 mo ETAS Prob,1 mo ETAS/TD Gain,1 mo ETAS Triggered Only,1 yr TI Prob,1 yr TD Prob,1 yr ETAS Prob,1 yr ETAS/TD Gain,1 yr ETAS Triggered Only,10 yr TI Prob,10 yr TD Prob,10 yr ETAS Prob,10 yr ETAS/TD Gain,10 yr ETAS Triggered Only
6.0,1.910764E-5,2.1994592E-5,2.1994592E-5,1.0,0.0,8.1887316E-5,9.426067E-5,9.905048E-5,1.0508145,4.7902586E-6,9.96522E-4,0.0011472917,0.0011520765,1.0041705,4.7902586E-6,0.009920651,0.011440402,0.011445138,1.0004139,4.7902586E-6
6.1,1.910764E-5,2.1994592E-5,2.1994592E-5,1.0,0.0,8.1887316E-5,9.426067E-5,9.905048E-5,1.0508145,4.7902586E-6,9.96522E-4,0.0011472917,0.0011520765,1.0041705,4.7902586E-6,0.009920651,0.011440402,0.011445138,1.0004139,4.7902586E-6
6.2,1.910764E-5,2.1994592E-5,2.1994592E-5,1.0,0.0,8.1887316E-5,9.426067E-5,9.905048E-5,1.0508145,4.7902586E-6,9.96522E-4,0.0011472917,0.0011520765,1.0041705,4.7902586E-6,0.009920651,0.011440402,0.011445138,1.0004139,4.7902586E-6
6.3,1.910764E-5,2.1994592E-5,2.1994592E-5,1.0,0.0,8.1887316E-5,9.426067E-5,9.905048E-5,1.0508145,4.7902586E-6,9.96522E-4,0.0011472917,0.0011520765,1.0041705,4.7902586E-6,0.009920651,0.011440402,0.011445138,1.0004139,4.7902586E-6
6.4,1.910764E-5,2.1994592E-5,2.1994592E-5,1.0,0.0,8.1887316E-5,9.426067E-5,9.905048E-5,1.0508145,4.7902586E-6,9.96522E-4,0.0011472917,0.0011520765,1.0041705,4.7902586E-6,0.009920651,0.011440402,0.011445138,1.0004139,4.7902586E-6
6.5,1.910764E-5,2.1994592E-5,2.1994592E-5,1.0,0.0,8.1887316E-5,9.426067E-5,9.905048E-5,1.0508145,4.7902586E-6,9.96522E-4,0.0011472917,0.0011520765,1.0041705,4.7902586E-6,0.009920651,0.011440402,0.011445138,1.0004139,4.7902586E-6
6.6,1.3213953E-5,1.5149388E-5,1.5149388E-5,1.0,0.0,5.6629997E-5,6.4925705E-5,6.971565E-5,1.0737758,4.7902586E-6,6.892521E-4,7.904269E-4,7.952134E-4,1.0060556,4.7902586E-6,0.0068711825,0.0079000015,0.007904754,1.0006015,4.7902586E-6
6.7,1.21310995E-5,1.3896347E-5,1.3896347E-5,1.0,0.0,5.198939E-5,5.9555772E-5,6.4345746E-5,1.0804284,4.7902586E-6,6.32787E-4,7.2509155E-4,7.298783E-4,1.0066016,4.7902586E-6,0.0063098813,0.0072509153,0.007255671,1.0006559,4.7902586E-6
