Magnitude,1 wk TI Prob,1 wk TD Prob,1 wk ETAS Prob,1 wk ETAS/TD Gain,1 wk ETAS Triggered Only,1 mo TI Prob,1 mo TD Prob,1 mo ETAS Prob,1 mo ETAS/TD Gain,1 mo ETAS Triggered Only,1 yr TI Prob,1 yr TD Prob,1 yr ETAS Prob,1 yr ETAS/TD Gain,1 yr ETAS Triggered Only,10 yr TI Prob,10 yr TD Prob,10 yr ETAS Prob,10 yr ETAS/TD Gain,10 yr ETAS Triggered Only
6.0,2.5524263E-5,3.1194424E-5,3.4247587E-5,1.0978752,3.053258E-6,1.0938511E-4,1.3368827E-4,1.3674113E-4,1.0228356,3.053258E-6,0.0013309501,0.0016272905,0.0016455803,1.0112394,1.8319548E-5,0.013230069,0.016236922,0.016263956,1.0016649,2.7479322E-5
6.1,2.5524263E-5,3.1194424E-5,3.4247587E-5,1.0978752,3.053258E-6,1.0938511E-4,1.3368827E-4,1.3674113E-4,1.0228356,3.053258E-6,0.0013309501,0.0016272905,0.0016455803,1.0112394,1.8319548E-5,0.013230069,0.016236922,0.016263956,1.0016649,2.7479322E-5
6.2,2.5524263E-5,3.1194424E-5,3.4247587E-5,1.0978752,3.053258E-6,1.0938511E-4,1.3368827E-4,1.3674113E-4,1.0228356,3.053258E-6,0.0013309501,0.0016272905,0.0016455803,1.0112394,1.8319548E-5,0.013230069,0.016236922,0.016263956,1.0016649,2.7479322E-5
6.3,2.5524263E-5,3.1194424E-5,3.4247587E-5,1.0978752,3.053258E-6,1.0938511E-4,1.3368827E-4,1.3674113E-4,1.0228356,3.053258E-6,0.0013309501,0.0016272905,0.0016455803,1.0112394,1.8319548E-5,0.013230069,0.016236922,0.016263956,1.0016649,2.7479322E-5
6.4,2.5524263E-5,3.1194424E-5,3.4247587E-5,1.0978752,3.053258E-6,1.0938511E-4,1.3368827E-4,1.3674113E-4,1.0228356,3.053258E-6,0.0013309501,0.0016272905,0.0016455803,1.0112394,1.8319548E-5,0.013230069,0.016236922,0.016263956,1.0016649,2.7479322E-5
6.5,2.5524263E-5,3.1194424E-5,3.4247587E-5,1.0978752,3.053258E-6,1.0938511E-4,1.3368827E-4,1.3674113E-4,1.0228356,3.053258E-6,0.0013309501,0.0016272905,0.0016455803,1.0112394,1.8319548E-5,0.013230069,0.016236922,0.016263956,1.0016649,2.7479322E-5
6.6,2.0986998E-5,2.5576908E-5,2.8630087E-5,1.1193725,3.053258E-6,8.994117E-5,1.0961532E-4,1.1266825E-4,1.0278512,3.053258E-6,0.0010944837,0.0013345632,0.0013528583,1.0137087,1.8319548E-5,0.010891088,0.013345085,0.013372198,1.0020317,2.7479322E-5
