Magnitude,1 wk TI Prob,1 wk TD Prob,1 wk ETAS Prob,1 wk ETAS/TD Gain,1 wk ETAS Triggered Only,1 mo TI Prob,1 mo TD Prob,1 mo ETAS Prob,1 mo ETAS/TD Gain,1 mo ETAS Triggered Only,1 yr TI Prob,1 yr TD Prob,1 yr ETAS Prob,1 yr ETAS/TD Gain,1 yr ETAS Triggered Only,10 yr TI Prob,10 yr TD Prob,10 yr ETAS Prob,10 yr ETAS/TD Gain,10 yr ETAS Triggered Only
6.0,4.2144962E-5,6.0987146E-5,7.179241E-5,1.1771729,1.0805928E-5,1.8060877E-4,2.6137347E-4,2.7433722E-4,1.0495985,1.2967113E-5,0.002196694,0.0031813493,0.003207201,1.008126,2.5934227E-5,0.021751061,0.031729307,0.031769067,1.0012531,4.1062525E-5
6.1,4.2144962E-5,6.0987146E-5,7.179241E-5,1.1771729,1.0805928E-5,1.8060877E-4,2.6137347E-4,2.7433722E-4,1.0495985,1.2967113E-5,0.002196694,0.0031813493,0.003207201,1.008126,2.5934227E-5,0.021751061,0.031729307,0.031769067,1.0012531,4.1062525E-5
6.2,4.2144962E-5,6.0987146E-5,7.179241E-5,1.1771729,1.0805928E-5,1.8060877E-4,2.6137347E-4,2.7433722E-4,1.0495985,1.2967113E-5,0.002196694,0.0031813493,0.003207201,1.008126,2.5934227E-5,0.021751061,0.031729307,0.031769067,1.0012531,4.1062525E-5
6.3,4.2144962E-5,6.0987146E-5,7.179241E-5,1.1771729,1.0805928E-5,1.8060877E-4,2.6137347E-4,2.7433722E-4,1.0495985,1.2967113E-5,0.002196694,0.0031813493,0.003207201,1.008126,2.5934227E-5,0.021751061,0.031729307,0.031769067,1.0012531,4.1062525E-5
