Magnitude,1 wk TI Prob,1 wk TD Prob,1 wk ETAS Prob,1 wk ETAS/TD Gain,1 wk ETAS Triggered Only,1 mo TI Prob,1 mo TD Prob,1 mo ETAS Prob,1 mo ETAS/TD Gain,1 mo ETAS Triggered Only,1 yr TI Prob,1 yr TD Prob,1 yr ETAS Prob,1 yr ETAS/TD Gain,1 yr ETAS Triggered Only,10 yr TI Prob,10 yr TD Prob,10 yr ETAS Prob,10 yr ETAS/TD Gain,10 yr ETAS Triggered Only
6.0,3.6887384E-5,5.0836705E-5,8.285215E-5,1.6297704,3.2017077E-5,1.580792E-4,2.1787158E-4,2.4988168E-4,1.1469219,3.2017077E-5,0.0019229152,0.002652291,0.002684223,1.0120394,3.2017077E-5,0.01906361,0.026489226,0.026520394,1.0011767,3.2017077E-5
6.1,3.6887384E-5,5.0836705E-5,8.285215E-5,1.6297704,3.2017077E-5,1.580792E-4,2.1787158E-4,2.4988168E-4,1.1469219,3.2017077E-5,0.0019229152,0.002652291,0.002684223,1.0120394,3.2017077E-5,0.01906361,0.026489226,0.026520394,1.0011767,3.2017077E-5
6.2,3.6887384E-5,5.0836705E-5,8.285215E-5,1.6297704,3.2017077E-5,1.580792E-4,2.1787158E-4,2.4988168E-4,1.1469219,3.2017077E-5,0.0019229152,0.002652291,0.002684223,1.0120394,3.2017077E-5,0.01906361,0.026489226,0.026520394,1.0011767,3.2017077E-5
6.3,3.6887384E-5,5.0836705E-5,8.285215E-5,1.6297704,3.2017077E-5,1.580792E-4,2.1787158E-4,2.4988168E-4,1.1469219,3.2017077E-5,0.0019229152,0.002652291,0.002684223,1.0120394,3.2017077E-5,0.01906361,0.026489226,0.026520394,1.0011767,3.2017077E-5
6.4,3.6887384E-5,5.0836705E-5,8.285215E-5,1.6297704,3.2017077E-5,1.580792E-4,2.1787158E-4,2.4988168E-4,1.1469219,3.2017077E-5,0.0019229152,0.002652291,0.002684223,1.0120394,3.2017077E-5,0.01906361,0.026489226,0.026520394,1.0011767,3.2017077E-5
