Magnitude,1 wk TI Prob,1 wk TD Prob,1 wk ETAS Prob,1 wk ETAS/TD Gain,1 wk ETAS Triggered Only,1 mo TI Prob,1 mo TD Prob,1 mo ETAS Prob,1 mo ETAS/TD Gain,1 mo ETAS Triggered Only,1 yr TI Prob,1 yr TD Prob,1 yr ETAS Prob,1 yr ETAS/TD Gain,1 yr ETAS Triggered Only,10 yr TI Prob,10 yr TD Prob,10 yr ETAS Prob,10 yr ETAS/TD Gain,10 yr ETAS Triggered Only
6.0,2.841624E-5,3.5190245E-5,3.5190245E-5,1.0,0.0,1.21778205E-4,1.5081046E-4,1.5297132E-4,1.0143284,2.1611856E-6,0.0014816412,0.0018352446,0.0018417162,1.0035263,6.4835567E-6,0.014718015,0.018267011,0.01827762,1.0005808,1.0805928E-5
6.1,2.841624E-5,3.5190245E-5,3.5190245E-5,1.0,0.0,1.21778205E-4,1.5081046E-4,1.5297132E-4,1.0143284,2.1611856E-6,0.0014816412,0.0018352446,0.0018417162,1.0035263,6.4835567E-6,0.014718015,0.018267011,0.01827762,1.0005808,1.0805928E-5
6.2,2.841624E-5,3.5190245E-5,3.5190245E-5,1.0,0.0,1.21778205E-4,1.5081046E-4,1.5297132E-4,1.0143284,2.1611856E-6,0.0014816412,0.0018352446,0.0018417162,1.0035263,6.4835567E-6,0.014718015,0.018267011,0.01827762,1.0005808,1.0805928E-5
6.3,2.841624E-5,3.5190245E-5,3.5190245E-5,1.0,0.0,1.21778205E-4,1.5081046E-4,1.5297132E-4,1.0143284,2.1611856E-6,0.0014816412,0.0018352446,0.0018417162,1.0035263,6.4835567E-6,0.014718015,0.018267011,0.01827762,1.0005808,1.0805928E-5
6.4,2.841624E-5,3.5190245E-5,3.5190245E-5,1.0,0.0,1.21778205E-4,1.5081046E-4,1.5297132E-4,1.0143284,2.1611856E-6,0.0014816412,0.0018352446,0.0018417162,1.0035263,6.4835567E-6,0.014718015,0.018267011,0.01827762,1.0005808,1.0805928E-5
6.5,2.841624E-5,3.5190245E-5,3.5190245E-5,1.0,0.0,1.21778205E-4,1.5081046E-4,1.5297132E-4,1.0143284,2.1611856E-6,0.0014816412,0.0018352446,0.0018417162,1.0035263,6.4835567E-6,0.014718015,0.018267011,0.01827762,1.0005808,1.0805928E-5
6.6,1.9500372E-5,2.4072657E-5,2.4072657E-5,1.0,0.0,8.357035E-5,1.03168066E-4,1.0532903E-4,1.020946,2.1611856E-6,0.001016994,0.0012559886,0.0012624641,1.0051557,6.4835567E-6,0.010123523,0.012551772,0.012562443,1.0008501,1.0805928E-5
6.7,1.83568E-5,2.264984E-5,2.264984E-5,1.0,0.0,7.866963E-5,9.707074E-5,9.9231715E-5,1.0222619,2.1611856E-6,9.5738185E-4,0.0011818361,0.0011861534,1.003653,4.3223713E-6,0.009532678,0.011818337,0.011826879,1.0007228,8.644743E-6
