Magnitude,1 wk TI Prob,1 wk TD Prob,1 wk ETAS Prob,1 wk ETAS/TD Gain,1 wk ETAS Triggered Only,1 mo TI Prob,1 mo TD Prob,1 mo ETAS Prob,1 mo ETAS/TD Gain,1 mo ETAS Triggered Only,1 yr TI Prob,1 yr TD Prob,1 yr ETAS Prob,1 yr ETAS/TD Gain,1 yr ETAS Triggered Only,10 yr TI Prob,10 yr TD Prob,10 yr ETAS Prob,10 yr ETAS/TD Gain,10 yr ETAS Triggered Only
6.0,2.7186308E-5,3.3603857E-5,3.7926082E-5,1.1286229,4.3223713E-6,1.16507545E-4,1.4401274E-4,1.5049535E-4,1.0450143,6.4835567E-6,0.0014175563,0.0017526768,0.0017634638,1.0061545,1.0805928E-5,0.014085478,0.017460305,0.017477293,1.000973,1.7289485E-5
6.1,2.7186308E-5,3.3603857E-5,3.7926082E-5,1.1286229,4.3223713E-6,1.16507545E-4,1.4401274E-4,1.5049535E-4,1.0450143,6.4835567E-6,0.0014175563,0.0017526768,0.0017634638,1.0061545,1.0805928E-5,0.014085478,0.017460305,0.017477293,1.000973,1.7289485E-5
6.2,2.7186308E-5,3.3603857E-5,3.7926082E-5,1.1286229,4.3223713E-6,1.16507545E-4,1.4401274E-4,1.5049535E-4,1.0450143,6.4835567E-6,0.0014175563,0.0017526768,0.0017634638,1.0061545,1.0805928E-5,0.014085478,0.017460305,0.017477293,1.000973,1.7289485E-5
6.3,2.7186308E-5,3.3603857E-5,3.7926082E-5,1.1286229,4.3223713E-6,1.16507545E-4,1.4401274E-4,1.5049535E-4,1.0450143,6.4835567E-6,0.0014175563,0.0017526768,0.0017634638,1.0061545,1.0805928E-5,0.014085478,0.017460305,0.017477293,1.000973,1.7289485E-5
6.4,2.7186308E-5,3.3603857E-5,3.7926082E-5,1.1286229,4.3223713E-6,1.16507545E-4,1.4401274E-4,1.5049535E-4,1.0450143,6.4835567E-6,0.0014175563,0.0017526768,0.0017634638,1.0061545,1.0805928E-5,0.014085478,0.017460305,0.017477293,1.000973,1.7289485E-5
6.5,2.7186308E-5,3.3603857E-5,3.7926082E-5,1.1286229,4.3223713E-6,1.16507545E-4,1.4401274E-4,1.5049535E-4,1.0450143,6.4835567E-6,0.0014175563,0.0017526768,0.0017634638,1.0061545,1.0805928E-5,0.014085478,0.017460305,0.017477293,1.000973,1.7289485E-5
6.6,1.8800807E-5,2.3153776E-5,2.7476046E-5,1.1866767,4.3223713E-6,8.05724E-5,9.923046E-5,1.0571338E-4,1.0653319,6.4835567E-6,9.805275E-4,0.0012081307,0.0012167651,1.0071468,8.644743E-6,0.009762122,0.012081286,0.012096232,1.001237,1.5128298E-5
6.7,1.8800807E-5,2.3153776E-5,2.7476046E-5,1.1866767,4.3223713E-6,8.05724E-5,9.923046E-5,1.0571338E-4,1.0653319,6.4835567E-6,9.805275E-4,0.0012081307,0.0012167651,1.0071468,8.644743E-6,0.009762122,0.012081286,0.012096232,1.001237,1.5128298E-5
