Magnitude,1 wk TI Prob,1 wk TD Prob,1 wk ETAS Prob,1 wk ETAS/TD Gain,1 wk ETAS Triggered Only,1 mo TI Prob,1 mo TD Prob,1 mo ETAS Prob,1 mo ETAS/TD Gain,1 mo ETAS Triggered Only,1 yr TI Prob,1 yr TD Prob,1 yr ETAS Prob,1 yr ETAS/TD Gain,1 yr ETAS Triggered Only,10 yr TI Prob,10 yr TD Prob,10 yr ETAS Prob,10 yr ETAS/TD Gain,10 yr ETAS Triggered Only
6.0,3.056394E-5,3.967284E-5,5.0785362E-5,1.280104,1.1112963E-5,1.3098175E-4,1.7002384E-4,1.8113492E-4,1.06535,1.1112963E-5,0.0015935361,0.0020699822,0.0020810722,1.0053575,1.1112963E-5,0.015821574,0.02069238,0.020703264,1.000526,1.1112963E-5
6.1,3.056394E-5,3.967284E-5,5.0785362E-5,1.280104,1.1112963E-5,1.3098175E-4,1.7002384E-4,1.8113492E-4,1.06535,1.1112963E-5,0.0015935361,0.0020699822,0.0020810722,1.0053575,1.1112963E-5,0.015821574,0.02069238,0.020703264,1.000526,1.1112963E-5
6.2,3.056394E-5,3.967284E-5,5.0785362E-5,1.280104,1.1112963E-5,1.3098175E-4,1.7002384E-4,1.8113492E-4,1.06535,1.1112963E-5,0.0015935361,0.0020699822,0.0020810722,1.0053575,1.1112963E-5,0.015821574,0.02069238,0.020703264,1.000526,1.1112963E-5
6.3,3.056394E-5,3.967284E-5,5.0785362E-5,1.280104,1.1112963E-5,1.3098175E-4,1.7002384E-4,1.8113492E-4,1.06535,1.1112963E-5,0.0015935361,0.0020699822,0.0020810722,1.0053575,1.1112963E-5,0.015821574,0.02069238,0.020703264,1.000526,1.1112963E-5
6.4,3.056394E-5,3.967284E-5,5.0785362E-5,1.280104,1.1112963E-5,1.3098175E-4,1.7002384E-4,1.8113492E-4,1.06535,1.1112963E-5,0.0015935361,0.0020699822,0.0020810722,1.0053575,1.1112963E-5,0.015821574,0.02069238,0.020703264,1.000526,1.1112963E-5
