Magnitude,1 wk TI Prob,1 wk TD Prob,1 wk ETAS Prob,1 wk ETAS/TD Gain,1 wk ETAS Triggered Only,1 mo TI Prob,1 mo TD Prob,1 mo ETAS Prob,1 mo ETAS/TD Gain,1 mo ETAS Triggered Only,1 yr TI Prob,1 yr TD Prob,1 yr ETAS Prob,1 yr ETAS/TD Gain,1 yr ETAS Triggered Only,10 yr TI Prob,10 yr TD Prob,10 yr ETAS Prob,10 yr ETAS/TD Gain,10 yr ETAS Triggered Only
6.0,2.5524263E-5,3.1194424E-5,3.1194424E-5,1.0,0.0,1.0938511E-4,1.3368827E-4,1.3368827E-4,1.0,0.0,0.0013309501,0.0016272905,0.0016464203,1.0117557,1.9161034E-5,0.013230069,0.016236922,0.016260484,1.0014511,2.3951292E-5
6.1,2.5524263E-5,3.1194424E-5,3.1194424E-5,1.0,0.0,1.0938511E-4,1.3368827E-4,1.3368827E-4,1.0,0.0,0.0013309501,0.0016272905,0.0016464203,1.0117557,1.9161034E-5,0.013230069,0.016236922,0.016260484,1.0014511,2.3951292E-5
6.2,2.5524263E-5,3.1194424E-5,3.1194424E-5,1.0,0.0,1.0938511E-4,1.3368827E-4,1.3368827E-4,1.0,0.0,0.0013309501,0.0016272905,0.0016464203,1.0117557,1.9161034E-5,0.013230069,0.016236922,0.016260484,1.0014511,2.3951292E-5
6.3,2.5524263E-5,3.1194424E-5,3.1194424E-5,1.0,0.0,1.0938511E-4,1.3368827E-4,1.3368827E-4,1.0,0.0,0.0013309501,0.0016272905,0.0016464203,1.0117557,1.9161034E-5,0.013230069,0.016236922,0.016260484,1.0014511,2.3951292E-5
6.4,2.5524263E-5,3.1194424E-5,3.1194424E-5,1.0,0.0,1.0938511E-4,1.3368827E-4,1.3368827E-4,1.0,0.0,0.0013309501,0.0016272905,0.0016464203,1.0117557,1.9161034E-5,0.013230069,0.016236922,0.016260484,1.0014511,2.3951292E-5
6.5,2.5524263E-5,3.1194424E-5,3.1194424E-5,1.0,0.0,1.0938511E-4,1.3368827E-4,1.3368827E-4,1.0,0.0,0.0013309501,0.0016272905,0.0016464203,1.0117557,1.9161034E-5,0.013230069,0.016236922,0.016260484,1.0014511,2.3951292E-5
6.6,2.0986998E-5,2.5576908E-5,2.5576908E-5,1.0,0.0,8.994117E-5,1.0961532E-4,1.0961532E-4,1.0,0.0,0.0010944837,0.0013345632,0.0013536987,1.0143384,1.9161034E-5,0.010891088,0.013345085,0.013368717,1.0017709,2.3951292E-5
