Magnitude,1 wk TI Prob,1 wk TD Prob,1 wk ETAS Prob,1 wk ETAS/TD Gain,1 wk ETAS Triggered Only,1 mo TI Prob,1 mo TD Prob,1 mo ETAS Prob,1 mo ETAS/TD Gain,1 mo ETAS Triggered Only,1 yr TI Prob,1 yr TD Prob,1 yr ETAS Prob,1 yr ETAS/TD Gain,1 yr ETAS Triggered Only,10 yr TI Prob,10 yr TD Prob,10 yr ETAS Prob,10 yr ETAS/TD Gain,10 yr ETAS Triggered Only
6.0,2.7186308E-5,3.3603857E-5,4.2212752E-5,1.2561878,8.609186E-6,1.16507545E-4,1.4401274E-4,1.6122863E-4,1.1195443,1.7218372E-5,0.0014175563,0.0017526768,0.001769865,1.0098069,1.7218372E-5,0.014085478,0.017460305,0.017477222,1.0009689,1.7218372E-5
6.1,2.7186308E-5,3.3603857E-5,4.2212752E-5,1.2561878,8.609186E-6,1.16507545E-4,1.4401274E-4,1.6122863E-4,1.1195443,1.7218372E-5,0.0014175563,0.0017526768,0.001769865,1.0098069,1.7218372E-5,0.014085478,0.017460305,0.017477222,1.0009689,1.7218372E-5
6.2,2.7186308E-5,3.3603857E-5,4.2212752E-5,1.2561878,8.609186E-6,1.16507545E-4,1.4401274E-4,1.6122863E-4,1.1195443,1.7218372E-5,0.0014175563,0.0017526768,0.001769865,1.0098069,1.7218372E-5,0.014085478,0.017460305,0.017477222,1.0009689,1.7218372E-5
6.3,2.7186308E-5,3.3603857E-5,4.2212752E-5,1.2561878,8.609186E-6,1.16507545E-4,1.4401274E-4,1.6122863E-4,1.1195443,1.7218372E-5,0.0014175563,0.0017526768,0.001769865,1.0098069,1.7218372E-5,0.014085478,0.017460305,0.017477222,1.0009689,1.7218372E-5
6.4,2.7186308E-5,3.3603857E-5,4.2212752E-5,1.2561878,8.609186E-6,1.16507545E-4,1.4401274E-4,1.6122863E-4,1.1195443,1.7218372E-5,0.0014175563,0.0017526768,0.001769865,1.0098069,1.7218372E-5,0.014085478,0.017460305,0.017477222,1.0009689,1.7218372E-5
6.5,2.7186308E-5,3.3603857E-5,4.2212752E-5,1.2561878,8.609186E-6,1.16507545E-4,1.4401274E-4,1.6122863E-4,1.1195443,1.7218372E-5,0.0014175563,0.0017526768,0.001769865,1.0098069,1.7218372E-5,0.014085478,0.017460305,0.017477222,1.0009689,1.7218372E-5
6.6,1.8800807E-5,2.3153776E-5,3.1762764E-5,1.3718178,8.609186E-6,8.05724E-5,9.923046E-5,1.16447125E-4,1.1735018,1.7218372E-5,9.805275E-4,0.0012081307,0.0012253283,1.0142349,1.7218372E-5,0.009762122,0.012081286,0.012098297,1.001408,1.7218372E-5
6.7,1.8800807E-5,2.3153776E-5,3.1762764E-5,1.3718178,8.609186E-6,8.05724E-5,9.923046E-5,1.16447125E-4,1.1735018,1.7218372E-5,9.805275E-4,0.0012081307,0.0012253283,1.0142349,1.7218372E-5,0.009762122,0.012081286,0.012098297,1.001408,1.7218372E-5
