Magnitude,1 wk TI Prob,1 wk TD Prob,1 wk ETAS Prob,1 wk ETAS/TD Gain,1 wk ETAS Triggered Only,1 mo TI Prob,1 mo TD Prob,1 mo ETAS Prob,1 mo ETAS/TD Gain,1 mo ETAS Triggered Only,1 yr TI Prob,1 yr TD Prob,1 yr ETAS Prob,1 yr ETAS/TD Gain,1 yr ETAS Triggered Only,10 yr TI Prob,10 yr TD Prob,10 yr ETAS Prob,10 yr ETAS/TD Gain,10 yr ETAS Triggered Only
6.0,2.7186308E-5,3.3603857E-5,6.6170745E-5,1.9691415,3.2567987E-5,1.16507545E-4,1.4401274E-4,1.7657604E-4,1.226114,3.2567987E-5,0.0014175563,0.0017526768,0.0017851877,1.0185493,3.2567987E-5,0.014085478,0.017460305,0.017492304,1.0018327,3.2567987E-5
6.1,2.7186308E-5,3.3603857E-5,6.6170745E-5,1.9691415,3.2567987E-5,1.16507545E-4,1.4401274E-4,1.7657604E-4,1.226114,3.2567987E-5,0.0014175563,0.0017526768,0.0017851877,1.0185493,3.2567987E-5,0.014085478,0.017460305,0.017492304,1.0018327,3.2567987E-5
6.2,2.7186308E-5,3.3603857E-5,6.6170745E-5,1.9691415,3.2567987E-5,1.16507545E-4,1.4401274E-4,1.7657604E-4,1.226114,3.2567987E-5,0.0014175563,0.0017526768,0.0017851877,1.0185493,3.2567987E-5,0.014085478,0.017460305,0.017492304,1.0018327,3.2567987E-5
6.3,2.7186308E-5,3.3603857E-5,6.6170745E-5,1.9691415,3.2567987E-5,1.16507545E-4,1.4401274E-4,1.7657604E-4,1.226114,3.2567987E-5,0.0014175563,0.0017526768,0.0017851877,1.0185493,3.2567987E-5,0.014085478,0.017460305,0.017492304,1.0018327,3.2567987E-5
6.4,2.7186308E-5,3.3603857E-5,6.6170745E-5,1.9691415,3.2567987E-5,1.16507545E-4,1.4401274E-4,1.7657604E-4,1.226114,3.2567987E-5,0.0014175563,0.0017526768,0.0017851877,1.0185493,3.2567987E-5,0.014085478,0.017460305,0.017492304,1.0018327,3.2567987E-5
6.5,2.7186308E-5,3.3603857E-5,6.6170745E-5,1.9691415,3.2567987E-5,1.16507545E-4,1.4401274E-4,1.7657604E-4,1.226114,3.2567987E-5,0.0014175563,0.0017526768,0.0017851877,1.0185493,3.2567987E-5,0.014085478,0.017460305,0.017492304,1.0018327,3.2567987E-5
6.6,1.8800807E-5,2.3153776E-5,5.5721008E-5,2.4065626,3.2567987E-5,8.05724E-5,9.923046E-5,1.3179521E-4,1.3281729,3.2567987E-5,9.805275E-4,0.0012081307,0.0012406594,1.0269247,3.2567987E-5,0.009762122,0.012081286,0.01211346,1.0026631,3.2567987E-5
6.7,1.8800807E-5,2.3153776E-5,5.5721008E-5,2.4065626,3.2567987E-5,8.05724E-5,9.923046E-5,1.3179521E-4,1.3281729,3.2567987E-5,9.805275E-4,0.0012081307,0.0012406594,1.0269247,3.2567987E-5,0.009762122,0.012081286,0.01211346,1.0026631,3.2567987E-5
