Magnitude,1 wk TI Prob,1 wk TD Prob,1 wk ETAS Prob,1 wk ETAS/TD Gain,1 wk ETAS Triggered Only,1 mo TI Prob,1 mo TD Prob,1 mo ETAS Prob,1 mo ETAS/TD Gain,1 mo ETAS Triggered Only,1 yr TI Prob,1 yr TD Prob,1 yr ETAS Prob,1 yr ETAS/TD Gain,1 yr ETAS Triggered Only,10 yr TI Prob,10 yr TD Prob,10 yr ETAS Prob,10 yr ETAS/TD Gain,10 yr ETAS Triggered Only
6.0,7.9834055E-5,1.7647086E-4,1.7647086E-4,1.0,0.0,3.421011E-4,7.562273E-4,7.562273E-4,1.0,0.0,0.0041571283,0.009193515,0.009228904,1.0038493,3.5716836E-5,0.040802166,0.08864039,0.08867294,1.0003672,3.5716836E-5
6.1,7.9834055E-5,1.7647086E-4,1.7647086E-4,1.0,0.0,3.421011E-4,7.562273E-4,7.562273E-4,1.0,0.0,0.0041571283,0.009193515,0.009228904,1.0038493,3.5716836E-5,0.040802166,0.08864039,0.08867294,1.0003672,3.5716836E-5
6.2,7.9834055E-5,1.7647086E-4,1.7647086E-4,1.0,0.0,3.421011E-4,7.562273E-4,7.562273E-4,1.0,0.0,0.0041571283,0.009193515,0.009228904,1.0038493,3.5716836E-5,0.040802166,0.08864039,0.08867294,1.0003672,3.5716836E-5
6.3,7.9834055E-5,1.7647086E-4,1.7647086E-4,1.0,0.0,3.421011E-4,7.562273E-4,7.562273E-4,1.0,0.0,0.0041571283,0.009193515,0.009228904,1.0038493,3.5716836E-5,0.040802166,0.08864039,0.08867294,1.0003672,3.5716836E-5
6.4,7.9834055E-5,1.7647086E-4,1.7647086E-4,1.0,0.0,3.421011E-4,7.562273E-4,7.562273E-4,1.0,0.0,0.0041571283,0.009193515,0.009228904,1.0038493,3.5716836E-5,0.040802166,0.08864039,0.08867294,1.0003672,3.5716836E-5
6.5,7.9834055E-5,1.7647086E-4,1.7647086E-4,1.0,0.0,3.421011E-4,7.562273E-4,7.562273E-4,1.0,0.0,0.0041571283,0.009193515,0.009228904,1.0038493,3.5716836E-5,0.040802166,0.08864039,0.08867294,1.0003672,3.5716836E-5
6.6,6.153684E-5,1.4011236E-4,1.4011236E-4,1.0,0.0,2.6370265E-4,6.004815E-4,6.004815E-4,1.0,0.0,0.0032058533,0.0073108627,0.0073463186,1.0048497,3.5716836E-5,0.03159998,0.071543366,0.07157653,1.0004635,3.5716836E-5
6.7,6.153684E-5,1.4011236E-4,1.4011236E-4,1.0,0.0,2.6370265E-4,6.004815E-4,6.004815E-4,1.0,0.0,0.0032058533,0.0073108627,0.0073463186,1.0048497,3.5716836E-5,0.03159998,0.071543366,0.07157653,1.0004635,3.5716836E-5
