Magnitude,1 wk TI Prob,1 wk TD Prob,1 wk ETAS Prob,1 wk ETAS/TD Gain,1 wk ETAS Triggered Only,1 mo TI Prob,1 mo TD Prob,1 mo ETAS Prob,1 mo ETAS/TD Gain,1 mo ETAS Triggered Only,1 yr TI Prob,1 yr TD Prob,1 yr ETAS Prob,1 yr ETAS/TD Gain,1 yr ETAS Triggered Only,10 yr TI Prob,10 yr TD Prob,10 yr ETAS Prob,10 yr ETAS/TD Gain,10 yr ETAS Triggered Only
6.0,9.687499E-6,1.0368633E-5,1.1368623E-5,1.0964438,1.0E-6,4.1517193E-5,4.4436638E-5,4.643655E-5,1.0450059,2.0E-6,5.0535455E-4,5.409523E-4,5.449502E-4,1.0073904,4.0E-6,0.0050420687,0.005403274,0.005408247,1.0009204,5.0E-6
6.1,9.687499E-6,1.0368633E-5,1.1368623E-5,1.0964438,1.0E-6,4.1517193E-5,4.4436638E-5,4.643655E-5,1.0450059,2.0E-6,5.0535455E-4,5.409523E-4,5.449502E-4,1.0073904,4.0E-6,0.0050420687,0.005403274,0.005408247,1.0009204,5.0E-6
6.2,9.687499E-6,1.0368633E-5,1.1368623E-5,1.0964438,1.0E-6,4.1517193E-5,4.4436638E-5,4.643655E-5,1.0450059,2.0E-6,5.0535455E-4,5.409523E-4,5.449502E-4,1.0073904,4.0E-6,0.0050420687,0.005403274,0.005408247,1.0009204,5.0E-6
6.3,9.687499E-6,1.0368633E-5,1.1368623E-5,1.0964438,1.0E-6,4.1517193E-5,4.4436638E-5,4.643655E-5,1.0450059,2.0E-6,5.0535455E-4,5.409523E-4,5.449502E-4,1.0073904,4.0E-6,0.0050420687,0.005403274,0.005408247,1.0009204,5.0E-6
6.4,9.687499E-6,1.0368633E-5,1.1368623E-5,1.0964438,1.0E-6,4.1517193E-5,4.4436638E-5,4.643655E-5,1.0450059,2.0E-6,5.0535455E-4,5.409523E-4,5.449502E-4,1.0073904,4.0E-6,0.0050420687,0.005403274,0.005408247,1.0009204,5.0E-6
6.5,9.687499E-6,1.0368633E-5,1.1368623E-5,1.0964438,1.0E-6,4.1517193E-5,4.4436638E-5,4.643655E-5,1.0450059,2.0E-6,5.0535455E-4,5.409523E-4,5.449502E-4,1.0073904,4.0E-6,0.0050420687,0.005403274,0.005408247,1.0009204,5.0E-6
6.6,6.6994126E-6,7.1661625E-6,7.1661625E-6,1.0,0.0,2.8711453E-5,3.0712123E-5,3.0712123E-5,1.0,0.0,3.4950586E-4,3.739201E-4,3.7491973E-4,1.0026734,1.0E-6,0.0034895667,0.0037392012,0.0037411936,1.0005329,2.0E-6
6.7,6.6994126E-6,7.1661625E-6,7.1661625E-6,1.0,0.0,2.8711453E-5,3.0712123E-5,3.0712123E-5,1.0,0.0,3.4950586E-4,3.739201E-4,3.7491973E-4,1.0026734,1.0E-6,0.0034895667,0.0037392012,0.0037411936,1.0005329,2.0E-6
