Magnitude,1 wk TI Prob,1 wk TD Prob,1 wk ETAS Prob,1 wk ETAS/TD Gain,1 wk ETAS Triggered Only,1 mo TI Prob,1 mo TD Prob,1 mo ETAS Prob,1 mo ETAS/TD Gain,1 mo ETAS Triggered Only,1 yr TI Prob,1 yr TD Prob,1 yr ETAS Prob,1 yr ETAS/TD Gain,1 yr ETAS Triggered Only,10 yr TI Prob,10 yr TD Prob,10 yr ETAS Prob,10 yr ETAS/TD Gain,10 yr ETAS Triggered Only
6.0,7.962936E-6,8.4235735E-6,1.4907076E-5,1.7696855,6.4835567E-6,3.4126424E-5,3.6100817E-5,4.6906353E-5,1.2993156,1.0805928E-5,4.1540997E-4,4.394895E-4,4.5245088E-4,1.029492,1.2967113E-5,0.004146343,0.0043911743,0.0044169948,1.00588,2.5934227E-5
6.1,7.962936E-6,8.4235735E-6,1.4907076E-5,1.7696855,6.4835567E-6,3.4126424E-5,3.6100817E-5,4.6906353E-5,1.2993156,1.0805928E-5,4.1540997E-4,4.394895E-4,4.5245088E-4,1.029492,1.2967113E-5,0.004146343,0.0043911743,0.0044169948,1.00588,2.5934227E-5
6.2,7.962936E-6,8.4235735E-6,1.4907076E-5,1.7696855,6.4835567E-6,3.4126424E-5,3.6100817E-5,4.6906353E-5,1.2993156,1.0805928E-5,4.1540997E-4,4.394895E-4,4.5245088E-4,1.029492,1.2967113E-5,0.004146343,0.0043911743,0.0044169948,1.00588,2.5934227E-5
6.3,7.962936E-6,8.4235735E-6,1.4907076E-5,1.7696855,6.4835567E-6,3.4126424E-5,3.6100817E-5,4.6906353E-5,1.2993156,1.0805928E-5,4.1540997E-4,4.394895E-4,4.5245088E-4,1.029492,1.2967113E-5,0.004146343,0.0043911743,0.0044169948,1.00588,2.5934227E-5
6.4,7.962936E-6,8.4235735E-6,1.4907076E-5,1.7696855,6.4835567E-6,3.4126424E-5,3.6100817E-5,4.6906353E-5,1.2993156,1.0805928E-5,4.1540997E-4,4.394895E-4,4.5245088E-4,1.029492,1.2967113E-5,0.004146343,0.0043911743,0.0044169948,1.00588,2.5934227E-5
6.5,7.962936E-6,8.4235735E-6,1.4907076E-5,1.7696855,6.4835567E-6,3.4126424E-5,3.6100817E-5,4.6906353E-5,1.2993156,1.0805928E-5,4.1540997E-4,4.394895E-4,4.5245088E-4,1.029492,1.2967113E-5,0.004146343,0.0043911743,0.0044169948,1.00588,2.5934227E-5
6.6,5.506786E-6,5.810526E-6,7.971699E-6,1.3719411,2.1611856E-6,2.3600298E-5,2.4902254E-5,2.9224517E-5,1.1735692,4.3223713E-6,2.8729573E-4,3.0318493E-4,3.0966653E-4,1.0213784,6.4835567E-6,0.002869246,0.0030318494,0.003044777,1.004264,1.2967113E-5
6.7,5.506786E-6,5.810526E-6,7.971699E-6,1.3719411,2.1611856E-6,2.3600298E-5,2.4902254E-5,2.9224517E-5,1.1735692,4.3223713E-6,2.8729573E-4,3.0318493E-4,3.0966653E-4,1.0213784,6.4835567E-6,0.002869246,0.0030318494,0.003044777,1.004264,1.2967113E-5
