Magnitude,1 wk TI Prob,1 wk TD Prob,1 wk ETAS Prob,1 wk ETAS/TD Gain,1 wk ETAS Triggered Only,1 mo TI Prob,1 mo TD Prob,1 mo ETAS Prob,1 mo ETAS/TD Gain,1 mo ETAS Triggered Only,1 yr TI Prob,1 yr TD Prob,1 yr ETAS Prob,1 yr ETAS/TD Gain,1 yr ETAS Triggered Only,10 yr TI Prob,10 yr TD Prob,10 yr ETAS Prob,10 yr ETAS/TD Gain,10 yr ETAS Triggered Only
6.0,7.962936E-6,8.4235735E-6,1.4599163E-5,1.7331318,6.1756414E-6,3.4126424E-5,3.6100817E-5,4.8451653E-5,1.3421208,1.2351283E-5,4.1540997E-4,4.394895E-4,4.549218E-4,1.0351142,1.5439104E-5,0.004146343,0.0043911743,0.004418843,1.0063009,2.7790386E-5
6.1,7.962936E-6,8.4235735E-6,1.4599163E-5,1.7331318,6.1756414E-6,3.4126424E-5,3.6100817E-5,4.8451653E-5,1.3421208,1.2351283E-5,4.1540997E-4,4.394895E-4,4.549218E-4,1.0351142,1.5439104E-5,0.004146343,0.0043911743,0.004418843,1.0063009,2.7790386E-5
6.2,7.962936E-6,8.4235735E-6,1.4599163E-5,1.7331318,6.1756414E-6,3.4126424E-5,3.6100817E-5,4.8451653E-5,1.3421208,1.2351283E-5,4.1540997E-4,4.394895E-4,4.549218E-4,1.0351142,1.5439104E-5,0.004146343,0.0043911743,0.004418843,1.0063009,2.7790386E-5
6.3,7.962936E-6,8.4235735E-6,1.4599163E-5,1.7331318,6.1756414E-6,3.4126424E-5,3.6100817E-5,4.8451653E-5,1.3421208,1.2351283E-5,4.1540997E-4,4.394895E-4,4.549218E-4,1.0351142,1.5439104E-5,0.004146343,0.0043911743,0.004418843,1.0063009,2.7790386E-5
6.4,7.962936E-6,8.4235735E-6,1.4599163E-5,1.7331318,6.1756414E-6,3.4126424E-5,3.6100817E-5,4.8451653E-5,1.3421208,1.2351283E-5,4.1540997E-4,4.394895E-4,4.549218E-4,1.0351142,1.5439104E-5,0.004146343,0.0043911743,0.004418843,1.0063009,2.7790386E-5
6.5,7.962936E-6,8.4235735E-6,1.4599163E-5,1.7331318,6.1756414E-6,3.4126424E-5,3.6100817E-5,4.8451653E-5,1.3421208,1.2351283E-5,4.1540997E-4,4.394895E-4,4.549218E-4,1.0351142,1.5439104E-5,0.004146343,0.0043911743,0.004418843,1.0063009,2.7790386E-5
6.6,5.506786E-6,5.810526E-6,8.898329E-6,1.5314153,3.0878207E-6,2.3600298E-5,2.4902254E-5,3.1077743E-5,1.247989,6.1756414E-6,2.8729573E-4,3.0318493E-4,3.124456E-4,1.0305445,9.263462E-6,0.002869246,0.0030318494,0.0030472416,1.0050769,1.5439104E-5
6.7,5.506786E-6,5.810526E-6,8.898329E-6,1.5314153,3.0878207E-6,2.3600298E-5,2.4902254E-5,3.1077743E-5,1.247989,6.1756414E-6,2.8729573E-4,3.0318493E-4,3.124456E-4,1.0305445,9.263462E-6,0.002869246,0.0030318494,0.0030472416,1.0050769,1.5439104E-5
