Magnitude,1 wk TI Prob,1 wk TD Prob,1 wk ETAS Prob,1 wk ETAS/TD Gain,1 wk ETAS Triggered Only,1 mo TI Prob,1 mo TD Prob,1 mo ETAS Prob,1 mo ETAS/TD Gain,1 mo ETAS Triggered Only,1 yr TI Prob,1 yr TD Prob,1 yr ETAS Prob,1 yr ETAS/TD Gain,1 yr ETAS Triggered Only,10 yr TI Prob,10 yr TD Prob,10 yr ETAS Prob,10 yr ETAS/TD Gain,10 yr ETAS Triggered Only
6.0,4.2419113E-5,5.7836412E-5,5.7836412E-5,1.0,0.0,1.8178353E-4,2.4785337E-4,2.4785337E-4,1.0,0.0,0.002210968,0.0030145324,0.003020552,1.0019969,6.037845E-6,0.021890994,0.029842986,0.0298547,1.0003926,1.207569E-5
6.1,4.2419113E-5,5.7836412E-5,5.7836412E-5,1.0,0.0,1.8178353E-4,2.4785337E-4,2.4785337E-4,1.0,0.0,0.002210968,0.0030145324,0.003020552,1.0019969,6.037845E-6,0.021890994,0.029842986,0.0298547,1.0003926,1.207569E-5
6.2,4.2419113E-5,5.7836412E-5,5.7836412E-5,1.0,0.0,1.8178353E-4,2.4785337E-4,2.4785337E-4,1.0,0.0,0.002210968,0.0030145324,0.003020552,1.0019969,6.037845E-6,0.021890994,0.029842986,0.0298547,1.0003926,1.207569E-5
6.3,4.2419113E-5,5.7836412E-5,5.7836412E-5,1.0,0.0,1.8178353E-4,2.4785337E-4,2.4785337E-4,1.0,0.0,0.002210968,0.0030145324,0.003020552,1.0019969,6.037845E-6,0.021890994,0.029842986,0.0298547,1.0003926,1.207569E-5
6.4,4.2419113E-5,5.7836412E-5,5.7836412E-5,1.0,0.0,1.8178353E-4,2.4785337E-4,2.4785337E-4,1.0,0.0,0.002210968,0.0030145324,0.003020552,1.0019969,6.037845E-6,0.021890994,0.029842986,0.0298547,1.0003926,1.207569E-5
6.5,4.2419113E-5,5.7836412E-5,5.7836412E-5,1.0,0.0,1.8178353E-4,2.4785337E-4,2.4785337E-4,1.0,0.0,0.002210968,0.0030145324,0.003020552,1.0019969,6.037845E-6,0.021890994,0.029842986,0.0298547,1.0003926,1.207569E-5
6.6,3.5778685E-5,4.865727E-5,4.865727E-5,1.0,0.0,1.533282E-4,2.0852126E-4,2.0852126E-4,1.0,0.0,0.0018651724,0.002536925,0.0025429477,1.0023739,6.037845E-6,0.01849595,0.025190448,0.025202218,1.0004673,1.207569E-5
6.7,2.9777242E-5,4.0327057E-5,4.0327057E-5,1.0,0.0,1.2761052E-4,1.7282547E-4,1.7282547E-4,1.0,0.0,0.0015525507,0.0021032947,0.00210932,1.0028646,6.037845E-6,0.0154174855,0.020948831,0.020960653,1.0005643,1.207569E-5
6.8,2.4307292E-5,3.2781874E-5,3.2781874E-5,1.0,0.0,1.0416994E-4,1.4049283E-4,1.4049283E-4,1.0,0.0,0.0012675312,0.0017103229,0.0017163504,1.0035242,6.037845E-6,0.012603257,0.017085526,0.017097395,1.0006948,1.207569E-5
6.9,2.2774519E-5,3.0696156E-5,3.0696156E-5,1.0,0.0,9.760143E-5,1.3155496E-4,1.3155496E-4,1.0,0.0,0.0011876496,0.0016016681,0.0016076962,1.0037637,6.037845E-6,0.011813223,0.016015066,0.01602695,1.000742,1.207569E-5
