Magnitude,1 wk TI Prob,1 wk TD Prob,1 wk ETAS Prob,1 wk ETAS/TD Gain,1 wk ETAS Triggered Only,1 mo TI Prob,1 mo TD Prob,1 mo ETAS Prob,1 mo ETAS/TD Gain,1 mo ETAS Triggered Only,1 yr TI Prob,1 yr TD Prob,1 yr ETAS Prob,1 yr ETAS/TD Gain,1 yr ETAS Triggered Only,10 yr TI Prob,10 yr TD Prob,10 yr ETAS Prob,10 yr ETAS/TD Gain,10 yr ETAS Triggered Only
6.0,1.27106505E-5,1.3900362E-5,0.011317944,814.21936,0.011304202,5.447308E-5,5.957219E-5,0.015412125,258.7134,0.015353467,6.630079E-4,7.25151E-4,0.0209568,28.899912,0.02024633,0.006610333,0.0072377534,0.031859998,4.4019184,0.024801755
6.1,1.27106505E-5,1.3900362E-5,0.011317944,814.21936,0.011304202,5.447308E-5,5.957219E-5,0.015412125,258.7134,0.015353467,6.630079E-4,7.25151E-4,0.0209568,28.899912,0.02024633,0.006610333,0.0072377534,0.031859998,4.4019184,0.024801755
6.2,1.27106505E-5,1.3900362E-5,0.011317944,814.21936,0.011304202,5.447308E-5,5.957219E-5,0.015412125,258.7134,0.015353467,6.630079E-4,7.25151E-4,0.0209568,28.899912,0.02024633,0.006610333,0.0072377534,0.031859998,4.4019184,0.024801755
6.3,1.27106505E-5,1.3900362E-5,0.011317944,814.21936,0.011304202,5.447308E-5,5.957219E-5,0.015412125,258.7134,0.015353467,6.630079E-4,7.25151E-4,0.0209568,28.899912,0.02024633,0.006610333,0.0072377534,0.031859998,4.4019184,0.024801755
6.4,1.27106505E-5,1.3900362E-5,0.011317944,814.21936,0.011304202,5.447308E-5,5.957219E-5,0.015412125,258.7134,0.015353467,6.630079E-4,7.25151E-4,0.0209568,28.899912,0.02024633,0.006610333,0.0072377534,0.031859998,4.4019184,0.024801755
6.5,1.27106505E-5,1.3900362E-5,0.011317944,814.21936,0.011304202,5.447308E-5,5.957219E-5,0.015412125,258.7134,0.015353467,6.630079E-4,7.25151E-4,0.0209568,28.899912,0.02024633,0.006610333,0.0072377534,0.031859998,4.4019184,0.024801755
6.6,1.08505255E-5,1.1856941E-5,0.010303619,868.9948,0.010291885,4.6501424E-5,5.0815026E-5,0.013716393,269.9279,0.013666273,5.6600774E-4,6.1859656E-4,0.017817331,28.802832,0.01720938,0.005645683,0.006178476,0.0271381,4.3923616,0.021089928
6.7,7.97625E-6,8.706619E-6,0.0070948605,814.8812,0.0070862155,3.4183482E-5,3.7314083E-5,0.009653962,258.72168,0.009617007,4.161044E-4,4.5429895E-4,0.012933864,28.46994,0.012485237,0.004153261,0.0045429897,0.019154895,4.2163634,0.014678589
6.8,7.97625E-6,8.706619E-6,0.0070948605,814.8812,0.0070862155,3.4183482E-5,3.7314083E-5,0.009653962,258.72168,0.009617007,4.161044E-4,4.5429895E-4,0.012933864,28.46994,0.012485237,0.004153261,0.0045429897,0.019154895,4.2163634,0.014678589
