Magnitude,1 wk TI Prob,1 wk TD Prob,1 wk ETAS Prob,1 wk ETAS/TD Gain,1 wk ETAS Triggered Only,1 mo TI Prob,1 mo TD Prob,1 mo ETAS Prob,1 mo ETAS/TD Gain,1 mo ETAS Triggered Only,1 yr TI Prob,1 yr TD Prob,1 yr ETAS Prob,1 yr ETAS/TD Gain,1 yr ETAS Triggered Only,10 yr TI Prob,10 yr TD Prob,10 yr ETAS Prob,10 yr ETAS/TD Gain,10 yr ETAS Triggered Only
6.0,1.27106505E-5,1.3900362E-5,0.011747395,845.11426,0.011733657,5.447308E-5,5.957219E-5,0.014914711,250.36365,0.014856025,6.630079E-4,7.25151E-4,0.020894388,28.813845,0.020183872,0.006610333,0.0072377534,0.032737035,4.5230937,0.025685186
6.1,1.27106505E-5,1.3900362E-5,0.011747395,845.11426,0.011733657,5.447308E-5,5.957219E-5,0.014914711,250.36365,0.014856025,6.630079E-4,7.25151E-4,0.020894388,28.813845,0.020183872,0.006610333,0.0072377534,0.032737035,4.5230937,0.025685186
6.2,1.27106505E-5,1.3900362E-5,0.011747395,845.11426,0.011733657,5.447308E-5,5.957219E-5,0.014914711,250.36365,0.014856025,6.630079E-4,7.25151E-4,0.020894388,28.813845,0.020183872,0.006610333,0.0072377534,0.032737035,4.5230937,0.025685186
6.3,1.27106505E-5,1.3900362E-5,0.011747395,845.11426,0.011733657,5.447308E-5,5.957219E-5,0.014914711,250.36365,0.014856025,6.630079E-4,7.25151E-4,0.020894388,28.813845,0.020183872,0.006610333,0.0072377534,0.032737035,4.5230937,0.025685186
6.4,1.27106505E-5,1.3900362E-5,0.011747395,845.11426,0.011733657,5.447308E-5,5.957219E-5,0.014914711,250.36365,0.014856025,6.630079E-4,7.25151E-4,0.020894388,28.813845,0.020183872,0.006610333,0.0072377534,0.032737035,4.5230937,0.025685186
6.5,1.27106505E-5,1.3900362E-5,0.011747395,845.11426,0.011733657,5.447308E-5,5.957219E-5,0.014914711,250.36365,0.014856025,6.630079E-4,7.25151E-4,0.020894388,28.813845,0.020183872,0.006610333,0.0072377534,0.032737035,4.5230937,0.025685186
6.6,1.08505255E-5,1.1856941E-5,0.010258551,865.1938,0.010246816,4.6501424E-5,5.0815026E-5,0.012960899,255.06035,0.0129107395,5.6600774E-4,6.1859656E-4,0.017867671,28.884207,0.01725975,0.005645683,0.006178476,0.027850749,4.5077057,0.021807007
6.7,7.97625E-6,8.706619E-6,0.007826947,898.965,0.007818308,3.4183482E-5,3.7314083E-5,0.009874881,264.6422,0.009837934,4.161044E-4,4.5429895E-4,0.013606868,29.951351,0.013158547,0.004153261,0.0045429897,0.021021288,4.627193,0.0165535
6.8,7.97625E-6,8.706619E-6,0.007826947,898.965,0.007818308,3.4183482E-5,3.7314083E-5,0.009874881,264.6422,0.009837934,4.161044E-4,4.5429895E-4,0.013606868,29.951351,0.013158547,0.004153261,0.0045429897,0.021021288,4.627193,0.0165535
