Magnitude,1 wk TI Prob,1 wk TD Prob,1 wk ETAS Prob,1 wk ETAS/TD Gain,1 wk ETAS Triggered Only,1 mo TI Prob,1 mo TD Prob,1 mo ETAS Prob,1 mo ETAS/TD Gain,1 mo ETAS Triggered Only,1 yr TI Prob,1 yr TD Prob,1 yr ETAS Prob,1 yr ETAS/TD Gain,1 yr ETAS Triggered Only,10 yr TI Prob,10 yr TD Prob,10 yr ETAS Prob,10 yr ETAS/TD Gain,10 yr ETAS Triggered Only
6.0,5.5048527E-6,5.7432603E-6,1.6415557E-5,2.8582299,1.0672358E-5,2.3592012E-5,2.4613972E-5,4.5958164E-5,1.8671576,2.1344717E-5,2.8719488E-4,2.996751E-4,3.2101345E-4,1.0712049,2.1344717E-5,0.00286824,0.002996751,0.0030180318,1.0071013,2.1344717E-5
6.1,5.5048527E-6,5.7432603E-6,1.6415557E-5,2.8582299,1.0672358E-5,2.3592012E-5,2.4613972E-5,4.5958164E-5,1.8671576,2.1344717E-5,2.8719488E-4,2.996751E-4,3.2101345E-4,1.0712049,2.1344717E-5,0.00286824,0.002996751,0.0030180318,1.0071013,2.1344717E-5
6.2,5.5048527E-6,5.7432603E-6,1.6415557E-5,2.8582299,1.0672358E-5,2.3592012E-5,2.4613972E-5,4.5958164E-5,1.8671576,2.1344717E-5,2.8719488E-4,2.996751E-4,3.2101345E-4,1.0712049,2.1344717E-5,0.00286824,0.002996751,0.0030180318,1.0071013,2.1344717E-5
6.3,5.5048527E-6,5.7432603E-6,1.6415557E-5,2.8582299,1.0672358E-5,2.3592012E-5,2.4613972E-5,4.5958164E-5,1.8671576,2.1344717E-5,2.8719488E-4,2.996751E-4,3.2101345E-4,1.0712049,2.1344717E-5,0.00286824,0.002996751,0.0030180318,1.0071013,2.1344717E-5
6.4,5.5048527E-6,5.7432603E-6,1.6415557E-5,2.8582299,1.0672358E-5,2.3592012E-5,2.4613972E-5,4.5958164E-5,1.8671576,2.1344717E-5,2.8719488E-4,2.996751E-4,3.2101345E-4,1.0712049,2.1344717E-5,0.00286824,0.002996751,0.0030180318,1.0071013,2.1344717E-5
6.5,5.5048527E-6,5.7432603E-6,1.6415557E-5,2.8582299,1.0672358E-5,2.3592012E-5,2.4613972E-5,4.5958164E-5,1.8671576,2.1344717E-5,2.8719488E-4,2.996751E-4,3.2101345E-4,1.0712049,2.1344717E-5,0.00286824,0.002996751,0.0030180318,1.0071013,2.1344717E-5
