Magnitude,1 wk TI Prob,1 wk TD Prob,1 wk ETAS Prob,1 wk ETAS/TD Gain,1 wk ETAS Triggered Only,1 mo TI Prob,1 mo TD Prob,1 mo ETAS Prob,1 mo ETAS/TD Gain,1 mo ETAS Triggered Only,1 yr TI Prob,1 yr TD Prob,1 yr ETAS Prob,1 yr ETAS/TD Gain,1 yr ETAS Triggered Only,10 yr TI Prob,10 yr TD Prob,10 yr ETAS Prob,10 yr ETAS/TD Gain,10 yr ETAS Triggered Only
6.0,8.589771E-6,9.184696E-6,9.184696E-6,1.0,0.0,3.6812784E-5,3.936298E-5,4.1524083E-5,1.0549018,2.1611856E-6,4.4810347E-4,4.792443E-4,4.835646E-4,1.0090148,4.3223713E-6,0.0044720094,0.004792443,0.004796745,1.0008976,4.3223713E-6
6.1,8.589771E-6,9.184696E-6,9.184696E-6,1.0,0.0,3.6812784E-5,3.936298E-5,4.1524083E-5,1.0549018,2.1611856E-6,4.4810347E-4,4.792443E-4,4.835646E-4,1.0090148,4.3223713E-6,0.0044720094,0.004792443,0.004796745,1.0008976,4.3223713E-6
6.2,8.589771E-6,9.184696E-6,9.184696E-6,1.0,0.0,3.6812784E-5,3.936298E-5,4.1524083E-5,1.0549018,2.1611856E-6,4.4810347E-4,4.792443E-4,4.835646E-4,1.0090148,4.3223713E-6,0.0044720094,0.004792443,0.004796745,1.0008976,4.3223713E-6
6.3,8.589771E-6,9.184696E-6,9.184696E-6,1.0,0.0,3.6812784E-5,3.936298E-5,4.1524083E-5,1.0549018,2.1611856E-6,4.4810347E-4,4.792443E-4,4.835646E-4,1.0090148,4.3223713E-6,0.0044720094,0.004792443,0.004796745,1.0008976,4.3223713E-6
6.4,8.589771E-6,9.184696E-6,9.184696E-6,1.0,0.0,3.6812784E-5,3.936298E-5,4.1524083E-5,1.0549018,2.1611856E-6,4.4810347E-4,4.792443E-4,4.835646E-4,1.0090148,4.3223713E-6,0.0044720094,0.004792443,0.004796745,1.0008976,4.3223713E-6
6.5,8.589771E-6,9.184696E-6,9.184696E-6,1.0,0.0,3.6812784E-5,3.936298E-5,4.1524083E-5,1.0549018,2.1611856E-6,4.4810347E-4,4.792443E-4,4.835646E-4,1.0090148,4.3223713E-6,0.0044720094,0.004792443,0.004796745,1.0008976,4.3223713E-6
