Magnitude,1 wk TI Prob,1 wk TD Prob,1 wk ETAS Prob,1 wk ETAS/TD Gain,1 wk ETAS Triggered Only,1 mo TI Prob,1 mo TD Prob,1 mo ETAS Prob,1 mo ETAS/TD Gain,1 mo ETAS Triggered Only,1 yr TI Prob,1 yr TD Prob,1 yr ETAS Prob,1 yr ETAS/TD Gain,1 yr ETAS Triggered Only,10 yr TI Prob,10 yr TD Prob,10 yr ETAS Prob,10 yr ETAS/TD Gain,10 yr ETAS Triggered Only
6.0,3.637175E-5,4.988367E-5,0.0046843537,93.905556,0.004634701,1.5586962E-4,2.1378716E-4,0.005942738,27.797451,0.0057301763,0.0018960608,0.0026025574,0.0112595,4.3263216,0.0086795315,0.018799646,0.025995217,0.038717113,1.4893937,0.013061431
6.1,3.637175E-5,4.988367E-5,0.0046843537,93.905556,0.004634701,1.5586962E-4,2.1378716E-4,0.005942738,27.797451,0.0057301763,0.0018960608,0.0026025574,0.0112595,4.3263216,0.0086795315,0.018799646,0.025995217,0.038717113,1.4893937,0.013061431
6.2,3.637175E-5,4.988367E-5,0.0046843537,93.905556,0.004634701,1.5586962E-4,2.1378716E-4,0.005942738,27.797451,0.0057301763,0.0018960608,0.0026025574,0.0112595,4.3263216,0.0086795315,0.018799646,0.025995217,0.038717113,1.4893937,0.013061431
6.3,3.637175E-5,4.988367E-5,0.0046843537,93.905556,0.004634701,1.5586962E-4,2.1378716E-4,0.005942738,27.797451,0.0057301763,0.0018960608,0.0026025574,0.0112595,4.3263216,0.0086795315,0.018799646,0.025995217,0.038717113,1.4893937,0.013061431
6.4,3.637175E-5,4.988367E-5,0.0046843537,93.905556,0.004634701,1.5586962E-4,2.1378716E-4,0.005942738,27.797451,0.0057301763,0.0018960608,0.0026025574,0.0112595,4.3263216,0.0086795315,0.018799646,0.025995217,0.038717113,1.4893937,0.013061431
6.5,3.637175E-5,4.988367E-5,0.0046843537,93.905556,0.004634701,1.5586962E-4,2.1378716E-4,0.005942738,27.797451,0.0057301763,0.0018960608,0.0026025574,0.0112595,4.3263216,0.0086795315,0.018799646,0.025995217,0.038717113,1.4893937,0.013061431
