Magnitude,1 wk TI Prob,1 wk TD Prob,1 wk ETAS Prob,1 wk ETAS/TD Gain,1 wk ETAS Triggered Only,1 mo TI Prob,1 mo TD Prob,1 mo ETAS Prob,1 mo ETAS/TD Gain,1 mo ETAS Triggered Only,1 yr TI Prob,1 yr TD Prob,1 yr ETAS Prob,1 yr ETAS/TD Gain,1 yr ETAS Triggered Only,10 yr TI Prob,10 yr TD Prob,10 yr ETAS Prob,10 yr ETAS/TD Gain,10 yr ETAS Triggered Only
6.0,3.637175E-5,4.988367E-5,0.0043791877,87.787994,0.00432952,1.5586962E-4,2.1378716E-4,0.006346471,29.685932,0.0061339955,0.0018960608,0.0026025574,0.0124510955,4.7841773,0.009874236,0.018799646,0.025995217,0.039609678,1.5237293,0.013977815
6.1,3.637175E-5,4.988367E-5,0.0043791877,87.787994,0.00432952,1.5586962E-4,2.1378716E-4,0.006346471,29.685932,0.0061339955,0.0018960608,0.0026025574,0.0124510955,4.7841773,0.009874236,0.018799646,0.025995217,0.039609678,1.5237293,0.013977815
6.2,3.637175E-5,4.988367E-5,0.0043791877,87.787994,0.00432952,1.5586962E-4,2.1378716E-4,0.006346471,29.685932,0.0061339955,0.0018960608,0.0026025574,0.0124510955,4.7841773,0.009874236,0.018799646,0.025995217,0.039609678,1.5237293,0.013977815
6.3,3.637175E-5,4.988367E-5,0.0043791877,87.787994,0.00432952,1.5586962E-4,2.1378716E-4,0.006346471,29.685932,0.0061339955,0.0018960608,0.0026025574,0.0124510955,4.7841773,0.009874236,0.018799646,0.025995217,0.039609678,1.5237293,0.013977815
6.4,3.637175E-5,4.988367E-5,0.0043791877,87.787994,0.00432952,1.5586962E-4,2.1378716E-4,0.006346471,29.685932,0.0061339955,0.0018960608,0.0026025574,0.0124510955,4.7841773,0.009874236,0.018799646,0.025995217,0.039609678,1.5237293,0.013977815
6.5,3.637175E-5,4.988367E-5,0.0043791877,87.787994,0.00432952,1.5586962E-4,2.1378716E-4,0.006346471,29.685932,0.0061339955,0.0018960608,0.0026025574,0.0124510955,4.7841773,0.009874236,0.018799646,0.025995217,0.039609678,1.5237293,0.013977815
