Magnitude,1 wk TI Prob,1 wk TD Prob,1 wk ETAS Prob,1 wk ETAS/TD Gain,1 wk ETAS Triggered Only,1 mo TI Prob,1 mo TD Prob,1 mo ETAS Prob,1 mo ETAS/TD Gain,1 mo ETAS Triggered Only,1 yr TI Prob,1 yr TD Prob,1 yr ETAS Prob,1 yr ETAS/TD Gain,1 yr ETAS Triggered Only,10 yr TI Prob,10 yr TD Prob,10 yr ETAS Prob,10 yr ETAS/TD Gain,10 yr ETAS Triggered Only
6.0,3.637175E-5,4.988367E-5,0.004192389,84.04332,0.0041427123,1.5586962E-4,2.1378716E-4,0.0060123443,28.123037,0.005799797,0.0018960608,0.0026025574,0.0121481605,4.667778,0.009570511,0.018799646,0.025995217,0.0393849,1.5150826,0.013747041
6.1,3.637175E-5,4.988367E-5,0.004192389,84.04332,0.0041427123,1.5586962E-4,2.1378716E-4,0.0060123443,28.123037,0.005799797,0.0018960608,0.0026025574,0.0121481605,4.667778,0.009570511,0.018799646,0.025995217,0.0393849,1.5150826,0.013747041
6.2,3.637175E-5,4.988367E-5,0.004192389,84.04332,0.0041427123,1.5586962E-4,2.1378716E-4,0.0060123443,28.123037,0.005799797,0.0018960608,0.0026025574,0.0121481605,4.667778,0.009570511,0.018799646,0.025995217,0.0393849,1.5150826,0.013747041
6.3,3.637175E-5,4.988367E-5,0.004192389,84.04332,0.0041427123,1.5586962E-4,2.1378716E-4,0.0060123443,28.123037,0.005799797,0.0018960608,0.0026025574,0.0121481605,4.667778,0.009570511,0.018799646,0.025995217,0.0393849,1.5150826,0.013747041
6.4,3.637175E-5,4.988367E-5,0.004192389,84.04332,0.0041427123,1.5586962E-4,2.1378716E-4,0.0060123443,28.123037,0.005799797,0.0018960608,0.0026025574,0.0121481605,4.667778,0.009570511,0.018799646,0.025995217,0.0393849,1.5150826,0.013747041
6.5,3.637175E-5,4.988367E-5,0.004192389,84.04332,0.0041427123,1.5586962E-4,2.1378716E-4,0.0060123443,28.123037,0.005799797,0.0018960608,0.0026025574,0.0121481605,4.667778,0.009570511,0.018799646,0.025995217,0.0393849,1.5150826,0.013747041
