Magnitude,1 wk TI Prob,1 wk TD Prob,1 wk ETAS Prob,1 wk ETAS/TD Gain,1 wk ETAS Triggered Only,1 mo TI Prob,1 mo TD Prob,1 mo ETAS Prob,1 mo ETAS/TD Gain,1 mo ETAS Triggered Only,1 yr TI Prob,1 yr TD Prob,1 yr ETAS Prob,1 yr ETAS/TD Gain,1 yr ETAS Triggered Only,10 yr TI Prob,10 yr TD Prob,10 yr ETAS Prob,10 yr ETAS/TD Gain,10 yr ETAS Triggered Only
6.0,3.637175E-5,4.988367E-5,0.0043664416,87.532486,0.0043167733,1.5586962E-4,2.1378716E-4,0.0063325395,29.620766,0.0061200606,0.0018960608,0.0026025574,0.012442469,4.7808623,0.009865588,0.018799646,0.025995217,0.039604392,1.5235261,0.013972389
6.1,3.637175E-5,4.988367E-5,0.0043664416,87.532486,0.0043167733,1.5586962E-4,2.1378716E-4,0.0063325395,29.620766,0.0061200606,0.0018960608,0.0026025574,0.012442469,4.7808623,0.009865588,0.018799646,0.025995217,0.039604392,1.5235261,0.013972389
6.2,3.637175E-5,4.988367E-5,0.0043664416,87.532486,0.0043167733,1.5586962E-4,2.1378716E-4,0.0063325395,29.620766,0.0061200606,0.0018960608,0.0026025574,0.012442469,4.7808623,0.009865588,0.018799646,0.025995217,0.039604392,1.5235261,0.013972389
6.3,3.637175E-5,4.988367E-5,0.0043664416,87.532486,0.0043167733,1.5586962E-4,2.1378716E-4,0.0063325395,29.620766,0.0061200606,0.0018960608,0.0026025574,0.012442469,4.7808623,0.009865588,0.018799646,0.025995217,0.039604392,1.5235261,0.013972389
6.4,3.637175E-5,4.988367E-5,0.0043664416,87.532486,0.0043167733,1.5586962E-4,2.1378716E-4,0.0063325395,29.620766,0.0061200606,0.0018960608,0.0026025574,0.012442469,4.7808623,0.009865588,0.018799646,0.025995217,0.039604392,1.5235261,0.013972389
6.5,3.637175E-5,4.988367E-5,0.0043664416,87.532486,0.0043167733,1.5586962E-4,2.1378716E-4,0.0063325395,29.620766,0.0061200606,0.0018960608,0.0026025574,0.012442469,4.7808623,0.009865588,0.018799646,0.025995217,0.039604392,1.5235261,0.013972389
