Magnitude,1 wk TI Prob,1 wk TD Prob,1 wk ETAS Prob,1 wk ETAS/TD Gain,1 wk ETAS Triggered Only,1 mo TI Prob,1 mo TD Prob,1 mo ETAS Prob,1 mo ETAS/TD Gain,1 mo ETAS Triggered Only,1 yr TI Prob,1 yr TD Prob,1 yr ETAS Prob,1 yr ETAS/TD Gain,1 yr ETAS Triggered Only,10 yr TI Prob,10 yr TD Prob,10 yr ETAS Prob,10 yr ETAS/TD Gain,10 yr ETAS Triggered Only
6.0,3.637175E-5,4.988367E-5,0.0044354624,88.91612,0.004385798,1.5586962E-4,2.1378716E-4,0.006257268,29.26868,0.0060447734,0.0018960608,0.0026025574,0.012530506,4.8146896,0.009953854,0.018799646,0.025995217,0.039813522,1.531571,0.014187102
6.1,3.637175E-5,4.988367E-5,0.0044354624,88.91612,0.004385798,1.5586962E-4,2.1378716E-4,0.006257268,29.26868,0.0060447734,0.0018960608,0.0026025574,0.012530506,4.8146896,0.009953854,0.018799646,0.025995217,0.039813522,1.531571,0.014187102
6.2,3.637175E-5,4.988367E-5,0.0044354624,88.91612,0.004385798,1.5586962E-4,2.1378716E-4,0.006257268,29.26868,0.0060447734,0.0018960608,0.0026025574,0.012530506,4.8146896,0.009953854,0.018799646,0.025995217,0.039813522,1.531571,0.014187102
6.3,3.637175E-5,4.988367E-5,0.0044354624,88.91612,0.004385798,1.5586962E-4,2.1378716E-4,0.006257268,29.26868,0.0060447734,0.0018960608,0.0026025574,0.012530506,4.8146896,0.009953854,0.018799646,0.025995217,0.039813522,1.531571,0.014187102
6.4,3.637175E-5,4.988367E-5,0.0044354624,88.91612,0.004385798,1.5586962E-4,2.1378716E-4,0.006257268,29.26868,0.0060447734,0.0018960608,0.0026025574,0.012530506,4.8146896,0.009953854,0.018799646,0.025995217,0.039813522,1.531571,0.014187102
6.5,3.637175E-5,4.988367E-5,0.0044354624,88.91612,0.004385798,1.5586962E-4,2.1378716E-4,0.006257268,29.26868,0.0060447734,0.0018960608,0.0026025574,0.012530506,4.8146896,0.009953854,0.018799646,0.025995217,0.039813522,1.531571,0.014187102
