Magnitude,1 wk TI Prob,1 wk TD Prob,1 wk ETAS Prob,1 wk ETAS/TD Gain,1 wk ETAS Triggered Only,1 mo TI Prob,1 mo TD Prob,1 mo ETAS Prob,1 mo ETAS/TD Gain,1 mo ETAS Triggered Only,1 yr TI Prob,1 yr TD Prob,1 yr ETAS Prob,1 yr ETAS/TD Gain,1 yr ETAS Triggered Only,10 yr TI Prob,10 yr TD Prob,10 yr ETAS Prob,10 yr ETAS/TD Gain,10 yr ETAS Triggered Only
6.0,2.9380968E-5,3.7712594E-5,8.299869E-5,2.2008216,4.5287805E-5,1.2591235E-4,1.616254E-4,2.3924909E-4,1.4802691,7.7636236E-5,0.0015319049,0.0019677528,0.0021098058,1.0721905,1.423331E-4,0.015213877,0.0196723,0.019875258,1.0103168,2.0702997E-4
6.1,2.9380968E-5,3.7712594E-5,8.299869E-5,2.2008216,4.5287805E-5,1.2591235E-4,1.616254E-4,2.3924909E-4,1.4802691,7.7636236E-5,0.0015319049,0.0019677528,0.0021098058,1.0721905,1.423331E-4,0.015213877,0.0196723,0.019875258,1.0103168,2.0702997E-4
6.2,2.9380968E-5,3.7712594E-5,8.299869E-5,2.2008216,4.5287805E-5,1.2591235E-4,1.616254E-4,2.3924909E-4,1.4802691,7.7636236E-5,0.0015319049,0.0019677528,0.0021098058,1.0721905,1.423331E-4,0.015213877,0.0196723,0.019875258,1.0103168,2.0702997E-4
6.3,2.9380968E-5,3.7712594E-5,8.299869E-5,2.2008216,4.5287805E-5,1.2591235E-4,1.616254E-4,2.3924909E-4,1.4802691,7.7636236E-5,0.0015319049,0.0019677528,0.0021098058,1.0721905,1.423331E-4,0.015213877,0.0196723,0.019875258,1.0103168,2.0702997E-4
6.4,2.9380968E-5,3.7712594E-5,8.299869E-5,2.2008216,4.5287805E-5,1.2591235E-4,1.616254E-4,2.3924909E-4,1.4802691,7.7636236E-5,0.0015319049,0.0019677528,0.0021098058,1.0721905,1.423331E-4,0.015213877,0.0196723,0.019875258,1.0103168,2.0702997E-4
6.5,2.9380968E-5,3.7712594E-5,8.299869E-5,2.2008216,4.5287805E-5,1.2591235E-4,1.616254E-4,2.3924909E-4,1.4802691,7.7636236E-5,0.0015319049,0.0019677528,0.0021098058,1.0721905,1.423331E-4,0.015213877,0.0196723,0.019875258,1.0103168,2.0702997E-4
6.6,2.9380968E-5,3.7712594E-5,8.299869E-5,2.2008216,4.5287805E-5,1.2591235E-4,1.616254E-4,2.3924909E-4,1.4802691,7.7636236E-5,0.0015319049,0.0019677528,0.0021098058,1.0721905,1.423331E-4,0.015213877,0.0196723,0.019875258,1.0103168,2.0702997E-4
