Magnitude,1 wk TI Prob,1 wk TD Prob,1 wk ETAS Prob,1 wk ETAS/TD Gain,1 wk ETAS Triggered Only,1 mo TI Prob,1 mo TD Prob,1 mo ETAS Prob,1 mo ETAS/TD Gain,1 mo ETAS Triggered Only,1 yr TI Prob,1 yr TD Prob,1 yr ETAS Prob,1 yr ETAS/TD Gain,1 yr ETAS Triggered Only,10 yr TI Prob,10 yr TD Prob,10 yr ETAS Prob,10 yr ETAS/TD Gain,10 yr ETAS Triggered Only
6.0,9.706857E-6,1.0473486E-5,2.0177913E-5,1.9265709,9.7045295E-6,4.160015E-5,4.488637E-5,5.782516E-5,1.2882566,1.2939373E-5,5.063641E-4,5.4649153E-4,5.917546E-4,1.0828248,4.5287805E-5,0.0050521186,0.0054649157,0.0055421274,1.0141287,7.7636236E-5
6.1,9.706857E-6,1.0473486E-5,2.0177913E-5,1.9265709,9.7045295E-6,4.160015E-5,4.488637E-5,5.782516E-5,1.2882566,1.2939373E-5,5.063641E-4,5.4649153E-4,5.917546E-4,1.0828248,4.5287805E-5,0.0050521186,0.0054649157,0.0055421274,1.0141287,7.7636236E-5
6.2,9.706857E-6,1.0473486E-5,2.0177913E-5,1.9265709,9.7045295E-6,4.160015E-5,4.488637E-5,5.782516E-5,1.2882566,1.2939373E-5,5.063641E-4,5.4649153E-4,5.917546E-4,1.0828248,4.5287805E-5,0.0050521186,0.0054649157,0.0055421274,1.0141287,7.7636236E-5
6.3,9.706857E-6,1.0473486E-5,2.0177913E-5,1.9265709,9.7045295E-6,4.160015E-5,4.488637E-5,5.782516E-5,1.2882566,1.2939373E-5,5.063641E-4,5.4649153E-4,5.917546E-4,1.0828248,4.5287805E-5,0.0050521186,0.0054649157,0.0055421274,1.0141287,7.7636236E-5
6.4,9.706857E-6,1.0473486E-5,2.0177913E-5,1.9265709,9.7045295E-6,4.160015E-5,4.488637E-5,5.782516E-5,1.2882566,1.2939373E-5,5.063641E-4,5.4649153E-4,5.917546E-4,1.0828248,4.5287805E-5,0.0050521186,0.0054649157,0.0055421274,1.0141287,7.7636236E-5
6.5,9.706857E-6,1.0473486E-5,2.0177913E-5,1.9265709,9.7045295E-6,4.160015E-5,4.488637E-5,5.782516E-5,1.2882566,1.2939373E-5,5.063641E-4,5.4649153E-4,5.917546E-4,1.0828248,4.5287805E-5,0.0050521186,0.0054649157,0.0055421274,1.0141287,7.7636236E-5
