Magnitude,1 wk TI Prob,1 wk TD Prob,1 wk ETAS Prob,1 wk ETAS/TD Gain,1 wk ETAS Triggered Only,1 mo TI Prob,1 mo TD Prob,1 mo ETAS Prob,1 mo ETAS/TD Gain,1 mo ETAS Triggered Only,1 yr TI Prob,1 yr TD Prob,1 yr ETAS Prob,1 yr ETAS/TD Gain,1 yr ETAS Triggered Only,10 yr TI Prob,10 yr TD Prob,10 yr ETAS Prob,10 yr ETAS/TD Gain,10 yr ETAS Triggered Only
6.0,2.0678692E-4,4.6456268E-4,4.742627E-4,1.0208799,9.7045295E-6,8.8592863E-4,0.0019886654,0.0020048076,1.0081171,1.6174215E-5,0.010732949,0.023858009,0.023876954,1.0007942,1.9409059E-5,0.10229127,0.20777887,0.2078045,1.0001234,3.234843E-5
6.1,1.5597911E-4,3.5018445E-4,3.5988557E-4,1.0277029,9.7045295E-6,6.683106E-4,0.0014995098,0.0015124298,1.0086161,1.2939373E-5,0.008106367,0.018075831,0.018091712,1.0008786,1.6174215E-5,0.0781696,0.16418044,0.16420478,1.0001482,2.9113588E-5
6.2,1.5597911E-4,3.5018445E-4,3.5988557E-4,1.0277029,9.7045295E-6,6.683106E-4,0.0014995098,0.0015124298,1.0086161,1.2939373E-5,0.008106367,0.018075831,0.018091712,1.0008786,1.6174215E-5,0.0781696,0.16418044,0.16420478,1.0001482,2.9113588E-5
6.3,1.5597911E-4,3.5018445E-4,3.5988557E-4,1.0277029,9.7045295E-6,6.683106E-4,0.0014995098,0.0015124298,1.0086161,1.2939373E-5,0.008106367,0.018075831,0.018091712,1.0008786,1.6174215E-5,0.0781696,0.16418044,0.16420478,1.0001482,2.9113588E-5
