Magnitude,1 wk TI Prob,1 wk TD Prob,1 wk ETAS Prob,1 wk ETAS/TD Gain,1 wk ETAS Triggered Only,1 mo TI Prob,1 mo TD Prob,1 mo ETAS Prob,1 mo ETAS/TD Gain,1 mo ETAS Triggered Only,1 yr TI Prob,1 yr TD Prob,1 yr ETAS Prob,1 yr ETAS/TD Gain,1 yr ETAS Triggered Only,10 yr TI Prob,10 yr TD Prob,10 yr ETAS Prob,10 yr ETAS/TD Gain,10 yr ETAS Triggered Only
6.0,9.706857E-6,1.0473486E-5,3.269918E-5,3.1220913,2.2225926E-5,4.160015E-5,4.488637E-5,6.71113E-5,1.4951376,2.2225926E-5,5.063641E-4,5.4649153E-4,5.909191E-4,1.081296,4.4451852E-5,0.0050521186,0.0054649157,0.0055312286,1.0121344,6.667778E-5
6.1,9.706857E-6,1.0473486E-5,3.269918E-5,3.1220913,2.2225926E-5,4.160015E-5,4.488637E-5,6.71113E-5,1.4951376,2.2225926E-5,5.063641E-4,5.4649153E-4,5.909191E-4,1.081296,4.4451852E-5,0.0050521186,0.0054649157,0.0055312286,1.0121344,6.667778E-5
6.2,9.706857E-6,1.0473486E-5,3.269918E-5,3.1220913,2.2225926E-5,4.160015E-5,4.488637E-5,6.71113E-5,1.4951376,2.2225926E-5,5.063641E-4,5.4649153E-4,5.909191E-4,1.081296,4.4451852E-5,0.0050521186,0.0054649157,0.0055312286,1.0121344,6.667778E-5
6.3,9.706857E-6,1.0473486E-5,3.269918E-5,3.1220913,2.2225926E-5,4.160015E-5,4.488637E-5,6.71113E-5,1.4951376,2.2225926E-5,5.063641E-4,5.4649153E-4,5.909191E-4,1.081296,4.4451852E-5,0.0050521186,0.0054649157,0.0055312286,1.0121344,6.667778E-5
6.4,9.706857E-6,1.0473486E-5,3.269918E-5,3.1220913,2.2225926E-5,4.160015E-5,4.488637E-5,6.71113E-5,1.4951376,2.2225926E-5,5.063641E-4,5.4649153E-4,5.909191E-4,1.081296,4.4451852E-5,0.0050521186,0.0054649157,0.0055312286,1.0121344,6.667778E-5
6.5,9.706857E-6,1.0473486E-5,3.269918E-5,3.1220913,2.2225926E-5,4.160015E-5,4.488637E-5,6.71113E-5,1.4951376,2.2225926E-5,5.063641E-4,5.4649153E-4,5.909191E-4,1.081296,4.4451852E-5,0.0050521186,0.0054649157,0.0055312286,1.0121344,6.667778E-5
