Magnitude,1 wk TI Prob,1 wk TD Prob,1 wk ETAS Prob,1 wk ETAS/TD Gain,1 wk ETAS Triggered Only,1 mo TI Prob,1 mo TD Prob,1 mo ETAS Prob,1 mo ETAS/TD Gain,1 mo ETAS Triggered Only,1 yr TI Prob,1 yr TD Prob,1 yr ETAS Prob,1 yr ETAS/TD Gain,1 yr ETAS Triggered Only,10 yr TI Prob,10 yr TD Prob,10 yr ETAS Prob,10 yr ETAS/TD Gain,10 yr ETAS Triggered Only
6.0,2.0678692E-4,4.6456268E-4,4.737182E-4,1.0197078,9.159774E-6,8.8592863E-4,0.0019886654,0.0020039014,1.0076613,1.526629E-5,0.010732949,0.023858009,0.02387589,1.0007496,1.8319548E-5,0.10229127,0.20777887,0.20780306,1.0001165,3.053258E-5
6.1,1.5597911E-4,3.5018445E-4,3.59341E-4,1.0261478,9.159774E-6,6.683106E-4,0.0014995098,0.0015117045,1.0081325,1.2213032E-5,0.008106367,0.018075831,0.01809082,1.0008293,1.526629E-5,0.0781696,0.16418044,0.1642034,1.00014,2.7479322E-5
6.2,1.5597911E-4,3.5018445E-4,3.59341E-4,1.0261478,9.159774E-6,6.683106E-4,0.0014995098,0.0015117045,1.0081325,1.2213032E-5,0.008106367,0.018075831,0.01809082,1.0008293,1.526629E-5,0.0781696,0.16418044,0.1642034,1.00014,2.7479322E-5
6.3,1.5597911E-4,3.5018445E-4,3.59341E-4,1.0261478,9.159774E-6,6.683106E-4,0.0014995098,0.0015117045,1.0081325,1.2213032E-5,0.008106367,0.018075831,0.01809082,1.0008293,1.526629E-5,0.0781696,0.16418044,0.1642034,1.00014,2.7479322E-5
