Magnitude,1 wk TI Prob,1 wk TD Prob,1 wk ETAS Prob,1 wk ETAS/TD Gain,1 wk ETAS Triggered Only,1 mo TI Prob,1 mo TD Prob,1 mo ETAS Prob,1 mo ETAS/TD Gain,1 mo ETAS Triggered Only,1 yr TI Prob,1 yr TD Prob,1 yr ETAS Prob,1 yr ETAS/TD Gain,1 yr ETAS Triggered Only,10 yr TI Prob,10 yr TD Prob,10 yr ETAS Prob,10 yr ETAS/TD Gain,10 yr ETAS Triggered Only
6.0,2.0678692E-4,4.6456268E-4,4.7104323E-4,1.0139498,6.4835567E-6,8.8592863E-4,0.0019886654,0.00199945,1.005423,1.0805928E-5,0.010732949,0.023858009,0.023870666,1.0005306,1.2967113E-5,0.10229127,0.20777887,0.20779942,1.0000988,2.5934227E-5
6.1,1.5597911E-4,3.5018445E-4,3.5666573E-4,1.0185082,6.4835567E-6,6.683106E-4,0.0014995098,0.0015081416,1.0057564,8.644743E-6,0.008106367,0.018075831,0.01808644,1.000587,1.0805928E-5,0.0781696,0.16418044,0.1642003,1.000121,2.377304E-5
6.2,1.5597911E-4,3.5018445E-4,3.5666573E-4,1.0185082,6.4835567E-6,6.683106E-4,0.0014995098,0.0015081416,1.0057564,8.644743E-6,0.008106367,0.018075831,0.01808644,1.000587,1.0805928E-5,0.0781696,0.16418044,0.1642003,1.000121,2.377304E-5
6.3,1.5597911E-4,3.5018445E-4,3.5666573E-4,1.0185082,6.4835567E-6,6.683106E-4,0.0014995098,0.0015081416,1.0057564,8.644743E-6,0.008106367,0.018075831,0.01808644,1.000587,1.0805928E-5,0.0781696,0.16418044,0.1642003,1.000121,2.377304E-5
