Magnitude,1 wk TI Prob,1 wk TD Prob,1 wk ETAS Prob,1 wk ETAS/TD Gain,1 wk ETAS Triggered Only,1 mo TI Prob,1 mo TD Prob,1 mo ETAS Prob,1 mo ETAS/TD Gain,1 mo ETAS Triggered Only,1 yr TI Prob,1 yr TD Prob,1 yr ETAS Prob,1 yr ETAS/TD Gain,1 yr ETAS Triggered Only,10 yr TI Prob,10 yr TD Prob,10 yr ETAS Prob,10 yr ETAS/TD Gain,10 yr ETAS Triggered Only
6.0,9.5099895E-5,2.0216104E-4,2.4866327E-4,1.2300256,4.6511628E-5,4.075073E-4,8.6613704E-4,9.590797E-4,1.1073071,9.3023256E-5,0.00495012,0.010495704,0.010610762,1.0109625,1.1627907E-4,0.048412967,0.10018345,0.10039271,1.0020888,2.3255814E-4
6.1,9.5099895E-5,2.0216104E-4,2.4866327E-4,1.2300256,4.6511628E-5,4.075073E-4,8.6613704E-4,9.590797E-4,1.1073071,9.3023256E-5,0.00495012,0.010495704,0.010610762,1.0109625,1.1627907E-4,0.048412967,0.10018345,0.10039271,1.0020888,2.3255814E-4
6.2,9.5099895E-5,2.0216104E-4,2.4866327E-4,1.2300256,4.6511628E-5,4.075073E-4,8.6613704E-4,9.590797E-4,1.1073071,9.3023256E-5,0.00495012,0.010495704,0.010610762,1.0109625,1.1627907E-4,0.048412967,0.10018345,0.10039271,1.0020888,2.3255814E-4
6.3,9.5099895E-5,2.0216104E-4,2.4866327E-4,1.2300256,4.6511628E-5,4.075073E-4,8.6613704E-4,9.590797E-4,1.1073071,9.3023256E-5,0.00495012,0.010495704,0.010610762,1.0109625,1.1627907E-4,0.048412967,0.10018345,0.10039271,1.0020888,2.3255814E-4
6.4,9.5099895E-5,2.0216104E-4,2.4866327E-4,1.2300256,4.6511628E-5,4.075073E-4,8.6613704E-4,9.590797E-4,1.1073071,9.3023256E-5,0.00495012,0.010495704,0.010610762,1.0109625,1.1627907E-4,0.048412967,0.10018345,0.10039271,1.0020888,2.3255814E-4
6.5,9.5099895E-5,2.0216104E-4,2.4866327E-4,1.2300256,4.6511628E-5,4.075073E-4,8.6613704E-4,9.590797E-4,1.1073071,9.3023256E-5,0.00495012,0.010495704,0.010610762,1.0109625,1.1627907E-4,0.048412967,0.10018345,0.10039271,1.0020888,2.3255814E-4
6.6,6.811134E-5,1.4962441E-4,1.9612908E-4,1.3108094,4.6511628E-5,2.9187306E-4,6.410975E-4,7.3406106E-4,1.145007,9.3023256E-5,0.0035477648,0.007785119,0.007900493,1.0148197,1.1627907E-4,0.034916576,0.075827375,0.0760423,1.0028344,2.3255814E-4
6.7,6.811134E-5,1.4962441E-4,1.9612908E-4,1.3108094,4.6511628E-5,2.9187306E-4,6.410975E-4,7.3406106E-4,1.145007,9.3023256E-5,0.0035477648,0.007785119,0.007900493,1.0148197,1.1627907E-4,0.034916576,0.075827375,0.0760423,1.0028344,2.3255814E-4
