Magnitude,1 wk TI Prob,1 wk TD Prob,1 wk ETAS Prob,1 wk ETAS/TD Gain,1 wk ETAS Triggered Only,1 mo TI Prob,1 mo TD Prob,1 mo ETAS Prob,1 mo ETAS/TD Gain,1 mo ETAS Triggered Only,1 yr TI Prob,1 yr TD Prob,1 yr ETAS Prob,1 yr ETAS/TD Gain,1 yr ETAS Triggered Only,10 yr TI Prob,10 yr TD Prob,10 yr ETAS Prob,10 yr ETAS/TD Gain,10 yr ETAS Triggered Only
6.0,1.14914055E-5,1.2581658E-5,2.1226291E-5,1.6870823,8.644743E-6,4.9247952E-5,5.392139E-5,6.256567E-5,1.1603125,8.644743E-6,5.9942884E-4,6.564929E-4,6.716113E-4,1.023029,1.5128298E-5,0.005978145,0.006564929,0.006588546,1.0035975,2.377304E-5
6.1,1.14914055E-5,1.2581658E-5,2.1226291E-5,1.6870823,8.644743E-6,4.9247952E-5,5.392139E-5,6.256567E-5,1.1603125,8.644743E-6,5.9942884E-4,6.564929E-4,6.716113E-4,1.023029,1.5128298E-5,0.005978145,0.006564929,0.006588546,1.0035975,2.377304E-5
6.2,1.14914055E-5,1.2581658E-5,2.1226291E-5,1.6870823,8.644743E-6,4.9247952E-5,5.392139E-5,6.256567E-5,1.1603125,8.644743E-6,5.9942884E-4,6.564929E-4,6.716113E-4,1.023029,1.5128298E-5,0.005978145,0.006564929,0.006588546,1.0035975,2.377304E-5
6.3,1.14914055E-5,1.2581658E-5,2.1226291E-5,1.6870823,8.644743E-6,4.9247952E-5,5.392139E-5,6.256567E-5,1.1603125,8.644743E-6,5.9942884E-4,6.564929E-4,6.716113E-4,1.023029,1.5128298E-5,0.005978145,0.006564929,0.006588546,1.0035975,2.377304E-5
6.4,1.14914055E-5,1.2581658E-5,2.1226291E-5,1.6870823,8.644743E-6,4.9247952E-5,5.392139E-5,6.256567E-5,1.1603125,8.644743E-6,5.9942884E-4,6.564929E-4,6.716113E-4,1.023029,1.5128298E-5,0.005978145,0.006564929,0.006588546,1.0035975,2.377304E-5
6.5,1.14914055E-5,1.2581658E-5,2.1226291E-5,1.6870823,8.644743E-6,4.9247952E-5,5.392139E-5,6.256567E-5,1.1603125,8.644743E-6,5.9942884E-4,6.564929E-4,6.716113E-4,1.023029,1.5128298E-5,0.005978145,0.006564929,0.006588546,1.0035975,2.377304E-5
