Magnitude,1 wk TI Prob,1 wk TD Prob,1 wk ETAS Prob,1 wk ETAS/TD Gain,1 wk ETAS Triggered Only,1 mo TI Prob,1 mo TD Prob,1 mo ETAS Prob,1 mo ETAS/TD Gain,1 mo ETAS Triggered Only,1 yr TI Prob,1 yr TD Prob,1 yr ETAS Prob,1 yr ETAS/TD Gain,1 yr ETAS Triggered Only,10 yr TI Prob,10 yr TD Prob,10 yr ETAS Prob,10 yr ETAS/TD Gain,10 yr ETAS Triggered Only
6.0,9.5099895E-5,2.0216104E-4,2.5771462E-4,1.2747986,5.5564815E-5,4.075073E-4,8.6613704E-4,9.5496373E-4,1.102555,8.8903704E-5,0.00495012,0.010495704,0.010638656,1.01362,1.4446852E-4,0.048412967,0.10018345,0.10039344,1.002096,2.3337222E-4
6.1,9.5099895E-5,2.0216104E-4,2.5771462E-4,1.2747986,5.5564815E-5,4.075073E-4,8.6613704E-4,9.5496373E-4,1.102555,8.8903704E-5,0.00495012,0.010495704,0.010638656,1.01362,1.4446852E-4,0.048412967,0.10018345,0.10039344,1.002096,2.3337222E-4
6.2,9.5099895E-5,2.0216104E-4,2.5771462E-4,1.2747986,5.5564815E-5,4.075073E-4,8.6613704E-4,9.5496373E-4,1.102555,8.8903704E-5,0.00495012,0.010495704,0.010638656,1.01362,1.4446852E-4,0.048412967,0.10018345,0.10039344,1.002096,2.3337222E-4
6.3,9.5099895E-5,2.0216104E-4,2.5771462E-4,1.2747986,5.5564815E-5,4.075073E-4,8.6613704E-4,9.5496373E-4,1.102555,8.8903704E-5,0.00495012,0.010495704,0.010638656,1.01362,1.4446852E-4,0.048412967,0.10018345,0.10039344,1.002096,2.3337222E-4
6.4,9.5099895E-5,2.0216104E-4,2.5771462E-4,1.2747986,5.5564815E-5,4.075073E-4,8.6613704E-4,9.5496373E-4,1.102555,8.8903704E-5,0.00495012,0.010495704,0.010638656,1.01362,1.4446852E-4,0.048412967,0.10018345,0.10039344,1.002096,2.3337222E-4
6.5,9.5099895E-5,2.0216104E-4,2.5771462E-4,1.2747986,5.5564815E-5,4.075073E-4,8.6613704E-4,9.5496373E-4,1.102555,8.8903704E-5,0.00495012,0.010495704,0.010638656,1.01362,1.4446852E-4,0.048412967,0.10018345,0.10039344,1.002096,2.3337222E-4
6.6,6.811134E-5,1.4962441E-4,1.9406961E-4,1.2970451,4.4451852E-5,2.9187306E-4,6.410975E-4,7.1883836E-4,1.1212622,7.779074E-5,0.0035477648,0.007785119,0.00790641,1.0155798,1.2224259E-4,0.034916576,0.075827375,0.07602251,1.0025734,2.111463E-4
6.7,6.811134E-5,1.4962441E-4,1.9406961E-4,1.2970451,4.4451852E-5,2.9187306E-4,6.410975E-4,7.1883836E-4,1.1212622,7.779074E-5,0.0035477648,0.007785119,0.00790641,1.0155798,1.2224259E-4,0.034916576,0.075827375,0.07602251,1.0025734,2.111463E-4
