Magnitude,1 wk TI Prob,1 wk TD Prob,1 wk ETAS Prob,1 wk ETAS/TD Gain,1 wk ETAS Triggered Only,1 mo TI Prob,1 mo TD Prob,1 mo ETAS Prob,1 mo ETAS/TD Gain,1 mo ETAS Triggered Only,1 yr TI Prob,1 yr TD Prob,1 yr ETAS Prob,1 yr ETAS/TD Gain,1 yr ETAS Triggered Only,10 yr TI Prob,10 yr TD Prob,10 yr ETAS Prob,10 yr ETAS/TD Gain,10 yr ETAS Triggered Only
6.0,1.765222E-5,1.996643E-5,1.996643E-5,1.0,0.0,7.565018E-5,8.556876E-5,1.3621272E-4,1.5918511,5.0648297E-5,9.206518E-4,0.0010415068,0.0011426979,1.0971583,1.01296595E-4,0.009168469,0.010386396,0.010536763,1.0144773,1.519449E-4
6.1,1.765222E-5,1.996643E-5,1.996643E-5,1.0,0.0,7.565018E-5,8.556876E-5,1.3621272E-4,1.5918511,5.0648297E-5,9.206518E-4,0.0010415068,0.0011426979,1.0971583,1.01296595E-4,0.009168469,0.010386396,0.010536763,1.0144773,1.519449E-4
6.2,1.765222E-5,1.996643E-5,1.996643E-5,1.0,0.0,7.565018E-5,8.556876E-5,1.3621272E-4,1.5918511,5.0648297E-5,9.206518E-4,0.0010415068,0.0011426979,1.0971583,1.01296595E-4,0.009168469,0.010386396,0.010536763,1.0144773,1.519449E-4
6.3,1.765222E-5,1.996643E-5,1.996643E-5,1.0,0.0,7.565018E-5,8.556876E-5,1.3621272E-4,1.5918511,5.0648297E-5,9.206518E-4,0.0010415068,0.0011426979,1.0971583,1.01296595E-4,0.009168469,0.010386396,0.010536763,1.0144773,1.519449E-4
6.4,1.765222E-5,1.996643E-5,1.996643E-5,1.0,0.0,7.565018E-5,8.556876E-5,1.3621272E-4,1.5918511,5.0648297E-5,9.206518E-4,0.0010415068,0.0011426979,1.0971583,1.01296595E-4,0.009168469,0.010386396,0.010536763,1.0144773,1.519449E-4
6.5,1.765222E-5,1.996643E-5,1.996643E-5,1.0,0.0,7.565018E-5,8.556876E-5,1.3621272E-4,1.5918511,5.0648297E-5,9.206518E-4,0.0010415068,0.0011426979,1.0971583,1.01296595E-4,0.009168469,0.010386396,0.010536763,1.0144773,1.519449E-4
6.6,1.4207836E-5,1.605233E-5,1.605233E-5,1.0,0.0,6.0889306E-5,6.8795016E-5,1.1943983E-4,1.7361698,5.0648297E-5,7.4107514E-4,8.374578E-4,9.3866955E-4,1.1208559,1.01296595E-4,0.0073860865,0.0083626695,0.0085133435,1.0180175,1.519449E-4
6.7,1.1077219E-5,1.2498523E-5,1.2498523E-5,1.0,0.0,4.747293E-5,5.3565098E-5,5.3565098E-5,1.0,0.0,5.7782966E-4,6.521551E-4,7.027703E-4,1.0776123,5.0648297E-5,0.0057632946,0.0065215505,0.0066221864,1.0154313,1.01296595E-4
6.8,1.1077219E-5,1.2498523E-5,1.2498523E-5,1.0,0.0,4.747293E-5,5.3565098E-5,5.3565098E-5,1.0,0.0,5.7782966E-4,6.521551E-4,7.027703E-4,1.0776123,5.0648297E-5,0.0057632946,0.0065215505,0.0066221864,1.0154313,1.01296595E-4
