Magnitude,1 wk TI Prob,1 wk TD Prob,1 wk ETAS Prob,1 wk ETAS/TD Gain,1 wk ETAS Triggered Only,1 mo TI Prob,1 mo TD Prob,1 mo ETAS Prob,1 mo ETAS/TD Gain,1 mo ETAS Triggered Only,1 yr TI Prob,1 yr TD Prob,1 yr ETAS Prob,1 yr ETAS/TD Gain,1 yr ETAS Triggered Only,10 yr TI Prob,10 yr TD Prob,10 yr ETAS Prob,10 yr ETAS/TD Gain,10 yr ETAS Triggered Only
6.0,1.765222E-5,1.996643E-5,1.996643E-5,1.0,0.0,7.565018E-5,8.556876E-5,9.514846E-5,1.1119533,9.580517E-6,9.206518E-4,0.0010415068,0.001079789,1.0367565,3.832207E-5,0.009168469,0.010386396,0.010462244,1.0073026,7.664414E-5
6.1,1.765222E-5,1.996643E-5,1.996643E-5,1.0,0.0,7.565018E-5,8.556876E-5,9.514846E-5,1.1119533,9.580517E-6,9.206518E-4,0.0010415068,0.001079789,1.0367565,3.832207E-5,0.009168469,0.010386396,0.010462244,1.0073026,7.664414E-5
6.2,1.765222E-5,1.996643E-5,1.996643E-5,1.0,0.0,7.565018E-5,8.556876E-5,9.514846E-5,1.1119533,9.580517E-6,9.206518E-4,0.0010415068,0.001079789,1.0367565,3.832207E-5,0.009168469,0.010386396,0.010462244,1.0073026,7.664414E-5
6.3,1.765222E-5,1.996643E-5,1.996643E-5,1.0,0.0,7.565018E-5,8.556876E-5,9.514846E-5,1.1119533,9.580517E-6,9.206518E-4,0.0010415068,0.001079789,1.0367565,3.832207E-5,0.009168469,0.010386396,0.010462244,1.0073026,7.664414E-5
6.4,1.765222E-5,1.996643E-5,1.996643E-5,1.0,0.0,7.565018E-5,8.556876E-5,9.514846E-5,1.1119533,9.580517E-6,9.206518E-4,0.0010415068,0.001079789,1.0367565,3.832207E-5,0.009168469,0.010386396,0.010462244,1.0073026,7.664414E-5
6.5,1.765222E-5,1.996643E-5,1.996643E-5,1.0,0.0,7.565018E-5,8.556876E-5,9.514846E-5,1.1119533,9.580517E-6,9.206518E-4,0.0010415068,0.001079789,1.0367565,3.832207E-5,0.009168469,0.010386396,0.010462244,1.0073026,7.664414E-5
6.6,1.4207836E-5,1.605233E-5,1.605233E-5,1.0,0.0,6.0889306E-5,6.8795016E-5,7.837487E-5,1.1392522,9.580517E-6,7.4107514E-4,8.374578E-4,8.709615E-4,1.0400065,3.353181E-5,0.0073860865,0.0083626695,0.008429172,1.0079523,6.706362E-5
6.7,1.1077219E-5,1.2498523E-5,1.2498523E-5,1.0,0.0,4.747293E-5,5.3565098E-5,5.83551E-5,1.0894239,4.7902586E-6,5.7782966E-4,6.521551E-4,6.808779E-4,1.044043,2.8741551E-5,0.0057632946,0.0065215505,0.0065786587,1.0087569,5.7483103E-5
6.8,1.1077219E-5,1.2498523E-5,1.2498523E-5,1.0,0.0,4.747293E-5,5.3565098E-5,5.83551E-5,1.0894239,4.7902586E-6,5.7782966E-4,6.521551E-4,6.808779E-4,1.044043,2.8741551E-5,0.0057632946,0.0065215505,0.0065786587,1.0087569,5.7483103E-5
