Magnitude,1 wk TI Prob,1 wk TD Prob,1 wk ETAS Prob,1 wk ETAS/TD Gain,1 wk ETAS Triggered Only,1 mo TI Prob,1 mo TD Prob,1 mo ETAS Prob,1 mo ETAS/TD Gain,1 mo ETAS Triggered Only,1 yr TI Prob,1 yr TD Prob,1 yr ETAS Prob,1 yr ETAS/TD Gain,1 yr ETAS Triggered Only,10 yr TI Prob,10 yr TD Prob,10 yr ETAS Prob,10 yr ETAS/TD Gain,10 yr ETAS Triggered Only
6.0,2.7748038E-5,3.5073965E-5,0.020862343,594.80994,0.020828,1.18914744E-4,1.5031699E-4,0.027981132,186.14749,0.027835,0.0014468255,0.0018300817,0.04378017,23.922522,0.042027,0.014374418,0.018297758,0.07431761,4.061569,0.057064
6.1,2.7748038E-5,3.5073965E-5,0.020862343,594.80994,0.020828,1.18914744E-4,1.5031699E-4,0.027981132,186.14749,0.027835,0.0014468255,0.0018300817,0.04378017,23.922522,0.042027,0.014374418,0.018297758,0.07431761,4.061569,0.057064
6.2,2.7748038E-5,3.5073965E-5,0.020862343,594.80994,0.020828,1.18914744E-4,1.5031699E-4,0.027981132,186.14749,0.027835,0.0014468255,0.0018300817,0.04378017,23.922522,0.042027,0.014374418,0.018297758,0.07431761,4.061569,0.057064
6.3,2.7748038E-5,3.5073965E-5,0.020862343,594.80994,0.020828,1.18914744E-4,1.5031699E-4,0.027981132,186.14749,0.027835,0.0014468255,0.0018300817,0.04378017,23.922522,0.042027,0.014374418,0.018297758,0.07431761,4.061569,0.057064
