Magnitude,1 wk TI Prob,1 wk TD Prob,1 wk ETAS Prob,1 wk ETAS/TD Gain,1 wk ETAS Triggered Only,1 mo TI Prob,1 mo TD Prob,1 mo ETAS Prob,1 mo ETAS/TD Gain,1 mo ETAS Triggered Only,1 yr TI Prob,1 yr TD Prob,1 yr ETAS Prob,1 yr ETAS/TD Gain,1 yr ETAS Triggered Only,10 yr TI Prob,10 yr TD Prob,10 yr ETAS Prob,10 yr ETAS/TD Gain,10 yr ETAS Triggered Only
6.0,2.7748038E-5,3.5073965E-5,0.020780154,592.4666,0.020745806,1.18914744E-4,1.5031699E-4,0.02652642,176.46986,0.026380068,0.0014468255,0.0018300817,0.042400543,23.168661,0.040644847,0.014374418,0.018297758,0.07223463,3.947731,0.05494219
6.1,2.7748038E-5,3.5073965E-5,0.020780154,592.4666,0.020745806,1.18914744E-4,1.5031699E-4,0.02652642,176.46986,0.026380068,0.0014468255,0.0018300817,0.042400543,23.168661,0.040644847,0.014374418,0.018297758,0.07223463,3.947731,0.05494219
6.2,2.7748038E-5,3.5073965E-5,0.020780154,592.4666,0.020745806,1.18914744E-4,1.5031699E-4,0.02652642,176.46986,0.026380068,0.0014468255,0.0018300817,0.042400543,23.168661,0.040644847,0.014374418,0.018297758,0.07223463,3.947731,0.05494219
6.3,2.7748038E-5,3.5073965E-5,0.020780154,592.4666,0.020745806,1.18914744E-4,1.5031699E-4,0.02652642,176.46986,0.026380068,0.0014468255,0.0018300817,0.042400543,23.168661,0.040644847,0.014374418,0.018297758,0.07223463,3.947731,0.05494219
