Magnitude,1 wk TI Prob,1 wk TD Prob,1 wk ETAS Prob,1 wk ETAS/TD Gain,1 wk ETAS Triggered Only,1 mo TI Prob,1 mo TD Prob,1 mo ETAS Prob,1 mo ETAS/TD Gain,1 mo ETAS Triggered Only,1 yr TI Prob,1 yr TD Prob,1 yr ETAS Prob,1 yr ETAS/TD Gain,1 yr ETAS Triggered Only,10 yr TI Prob,10 yr TD Prob,10 yr ETAS Prob,10 yr ETAS/TD Gain,10 yr ETAS Triggered Only
6.0,2.7748038E-5,3.5073965E-5,0.02147497,612.2767,0.02144065,1.18914744E-4,1.5031699E-4,0.027555734,183.31749,0.027409537,0.0014468255,0.0018300817,0.043299537,23.659891,0.041545484,0.014374418,0.018297758,0.07344174,4.0137014,0.056171797
6.1,2.7748038E-5,3.5073965E-5,0.02147497,612.2767,0.02144065,1.18914744E-4,1.5031699E-4,0.027555734,183.31749,0.027409537,0.0014468255,0.0018300817,0.043299537,23.659891,0.041545484,0.014374418,0.018297758,0.07344174,4.0137014,0.056171797
6.2,2.7748038E-5,3.5073965E-5,0.02147497,612.2767,0.02144065,1.18914744E-4,1.5031699E-4,0.027555734,183.31749,0.027409537,0.0014468255,0.0018300817,0.043299537,23.659891,0.041545484,0.014374418,0.018297758,0.07344174,4.0137014,0.056171797
6.3,2.7748038E-5,3.5073965E-5,0.02147497,612.2767,0.02144065,1.18914744E-4,1.5031699E-4,0.027555734,183.31749,0.027409537,0.0014468255,0.0018300817,0.043299537,23.659891,0.041545484,0.014374418,0.018297758,0.07344174,4.0137014,0.056171797
