Magnitude,1 wk TI Prob,1 wk TD Prob,1 wk ETAS Prob,1 wk ETAS/TD Gain,1 wk ETAS Triggered Only,1 mo TI Prob,1 mo TD Prob,1 mo ETAS Prob,1 mo ETAS/TD Gain,1 mo ETAS Triggered Only,1 yr TI Prob,1 yr TD Prob,1 yr ETAS Prob,1 yr ETAS/TD Gain,1 yr ETAS Triggered Only,10 yr TI Prob,10 yr TD Prob,10 yr ETAS Prob,10 yr ETAS/TD Gain,10 yr ETAS Triggered Only
6.0,9.032242E-6,9.607573E-6,9.191131E-5,9.566548,8.230453E-5,3.8709033E-5,4.1174942E-5,1.2347609E-4,2.998816,8.230453E-5,4.7118057E-4,5.0123956E-4,5.835028E-4,1.1641197,8.230453E-5,0.0047018277,0.0050059874,0.00508788,1.016359,8.230453E-5
6.1,9.032242E-6,9.607573E-6,9.191131E-5,9.566548,8.230453E-5,3.8709033E-5,4.1174942E-5,1.2347609E-4,2.998816,8.230453E-5,4.7118057E-4,5.0123956E-4,5.835028E-4,1.1641197,8.230453E-5,0.0047018277,0.0050059874,0.00508788,1.016359,8.230453E-5
6.2,9.032242E-6,9.607573E-6,9.191131E-5,9.566548,8.230453E-5,3.8709033E-5,4.1174942E-5,1.2347609E-4,2.998816,8.230453E-5,4.7118057E-4,5.0123956E-4,5.835028E-4,1.1641197,8.230453E-5,0.0047018277,0.0050059874,0.00508788,1.016359,8.230453E-5
6.3,9.032242E-6,9.607573E-6,9.191131E-5,9.566548,8.230453E-5,3.8709033E-5,4.1174942E-5,1.2347609E-4,2.998816,8.230453E-5,4.7118057E-4,5.0123956E-4,5.835028E-4,1.1641197,8.230453E-5,0.0047018277,0.0050059874,0.00508788,1.016359,8.230453E-5
6.4,9.032242E-6,9.607573E-6,9.191131E-5,9.566548,8.230453E-5,3.8709033E-5,4.1174942E-5,1.2347609E-4,2.998816,8.230453E-5,4.7118057E-4,5.0123956E-4,5.835028E-4,1.1641197,8.230453E-5,0.0047018277,0.0050059874,0.00508788,1.016359,8.230453E-5
6.5,9.032242E-6,9.607573E-6,9.191131E-5,9.566548,8.230453E-5,3.8709033E-5,4.1174942E-5,1.2347609E-4,2.998816,8.230453E-5,4.7118057E-4,5.0123956E-4,5.835028E-4,1.1641197,8.230453E-5,0.0047018277,0.0050059874,0.00508788,1.016359,8.230453E-5
6.6,7.857296E-6,8.353911E-6,9.065775E-5,10.852133,8.230453E-5,3.367369E-5,3.580226E-5,1.1810384E-4,3.2987819,8.230453E-5,4.0990004E-4,4.3585425E-4,5.181229E-4,1.1887527,8.230453E-5,0.0040914477,0.004354794,0.00443674,1.0188174,8.230453E-5
6.7,5.667953E-6,6.022347E-6,6.022347E-6,1.0,0.0,2.4291001E-5,2.5810059E-5,2.5810059E-5,1.0,0.0,2.957028E-4,3.1423746E-4,3.1423746E-4,1.0,0.0,0.0029530963,0.0031423746,0.0031423746,1.0,0.0
6.8,5.667953E-6,6.022347E-6,6.022347E-6,1.0,0.0,2.4291001E-5,2.5810059E-5,2.5810059E-5,1.0,0.0,2.957028E-4,3.1423746E-4,3.1423746E-4,1.0,0.0,0.0029530963,0.0031423746,0.0031423746,1.0,0.0
