Magnitude,1 wk TI Prob,1 wk TD Prob,1 wk ETAS Prob,1 wk ETAS/TD Gain,1 wk ETAS Triggered Only,1 mo TI Prob,1 mo TD Prob,1 mo ETAS Prob,1 mo ETAS/TD Gain,1 mo ETAS Triggered Only,1 yr TI Prob,1 yr TD Prob,1 yr ETAS Prob,1 yr ETAS/TD Gain,1 yr ETAS Triggered Only,10 yr TI Prob,10 yr TD Prob,10 yr ETAS Prob,10 yr ETAS/TD Gain,10 yr ETAS Triggered Only
6.0,9.032242E-6,9.607573E-6,4.532407E-5,4.7175355,3.5716836E-5,3.8709033E-5,4.1174942E-5,7.689031E-5,1.8674054,3.5716836E-5,4.7118057E-4,5.0123956E-4,5.726374E-4,1.1424426,7.143367E-5,0.0047018277,0.0050059874,0.0051126014,1.0212973,1.0715051E-4
6.1,9.032242E-6,9.607573E-6,4.532407E-5,4.7175355,3.5716836E-5,3.8709033E-5,4.1174942E-5,7.689031E-5,1.8674054,3.5716836E-5,4.7118057E-4,5.0123956E-4,5.726374E-4,1.1424426,7.143367E-5,0.0047018277,0.0050059874,0.0051126014,1.0212973,1.0715051E-4
6.2,9.032242E-6,9.607573E-6,4.532407E-5,4.7175355,3.5716836E-5,3.8709033E-5,4.1174942E-5,7.689031E-5,1.8674054,3.5716836E-5,4.7118057E-4,5.0123956E-4,5.726374E-4,1.1424426,7.143367E-5,0.0047018277,0.0050059874,0.0051126014,1.0212973,1.0715051E-4
6.3,9.032242E-6,9.607573E-6,4.532407E-5,4.7175355,3.5716836E-5,3.8709033E-5,4.1174942E-5,7.689031E-5,1.8674054,3.5716836E-5,4.7118057E-4,5.0123956E-4,5.726374E-4,1.1424426,7.143367E-5,0.0047018277,0.0050059874,0.0051126014,1.0212973,1.0715051E-4
6.4,9.032242E-6,9.607573E-6,4.532407E-5,4.7175355,3.5716836E-5,3.8709033E-5,4.1174942E-5,7.689031E-5,1.8674054,3.5716836E-5,4.7118057E-4,5.0123956E-4,5.726374E-4,1.1424426,7.143367E-5,0.0047018277,0.0050059874,0.0051126014,1.0212973,1.0715051E-4
6.5,9.032242E-6,9.607573E-6,4.532407E-5,4.7175355,3.5716836E-5,3.8709033E-5,4.1174942E-5,7.689031E-5,1.8674054,3.5716836E-5,4.7118057E-4,5.0123956E-4,5.726374E-4,1.1424426,7.143367E-5,0.0047018277,0.0050059874,0.0051126014,1.0212973,1.0715051E-4
6.6,7.857296E-6,8.353911E-6,4.407045E-5,5.2754273,3.5716836E-5,3.367369E-5,3.580226E-5,7.151782E-5,1.9975784,3.5716836E-5,4.0990004E-4,4.3585425E-4,5.072568E-4,1.163822,7.143367E-5,0.0040914477,0.004354794,0.004461478,1.024498,1.0715051E-4
6.7,5.667953E-6,6.022347E-6,6.022347E-6,1.0,0.0,2.4291001E-5,2.5810059E-5,2.5810059E-5,1.0,0.0,2.957028E-4,3.1423746E-4,3.1423746E-4,1.0,0.0,0.0029530963,0.0031423746,0.0031779793,1.0113305,3.5716836E-5
6.8,5.667953E-6,6.022347E-6,6.022347E-6,1.0,0.0,2.4291001E-5,2.5810059E-5,2.5810059E-5,1.0,0.0,2.957028E-4,3.1423746E-4,3.1423746E-4,1.0,0.0,0.0029530963,0.0031423746,0.0031779793,1.0113305,3.5716836E-5
