Magnitude,1 wk TI Prob,1 wk TD Prob,1 wk ETAS Prob,1 wk ETAS/TD Gain,1 wk ETAS Triggered Only,1 mo TI Prob,1 mo TD Prob,1 mo ETAS Prob,1 mo ETAS/TD Gain,1 mo ETAS Triggered Only,1 yr TI Prob,1 yr TD Prob,1 yr ETAS Prob,1 yr ETAS/TD Gain,1 yr ETAS Triggered Only,10 yr TI Prob,10 yr TD Prob,10 yr ETAS Prob,10 yr ETAS/TD Gain,10 yr ETAS Triggered Only
6.0,1.9621975E-5,2.2097447E-5,5.2096784E-5,2.3575928,3.0E-5,8.4091465E-5,9.470067E-5,2.1468931E-4,2.2670305,1.2E-4,0.0010233327,0.0011525059,0.0015720217,1.3640033,4.2E-4,0.01018633,0.011478599,0.012348498,1.0757844,8.8E-4
6.1,1.9621975E-5,2.2097447E-5,5.2096784E-5,2.3575928,3.0E-5,8.4091465E-5,9.470067E-5,2.1468931E-4,2.2670305,1.2E-4,0.0010233327,0.0011525059,0.0015720217,1.3640033,4.2E-4,0.01018633,0.011478599,0.012348498,1.0757844,8.8E-4
6.2,9.9971285E-6,1.1255827E-5,3.1255604E-5,2.7768373,2.0E-5,4.2844134E-5,4.8238664E-5,9.823625E-5,2.036463,5.0E-5,5.2150246E-4,5.8719947E-4,7.87082E-4,1.3403997,2.0E-4,0.0052028033,0.0058615846,0.006378536,1.0881932,5.2E-4
6.3,9.589428E-6,1.0798527E-5,3.079831E-5,2.8520844,2.0E-5,4.10969E-5,4.627887E-5,9.6276555E-5,2.0803566,5.0E-5,5.002399E-4,5.633515E-4,7.632388E-4,1.3548181,2.0E-4,0.0049911533,0.0056243236,0.0061314553,1.0901675,5.1E-4
6.4,9.589428E-6,1.0798527E-5,3.079831E-5,2.8520844,2.0E-5,4.10969E-5,4.627887E-5,9.6276555E-5,2.0803566,5.0E-5,5.002399E-4,5.633515E-4,7.632388E-4,1.3548181,2.0E-4,0.0049911533,0.0056243236,0.0061314553,1.0901675,5.1E-4
6.5,5.557707E-6,6.2857107E-6,1.6285649E-5,2.5909,1.0E-5,2.3818526E-5,2.6938633E-5,4.6938094E-5,1.7424082,2.0E-5,2.8995197E-4,3.2795538E-4,4.779062E-4,1.4572293,1.5E-4,0.0028957394,0.0032773504,0.003606269,1.1003611,3.3E-4
6.6,4.8742945E-6,5.5133855E-6,5.5133855E-6,1.0,0.0,2.0889667E-5,2.3628729E-5,3.3628494E-5,1.4232036,1.0E-5,2.54302E-4,2.87668E-4,4.2762773E-4,1.4865321,1.4E-4,0.002540112,0.0028755253,0.00315472,1.0970935,2.8E-4
6.7,3.991108E-6,4.515989E-6,4.515989E-6,1.0,0.0,1.7104636E-5,1.9354238E-5,2.9354045E-5,1.5166727,1.0E-5,2.0822904E-4,2.3563785E-4,3.4561194E-4,1.4667081,1.1E-4,0.0020803404,0.0023563786,0.0025559072,1.084676,2.0E-4
