Magnitude,1 wk TI Prob,1 wk TD Prob,1 wk ETAS Prob,1 wk ETAS/TD Gain,1 wk ETAS Triggered Only,1 mo TI Prob,1 mo TD Prob,1 mo ETAS Prob,1 mo ETAS/TD Gain,1 mo ETAS Triggered Only,1 yr TI Prob,1 yr TD Prob,1 yr ETAS Prob,1 yr ETAS/TD Gain,1 yr ETAS Triggered Only,10 yr TI Prob,10 yr TD Prob,10 yr ETAS Prob,10 yr ETAS/TD Gain,10 yr ETAS Triggered Only
6.0,2.2591947E-5,2.5189574E-5,2.5189574E-5,1.0,0.0,9.6819036E-5,1.07951295E-4,1.07951295E-4,1.0,0.0,0.0011781343,0.0013135937,0.0013135937,1.0,0.0,0.011719079,0.013066236,0.013076105,1.0007553,1.0E-5
6.1,2.2591947E-5,2.5189574E-5,2.5189574E-5,1.0,0.0,9.6819036E-5,1.07951295E-4,1.07951295E-4,1.0,0.0,0.0011781343,0.0013135937,0.0013135937,1.0,0.0,0.011719079,0.013066236,0.013076105,1.0007553,1.0E-5
6.2,1.3775145E-5,1.5323049E-5,1.5323049E-5,1.0,0.0,5.9035E-5,6.566869E-5,6.566869E-5,1.0,0.0,7.185141E-4,7.9924724E-4,7.9924724E-4,1.0,0.0,0.0071619535,0.007966147,0.007966147,1.0,0.0
6.3,9.705435E-6,1.0768508E-5,1.0768508E-5,1.0,0.0,4.1594063E-5,4.6150006E-5,4.6150006E-5,1.0,0.0,5.0629E-4,5.6174386E-4,5.6174386E-4,1.0,0.0,0.005051381,0.0056044697,0.0056044697,1.0,0.0
6.4,7.2549733E-6,8.027383E-6,8.027383E-6,1.0,0.0,3.109237E-5,3.4402663E-5,3.4402663E-5,1.0,0.0,3.7848388E-4,4.1877988E-4,4.1877988E-4,1.0,0.0,0.003778399,0.0041806945,0.0041806945,1.0,0.0
6.5,5.983293E-6,6.6131174E-6,6.6131174E-6,1.0,0.0,2.5642432E-5,2.8341661E-5,2.8341661E-5,1.0,0.0,3.1215188E-4,3.4501182E-4,3.4501182E-4,1.0,0.0,0.0031171376,0.0034454246,0.0034454246,1.0,0.0
6.6,4.0336154E-6,4.4578674E-6,4.4578674E-6,1.0,0.0,1.728681E-5,1.9105028E-5,1.9105028E-5,1.0,0.0,2.1044657E-4,2.3258293E-4,2.3258293E-4,1.0,0.0,0.002102474,0.0023237912,0.0023237912,1.0,0.0
6.7,1.5832104E-6,1.781639E-6,1.781639E-6,1.0,0.0,6.7851697E-6,7.635575E-6,7.635575E-6,1.0,0.0,8.260631E-5,9.295943E-5,9.295943E-5,1.0,0.0,8.2575605E-4,9.292321E-4,9.292321E-4,1.0,0.0
6.8,7.5177275E-7,8.5904594E-7,8.5904594E-7,1.0,0.0,3.221879E-6,3.6816214E-6,3.6816214E-6,1.0,0.0,3.9225673E-5,4.4822984E-5,4.4822984E-5,1.0,0.0,3.921875E-4,4.48156E-4,4.48156E-4,1.0,0.0
