Magnitude,UCERF3-TI Prob,UCERF3-TD Prob,UCERF3-ETAS Prob
6.0,0.7989123,0.7965178,0.6983759
6.1,0.68590397,0.68719494,0.60556847
6.2,0.68590397,0.68719494,0.60556847
6.3,0.53711045,0.54361296,0.5104408
6.4,0.41442928,0.42783225,0.387471
6.5,0.35403186,0.37275383,0.3201856
6.6,0.31934333,0.3416175,0.29466358
6.7,0.02562773,0.028588885,0.034802783
6.8,0.01518827,0.016975738,0.025522042
