Magnitude,UCERF3-TI Prob,UCERF3-TD Prob,UCERF3-ETAS Prob
6.0,0.5620537,0.62337154,0.3712297
6.1,0.5620537,0.62337154,0.3712297
6.2,0.5620537,0.62337154,0.3712297
6.3,0.5620537,0.62337154,0.3712297
6.4,0.5620537,0.62337154,0.3712297
6.5,0.3753109,0.42682013,0.24593967
6.6,0.3753109,0.42682013,0.24593967
6.7,0.2981062,0.34707096,0.17169374
6.8,0.22696762,0.27051714,0.1276102
6.9,0.17283754,0.21204762,0.083526686
