Magnitude,UCERF3-TI Prob,UCERF3-TD Prob,UCERF3-ETAS Prob
6.0,0.5996796,0.65789795,0.684
6.1,0.5996796,0.65789795,0.684
6.2,0.38154912,0.42836806,0.516
6.3,0.38154912,0.42836806,0.516
6.4,0.36026728,0.40673462,0.496
6.5,0.3193368,0.36414084,0.468
6.6,0.26914394,0.3119978,0.389
6.7,0.23155676,0.27304053,0.327
