Magnitude,UCERF3-TI Prob,UCERF3-TD Prob,UCERF3-ETAS Prob
6.0,0.45570913,0.49906313,0.2900232
6.1,0.23778735,0.25932246,0.20649652
6.2,0.23778735,0.25932246,0.20649652
6.3,0.12532169,0.13619466,0.14849187
6.4,0.06310547,0.06849396,0.08584687
6.5,0.06276634,0.068152286,0.08584687
6.6,0.005392585,0.0054649697,0.011600928
6.7,0.004566783,0.004627808,0.004640371
6.8,0.003209143,0.0032490557,0.004640371
6.9,0.0016683204,0.0016897338,0.0023201855
7.0,1.6814613E-4,1.7037716E-4,0.0
