Magnitude,UCERF3-TI Prob,UCERF3-TD Prob,UCERF3-ETAS Prob
6.0,0.40360376,0.5222802,0.3060606
6.1,0.40360376,0.5222802,0.3060606
6.2,0.40360376,0.5222802,0.3060606
6.3,0.40360376,0.5222802,0.3060606
6.4,0.40360376,0.5222802,0.3060606
6.5,0.36140782,0.4849513,0.2777778
6.6,0.36140782,0.4849513,0.2777778
