Magnitude,UCERF3-TI Prob,UCERF3-TD Prob,UCERF3-ETAS Prob
6.0,0.66205555,0.7367526,0.82905984
6.1,0.66205555,0.7367526,0.82905984
6.2,0.66205555,0.7367526,0.82905984
6.3,0.66205555,0.7367526,0.82905984
6.4,0.66205555,0.7367526,0.82905984
6.5,0.66205555,0.7367526,0.82905984
6.6,0.66205555,0.7367526,0.82905984
6.7,0.66205555,0.7367526,0.82905984
6.8,0.5946124,0.6852132,0.75213677
6.9,0.5946124,0.6852132,0.75213677
7.0,0.38142362,0.46975625,0.4059829
7.1,0.344403,0.4264928,0.37606838
7.2,0.32153618,0.40036622,0.35042736
7.3,0.21666631,0.27671638,0.23076923
7.4,0.1435946,0.19099374,0.14957266
