Magnitude,UCERF3-TI Prob,UCERF3-TD Prob,UCERF3-ETAS Prob
6.0,0.3642308,0.39019242,0.5011601
6.1,0.21056688,0.22267905,0.35266823
6.2,0.21056688,0.22267905,0.35266823
6.3,0.17249899,0.18243073,0.29466358
6.4,0.17249899,0.18243073,0.29466358
6.5,0.14636655,0.15497297,0.26218098
6.6,0.13590075,0.1440348,0.2412993
6.7,0.1279345,0.13572137,0.22041763
6.8,0.09964277,0.10607831,0.16937356
6.9,0.017676475,0.018498356,0.030162413
