Magnitude,UCERF3-TI Prob,UCERF3-TD Prob,UCERF3-ETAS Prob
6.0,0.5171756,0.55403465,0.854023
6.1,0.5171756,0.55403465,0.854023
6.2,0.5171756,0.55403465,0.854023
6.3,0.5171756,0.55403465,0.854023
6.4,0.5171756,0.55403465,0.854023
6.5,0.3745951,0.3995773,0.7022989
6.6,0.22257915,0.22643553,0.32988507
6.7,0.22213022,0.22597048,0.32988507
6.8,0.16447179,0.16250394,0.22988506
6.9,0.15095122,0.14794025,0.18735632
7.0,0.13439555,0.1302637,0.16206896
7.1,0.096257776,0.088840395,0.1
7.2,0.08682386,0.079431534,0.08275862
7.3,0.07933274,0.07230745,0.07356322
7.4,0.074577875,0.06823397,0.07126437
7.5,0.05937688,0.054345198,0.064367816
7.6,0.053629424,0.04884957,0.05632184
7.7,0.043438744,0.039312758,0.040229887
7.8,0.018688116,0.015003694,0.02183908
7.9,0.011307501,0.008610785,0.011494253
8.0,0.0060649095,0.0043112603,0.0068965517
8.1,0.003818023,0.0028612155,0.0011494253
8.2,1.4330281E-4,1.41631E-4,0.0
