Magnitude,UCERF3-TI Prob,UCERF3-TD Prob,UCERF3-ETAS Prob
6.0,0.6215107,0.6659466,0.69425285
6.1,0.50945795,0.54853946,0.5942529
6.2,0.50945795,0.54853946,0.5942529
6.3,0.41494375,0.4490603,0.49770114
6.4,0.41494375,0.4490603,0.49770114
6.5,0.37114903,0.40336686,0.44252872
6.6,0.34592536,0.37712613,0.41149426
6.7,0.28858984,0.31698847,0.3505747
6.8,0.23818669,0.2628906,0.2954023
6.9,0.18071403,0.20048635,0.22643678
7.0,0.097210445,0.1083143,0.12413793
7.1,0.040928528,0.04581024,0.040229887
