Magnitude,1 wk TI Prob,1 wk TD Prob,1 wk ETAS Prob,1 wk ETAS/TD Gain,1 wk ETAS Triggered Only,1 mo TI Prob,1 mo TD Prob,1 mo ETAS Prob,1 mo ETAS/TD Gain,1 mo ETAS Triggered Only,1 yr TI Prob,1 yr TD Prob,1 yr ETAS Prob,1 yr ETAS/TD Gain,1 yr ETAS Triggered Only,10 yr TI Prob,10 yr TD Prob,10 yr ETAS Prob,10 yr ETAS/TD Gain,10 yr ETAS Triggered Only
6.0,1.6760017E-5,1.8777304E-5,2.8777116E-5,1.5325478,1.0E-5,7.182667E-5,8.047234E-5,1.3046831E-4,1.6212815,5.0E-5,8.7413884E-4,9.794277E-4,0.0011892221,1.214201,2.1E-4,0.008707083,0.009762657,0.010307288,1.0557871,5.5E-4
6.1,9.852767E-6,1.0973848E-5,1.0973848E-5,1.0,0.0,4.222546E-5,4.7030324E-5,6.702939E-5,1.4252375,2.0E-5,5.139737E-4,5.725147E-4,6.424747E-4,1.1221976,7.0E-5,0.005127866,0.0057173567,0.0060156416,1.0521718,3.0E-4
6.2,9.852767E-6,1.0973848E-5,1.0973848E-5,1.0,0.0,4.222546E-5,4.7030324E-5,6.702939E-5,1.4252375,2.0E-5,5.139737E-4,5.725147E-4,6.424747E-4,1.1221976,7.0E-5,0.005127866,0.0057173567,0.0060156416,1.0521718,3.0E-4
6.3,4.3167724E-6,4.778135E-6,4.778135E-6,1.0,0.0,1.8500323E-5,2.047769E-5,3.0477486E-5,1.4883263,1.0E-5,2.2521814E-4,2.493104E-4,2.693054E-4,1.0802013,2.0E-5,0.0022499003,0.0024925654,0.0026521666,1.0640309,1.6E-4
6.4,4.3167724E-6,4.778135E-6,4.778135E-6,1.0,0.0,1.8500323E-5,2.047769E-5,3.0477486E-5,1.4883263,1.0E-5,2.2521814E-4,2.493104E-4,2.693054E-4,1.0802013,2.0E-5,0.0022499003,0.0024925654,0.0026521666,1.0640309,1.6E-4
6.5,4.3167724E-6,4.778135E-6,4.778135E-6,1.0,0.0,1.8500323E-5,2.047769E-5,3.0477486E-5,1.4883263,1.0E-5,2.2521814E-4,2.493104E-4,2.693054E-4,1.0802013,2.0E-5,0.0022499003,0.0024925654,0.0026521666,1.0640309,1.6E-4
6.6,4.301311E-6,4.761003E-6,4.761003E-6,1.0,0.0,1.8434059E-5,2.040427E-5,3.0404066E-5,1.4900836,1.0E-5,2.2441156E-4,2.4841668E-4,2.684117E-4,1.0804899,2.0E-5,0.0022418506,0.0024836485,0.002643251,1.0642613,1.6E-4
6.7,3.8599724E-6,4.2711545E-6,4.2711545E-6,1.0,0.0,1.6542634E-5,1.8304949E-5,2.8304765E-5,1.5462904,1.0E-5,2.0138794E-4,2.2286274E-4,2.428583E-4,1.0897213,2.0E-5,0.0020120554,0.0022286274,0.0023683154,1.0626789,1.4E-4
