Magnitude,1 wk TI Prob,1 wk TD Prob,1 wk ETAS Prob,1 wk ETAS/TD Gain,1 wk ETAS Triggered Only,1 mo TI Prob,1 mo TD Prob,1 mo ETAS Prob,1 mo ETAS/TD Gain,1 mo ETAS Triggered Only,1 yr TI Prob,1 yr TD Prob,1 yr ETAS Prob,1 yr ETAS/TD Gain,1 yr ETAS Triggered Only,10 yr TI Prob,10 yr TD Prob,10 yr ETAS Prob,10 yr ETAS/TD Gain,10 yr ETAS Triggered Only
6.0,2.2591947E-5,2.5189795E-5,2.5189795E-5,1.0,0.0,9.6819036E-5,1.0795224E-4,1.0795224E-4,1.0,0.0,0.0011781343,0.0013136052,0.001323592,1.0076027,1.0E-5,0.011719079,0.01306635,0.01307622,1.0007553,1.0E-5
6.1,2.2591947E-5,2.5189795E-5,2.5189795E-5,1.0,0.0,9.6819036E-5,1.0795224E-4,1.0795224E-4,1.0,0.0,0.0011781343,0.0013136052,0.001323592,1.0076027,1.0E-5,0.011719079,0.01306635,0.01307622,1.0007553,1.0E-5
6.2,1.3775145E-5,1.532318E-5,1.532318E-5,1.0,0.0,5.9035E-5,6.566925E-5,6.566925E-5,1.0,0.0,7.185141E-4,7.992541E-4,7.992541E-4,1.0,0.0,0.0071619535,0.007966215,0.007966215,1.0,0.0
6.3,9.705435E-6,1.0768599E-5,1.0768599E-5,1.0,0.0,4.1594063E-5,4.615039E-5,4.615039E-5,1.0,0.0,5.0629E-4,5.617486E-4,5.617486E-4,1.0,0.0,0.005051381,0.0056045167,0.0056045167,1.0,0.0
6.4,7.2549733E-6,8.0274485E-6,8.0274485E-6,1.0,0.0,3.109237E-5,3.4402943E-5,3.4402943E-5,1.0,0.0,3.7848388E-4,4.187833E-4,4.187833E-4,1.0,0.0,0.003778399,0.0041807285,0.0041807285,1.0,0.0
6.5,5.983293E-6,6.613171E-6,6.613171E-6,1.0,0.0,2.5642432E-5,2.8341892E-5,2.8341892E-5,1.0,0.0,3.1215188E-4,3.4501462E-4,3.4501462E-4,1.0,0.0,0.0031171376,0.0034454525,0.0034454525,1.0,0.0
6.6,4.0336154E-6,4.4579037E-6,4.4579037E-6,1.0,0.0,1.728681E-5,1.9105184E-5,1.9105184E-5,1.0,0.0,2.1044657E-4,2.3258482E-4,2.3258482E-4,1.0,0.0,0.002102474,0.00232381,0.00232381,1.0,0.0
6.7,1.5832104E-6,1.7816562E-6,1.7816562E-6,1.0,0.0,6.7851697E-6,7.635649E-6,7.635649E-6,1.0,0.0,8.260631E-5,9.2960334E-5,9.2960334E-5,1.0,0.0,8.2575605E-4,9.292411E-4,9.292411E-4,1.0,0.0
6.8,7.5177275E-7,8.590554E-7,8.590554E-7,1.0,0.0,3.221879E-6,3.6816616E-6,3.6816616E-6,1.0,0.0,3.9225673E-5,4.482348E-5,4.482348E-5,1.0,0.0,3.921875E-4,4.4816092E-4,4.4816092E-4,1.0,0.0
