Magnitude,1 wk TI Prob,1 wk TD Prob,1 wk ETAS Prob,1 wk ETAS/TD Gain,1 wk ETAS Triggered Only,1 mo TI Prob,1 mo TD Prob,1 mo ETAS Prob,1 mo ETAS/TD Gain,1 mo ETAS Triggered Only,1 yr TI Prob,1 yr TD Prob,1 yr ETAS Prob,1 yr ETAS/TD Gain,1 yr ETAS Triggered Only,10 yr TI Prob,10 yr TD Prob,10 yr ETAS Prob,10 yr ETAS/TD Gain,10 yr ETAS Triggered Only
6.0,2.0341662E-5,2.3829041E-5,2.3829041E-5,1.0,0.0,8.717564E-5,1.02123464E-4,1.1212244E-4,1.0979106,1.0E-5,0.0010608466,0.0012431751,0.0012631502,1.0160679,2.0E-5,0.010557966,0.012414284,0.012443911,1.0023866,3.0E-5
6.1,2.0341662E-5,2.3829041E-5,2.3829041E-5,1.0,0.0,8.717564E-5,1.02123464E-4,1.1212244E-4,1.0979106,1.0E-5,0.0010608466,0.0012431751,0.0012631502,1.0160679,2.0E-5,0.010557966,0.012414284,0.012443911,1.0023866,3.0E-5
6.2,2.0341662E-5,2.3829041E-5,2.3829041E-5,1.0,0.0,8.717564E-5,1.02123464E-4,1.1212244E-4,1.0979106,1.0E-5,0.0010608466,0.0012431751,0.0012631502,1.0160679,2.0E-5,0.010557966,0.012414284,0.012443911,1.0023866,3.0E-5
6.3,2.0341662E-5,2.3829041E-5,2.3829041E-5,1.0,0.0,8.717564E-5,1.02123464E-4,1.1212244E-4,1.0979106,1.0E-5,0.0010608466,0.0012431751,0.0012631502,1.0160679,2.0E-5,0.010557966,0.012414284,0.012443911,1.0023866,3.0E-5
6.4,1.749821E-5,2.049174E-5,2.049174E-5,1.0,0.0,7.499018E-5,8.782174E-5,9.782086E-5,1.113857,1.0E-5,9.1262296E-4,0.0010692294,0.0010892081,1.0186851,2.0E-5,0.009088841,0.010692251,0.01072193,1.0027758,3.0E-5
6.5,1.749821E-5,2.049174E-5,2.049174E-5,1.0,0.0,7.499018E-5,8.782174E-5,9.782086E-5,1.113857,1.0E-5,9.1262296E-4,0.0010692294,0.0010892081,1.0186851,2.0E-5,0.009088841,0.010692251,0.01072193,1.0027758,3.0E-5
