Magnitude,1 wk TI Prob,1 wk TD Prob,1 wk ETAS Prob,1 wk ETAS/TD Gain,1 wk ETAS Triggered Only,1 mo TI Prob,1 mo TD Prob,1 mo ETAS Prob,1 mo ETAS/TD Gain,1 mo ETAS Triggered Only,1 yr TI Prob,1 yr TD Prob,1 yr ETAS Prob,1 yr ETAS/TD Gain,1 yr ETAS Triggered Only,10 yr TI Prob,10 yr TD Prob,10 yr ETAS Prob,10 yr ETAS/TD Gain,10 yr ETAS Triggered Only
6.0,8.258278E-6,8.551328E-6,1.8551242E-5,2.169399,1.0E-5,3.539214E-5,3.6648136E-5,8.66463E-5,2.364276,5.0E-5,4.308141E-4,4.4611757E-4,5.360774E-4,1.2016505,9.0E-5,0.0042997985,0.0044539776,0.0046232203,1.0379981,1.7E-4
6.1,3.649988E-6,3.7753432E-6,1.3775305E-5,3.6487558,1.0E-5,1.5642712E-5,1.6179969E-5,5.617932E-5,3.4721527,4.0E-5,1.9043336E-4,1.9697807E-4,2.6696429E-4,1.3552995,7.0E-5,0.0019027026,0.001968502,0.0020583249,1.0456301,9.0E-5
6.2,3.649988E-6,3.7753432E-6,1.3775305E-5,3.6487558,1.0E-5,1.5642712E-5,1.6179969E-5,5.617932E-5,3.4721527,4.0E-5,1.9043336E-4,1.9697807E-4,2.6696429E-4,1.3552995,7.0E-5,0.0019027026,0.001968502,0.0020583249,1.0456301,9.0E-5
6.3,1.3924937E-6,1.4411271E-6,1.4411271E-6,1.0,0.0,5.9678164E-6,6.1762526E-6,2.6176129E-5,4.2381897,2.0E-5,7.265574E-5,7.519469E-5,1.0519244E-4,1.3989344,3.0E-5,7.263199E-4,7.518313E-4,7.918012E-4,1.0531634,4.0E-5
6.4,1.3924937E-6,1.4411271E-6,1.4411271E-6,1.0,0.0,5.9678164E-6,6.1762526E-6,2.6176129E-5,4.2381897,2.0E-5,7.265574E-5,7.519469E-5,1.0519244E-4,1.3989344,3.0E-5,7.263199E-4,7.518313E-4,7.918012E-4,1.0531634,4.0E-5
6.5,9.876812E-7,1.0221986E-6,1.0221986E-6,1.0,0.0,4.2329125E-6,4.3808514E-6,1.4380807E-5,3.2826514,1.0E-5,5.153449E-5,5.3336866E-5,6.333633E-5,1.1874776,1.0E-5,5.1522546E-4,5.333687E-4,5.4336333E-4,1.0187387,1.0E-5
