Magnitude,1 wk TI Prob,1 wk TD Prob,1 wk ETAS Prob,1 wk ETAS/TD Gain,1 wk ETAS Triggered Only,1 mo TI Prob,1 mo TD Prob,1 mo ETAS Prob,1 mo ETAS/TD Gain,1 mo ETAS Triggered Only,1 yr TI Prob,1 yr TD Prob,1 yr ETAS Prob,1 yr ETAS/TD Gain,1 yr ETAS Triggered Only,10 yr TI Prob,10 yr TD Prob,10 yr ETAS Prob,10 yr ETAS/TD Gain,10 yr ETAS Triggered Only
6.0,9.102099E-5,8.954174E-5,8.954174E-5,1.0,0.0,3.9003167E-4,3.837039E-4,3.837039E-4,1.0,0.0,0.0047383,0.0046622707,0.0046622707,1.0,0.0,0.046385348,0.045839127,0.045848668,1.0002081,1.0E-5
6.1,3.8306698E-5,4.149223E-5,4.149223E-5,1.0,0.0,1.6416123E-4,1.7781579E-4,1.7781579E-4,1.0,0.0,0.0019968306,0.0021632416,0.0021632416,1.0,0.0,0.019789828,0.021595228,0.021605011,1.0004531,1.0E-5
6.2,3.8306698E-5,4.149223E-5,4.149223E-5,1.0,0.0,1.6416123E-4,1.7781579E-4,1.7781579E-4,1.0,0.0,0.0019968306,0.0021632416,0.0021632416,1.0,0.0,0.019789828,0.021595228,0.021605011,1.0004531,1.0E-5
6.3,3.3197924E-5,3.655074E-5,3.655074E-5,1.0,0.0,1.4226905E-4,1.566406E-4,1.566406E-4,1.0,0.0,0.0017307495,0.0019059915,0.0019059915,1.0,0.0,0.017173318,0.01905752,0.019067328,1.0005147,1.0E-5
6.4,2.5148964E-5,2.7420736E-5,2.7420736E-5,1.0,0.0,1.0777682E-4,1.17515796E-4,1.17515796E-4,1.0,0.0,0.0013113929,0.0014304637,0.0014304637,1.0,0.0,0.01303681,0.014365338,0.014375194,1.0006862,1.0E-5
6.5,2.5148964E-5,2.7420736E-5,2.7420736E-5,1.0,0.0,1.0777682E-4,1.17515796E-4,1.17515796E-4,1.0,0.0,0.0013113929,0.0014304637,0.0014304637,1.0,0.0,0.01303681,0.014365338,0.014375194,1.0006862,1.0E-5
