Magnitude,UCERF3-TI Prob,UCERF3-TD Prob,UCERF3-ETAS Prob
6.0,0.4299989,0.46470094,0.2857143
6.1,0.4299989,0.46470094,0.2857143
6.2,0.4299989,0.46470094,0.2857143
6.3,0.23015048,0.24630177,0.14285715
6.4,0.23015048,0.24630177,0.14285715
6.5,0.1660879,0.17808323,0.0952381
6.6,0.12211306,0.13133095,0.04761905
6.7,0.09114263,0.09841293,0.04761905
6.8,0.06460619,0.07013607,0.0
6.9,0.04509049,0.049296554,0.0
