Magnitude,UCERF3-TI Prob,UCERF3-TD Prob,UCERF3-ETAS Prob
6.0,0.40066126,0.45069712,0.4722222
6.1,0.40066126,0.45069712,0.4722222
6.2,0.22957984,0.26024032,0.28333333
6.3,0.22134136,0.25157622,0.2777778
6.4,0.22134136,0.25157622,0.2777778
6.5,0.13497512,0.15465346,0.15
6.6,0.11941355,0.13788523,0.13333334
6.7,0.098887675,0.115759194,0.1
