Magnitude,UCERF3-TI Prob,UCERF3-TD Prob,UCERF3-ETAS Prob
6.0,0.55119973,0.5929166,0.46666667
6.1,0.55119973,0.5929166,0.46666667
6.2,0.2632078,0.27990168,0.19444445
6.3,0.2632078,0.27990168,0.19444445
6.4,0.18687396,0.19860102,0.11666667
6.5,0.14229001,0.1512893,0.083333336
6.6,0.14229001,0.1512893,0.083333336
6.7,0.077006884,0.082056746,0.044444446
6.8,0.05755798,0.061417203,0.03888889
6.9,0.025630916,0.027447445,0.022222223
7.0,0.01228644,0.013191829,0.016666668
