Magnitude,UCERF3-TI Prob,UCERF3-TD Prob,UCERF3-ETAS Prob
6.0,0.90696514,0.8556078,0.91525424
6.1,0.6319047,0.55961174,0.5423729
6.2,0.6319047,0.55961174,0.5423729
6.3,0.57942164,0.5154124,0.50282484
6.4,0.48114288,0.4327515,0.4180791
6.5,0.48114288,0.4327515,0.4180791
