Magnitude,UCERF3-TI Prob,UCERF3-TD Prob,UCERF3-ETAS Prob
6.0,0.35134837,0.38587394,0.374
6.1,0.18924393,0.20726417,0.163
6.2,0.08203065,0.08936508,0.058
6.3,0.049203355,0.053799134,0.033
6.4,0.033707038,0.03704775,0.023
