Magnitude,UCERF3-TI Prob,UCERF3-TD Prob,UCERF3-ETAS Prob
6.0,0.08455207,0.08634583,0.053426247
6.1,0.08455207,0.08634583,0.053426247
6.2,0.08455207,0.08634583,0.053426247
6.3,0.08455207,0.08634583,0.053426247
6.4,0.039109677,0.039820835,0.024390243
6.5,0.039109677,0.039820835,0.024390243
6.6,0.013980243,0.014215031,0.010452962
6.7,0.013980243,0.014215031,0.010452962
6.8,0.0093632685,0.00953211,0.008130081
