Magnitude,UCERF3-TI Prob,UCERF3-TD Prob,UCERF3-ETAS Prob
6.0,0.48487183,0.5261776,0.29349735
6.1,0.48487183,0.5261776,0.29349735
6.2,0.48487183,0.5261776,0.29349735
6.3,0.48487183,0.5261776,0.29349735
6.4,0.2652208,0.2848117,0.13356766
6.5,0.2652208,0.2848117,0.13356766
6.6,0.21629946,0.23284315,0.10193322
6.7,0.1683573,0.18172635,0.07557118
6.8,0.1178587,0.12760155,0.05272408
6.9,0.085272916,0.0927377,0.038664322
7.0,0.06380569,0.069752365,0.029876977
