Magnitude,UCERF3-TI Prob,UCERF3-TD Prob,UCERF3-ETAS Prob
6.0,0.22789614,0.2354064,0.2611111
6.1,0.22789614,0.2354064,0.2611111
6.2,0.112154946,0.11545312,0.14444445
6.3,0.112154946,0.11545312,0.14444445
6.4,0.084944725,0.087575324,0.11111111
6.5,0.071301304,0.07361064,0.1
6.6,0.057048626,0.059013296,0.072222225
6.7,0.04814229,0.049889393,0.06111111
6.8,0.038064,0.039537374,0.05
6.9,0.017676475,0.018498356,0.022222223
