Magnitude,1 wk TI Prob,1 wk TD Prob,1 wk ETAS Prob,1 wk ETAS/TD Gain,1 wk ETAS Triggered Only,1 mo TI Prob,1 mo TD Prob,1 mo ETAS Prob,1 mo ETAS/TD Gain,1 mo ETAS Triggered Only,1 yr TI Prob,1 yr TD Prob,1 yr ETAS Prob,1 yr ETAS/TD Gain,1 yr ETAS Triggered Only,10 yr TI Prob,10 yr TD Prob,10 yr ETAS Prob,10 yr ETAS/TD Gain,10 yr ETAS Triggered Only
6.0,1.9621975E-5,2.2097447E-5,8.640471E-5,3.910167,6.430868E-5,8.4091465E-5,9.470067E-5,2.8760845E-4,3.0370264,1.9292605E-4,0.0010233327,0.0011525059,0.0018483803,1.6037925,6.9667737E-4,0.01018633,0.011478599,0.012771199,1.1126096,0.0013076098
6.1,1.9621975E-5,2.2097447E-5,8.640471E-5,3.910167,6.430868E-5,8.4091465E-5,9.470067E-5,2.8760845E-4,3.0370264,1.9292605E-4,0.0010233327,0.0011525059,0.0018483803,1.6037925,6.9667737E-4,0.01018633,0.011478599,0.012771199,1.1126096,0.0013076098
6.2,9.9971285E-6,1.1255827E-5,6.484579E-5,5.761086,5.3590567E-5,4.2844134E-5,4.823866E-5,1.7684982E-4,3.6661427,1.2861736E-4,5.2150246E-4,5.8719947E-4,0.0010156722,1.7296886,4.2872454E-4,0.0052028033,0.005861584,0.0066713863,1.1381541,8.1457663E-4
6.3,9.589428E-6,1.0798527E-5,6.4388514E-5,5.9627132,5.3590567E-5,4.10969E-5,4.627887E-5,1.7489029E-4,3.7790525,1.2861736E-4,5.002399E-4,5.6335144E-4,9.811224E-4,1.7415813,4.1800644E-4,0.0049911533,0.0056243236,0.006423661,1.1421216,8.038585E-4
6.4,9.589428E-6,1.0798527E-5,6.4388514E-5,5.9627132,5.3590567E-5,4.10969E-5,4.627887E-5,1.7489029E-4,3.7790525,1.2861736E-4,5.002399E-4,5.6335144E-4,9.811224E-4,1.7415813,4.1800644E-4,0.0049911533,0.0056243236,0.006423661,1.1421216,8.038585E-4
6.5,5.557707E-6,6.2857107E-6,4.9157894E-5,7.820579,4.2872456E-5,2.3818526E-5,2.6938633E-5,1.2339906E-4,4.5807467,9.646302E-5,2.8995197E-4,3.2795538E-4,5.7439116E-4,1.7514307,2.465166E-4,0.0028957394,0.0032773502,0.0037901336,1.1564628,5.1446946E-4
6.6,4.8742945E-6,5.5133855E-6,4.8385602E-5,8.776024,4.2872456E-5,2.0889667E-5,2.3628729E-5,1.0937161E-4,4.6287556,8.574491E-5,2.54302E-4,2.87668E-4,5.1268365E-4,1.782206,2.2508038E-4,0.002540112,0.0028755253,0.0033350787,1.1598155,4.608789E-4
6.7,3.991108E-6,4.515989E-6,4.738825E-5,10.493438,4.2872456E-5,1.7104636E-5,1.9354238E-5,8.3661675E-5,4.322654,6.430868E-5,2.0822904E-4,2.3563785E-4,4.2851846E-4,1.8185467,1.9292605E-4,0.0020803404,0.0023563786,0.0027306287,1.1588242,3.7513397E-4
