Magnitude,1 wk TI Prob,1 wk TD Prob,1 wk ETAS Prob,1 wk ETAS/TD Gain,1 wk ETAS Triggered Only,1 mo TI Prob,1 mo TD Prob,1 mo ETAS Prob,1 mo ETAS/TD Gain,1 mo ETAS Triggered Only,1 yr TI Prob,1 yr TD Prob,1 yr ETAS Prob,1 yr ETAS/TD Gain,1 yr ETAS Triggered Only,10 yr TI Prob,10 yr TD Prob,10 yr ETAS Prob,10 yr ETAS/TD Gain,10 yr ETAS Triggered Only
6.0,3.5090034E-5,4.036513E-5,1.4702749E-4,3.6424382,1.0666667E-4,1.503772E-4,1.7298339E-4,4.92928E-4,2.8495686,3.2E-4,0.0018293047,0.0021042947,0.0034614329,1.6449373,0.00136,0.018143194,0.020869615,0.02376784,1.138873,0.00296
6.1,3.5090034E-5,4.036513E-5,1.4702749E-4,3.6424382,1.0666667E-4,1.503772E-4,1.7298339E-4,4.92928E-4,2.8495686,3.2E-4,0.0018293047,0.0021042947,0.0034614329,1.6449373,0.00136,0.018143194,0.020869615,0.02376784,1.138873,0.00296
6.2,1.841879E-5,2.1060194E-5,7.43924E-5,3.5323703,5.3333333E-5,7.8935285E-5,9.0255424E-5,2.7690525E-4,3.0680177,1.8666667E-4,9.606133E-4,0.0010984079,0.0017643422,1.6062725,6.6666666E-4,0.0095647145,0.010939874,0.012443245,1.1374213,0.00152
6.3,1.841879E-5,2.1060194E-5,7.43924E-5,3.5323703,5.3333333E-5,7.8935285E-5,9.0255424E-5,2.7690525E-4,3.0680177,1.8666667E-4,9.606133E-4,0.0010984079,0.0017643422,1.6062725,6.6666666E-4,0.0095647145,0.010939874,0.012443245,1.1374213,0.00152
6.4,1.712201E-5,1.9565581E-5,7.289787E-5,3.7258217,5.3333333E-5,7.337798E-5,8.385037E-5,2.705014E-4,3.2260013,1.8666667E-4,8.930107E-4,0.0010205007,0.001686487,1.6526074,6.6666666E-4,0.008894307,0.0101680625,0.01159342,1.1401799,0.00144
6.5,1.4744935E-5,1.6837288E-5,7.016972E-5,4.167519,5.3333333E-5,6.3191044E-5,7.215834E-5,2.5881155E-4,3.586717,1.8666667E-4,7.6907943E-4,8.7826716E-4,0.001517705,1.7280676,6.4E-4,0.007664232,0.008757159,0.010078816,1.150923,0.0013333333
6.6,1.2017839E-5,1.3724348E-5,6.705695E-5,4.8859844,5.3333333E-5,5.150401E-5,5.8817808E-5,1.921433E-4,3.266754,1.3333333E-4,6.268809E-4,7.159601E-4,0.0012489116,1.7443871,5.3333334E-4,0.0062511545,0.007145228,0.008177797,1.1445117,0.00104
6.7,1.00956095E-5,1.1533734E-5,6.486645E-5,5.6240635,5.3333333E-5,4.326618E-5,4.9429844E-5,1.8275659E-4,3.6972923,1.3333333E-4,5.266384E-4,6.0172915E-4,0.0010281391,1.7086409,4.2666667E-4,0.005253921,0.006009526,0.006857731,1.1411434,8.5333333E-4
