Magnitude,1 wk TI Prob,1 wk TD Prob,1 wk ETAS Prob,1 wk ETAS/TD Gain,1 wk ETAS Triggered Only,1 mo TI Prob,1 mo TD Prob,1 mo ETAS Prob,1 mo ETAS/TD Gain,1 mo ETAS Triggered Only,1 yr TI Prob,1 yr TD Prob,1 yr ETAS Prob,1 yr ETAS/TD Gain,1 yr ETAS Triggered Only,10 yr TI Prob,10 yr TD Prob,10 yr ETAS Prob,10 yr ETAS/TD Gain,10 yr ETAS Triggered Only
6.0,1.9810619E-5,2.311303E-5,3.31128E-5,1.4326464,1.0E-5,8.489989E-5,9.9054945E-5,1.0905396E-4,1.100944,1.0E-5,0.001033166,0.0012058344,0.0012258104,1.016566,2.0E-5,0.010283757,0.012042696,0.012101973,1.0049223,6.0E-5
6.1,1.9810619E-5,2.311303E-5,3.31128E-5,1.4326464,1.0E-5,8.489989E-5,9.9054945E-5,1.0905396E-4,1.100944,1.0E-5,0.001033166,0.0012058344,0.0012258104,1.016566,2.0E-5,0.010283757,0.012042696,0.012101973,1.0049223,6.0E-5
6.2,1.9810619E-5,2.311303E-5,3.31128E-5,1.4326464,1.0E-5,8.489989E-5,9.9054945E-5,1.0905396E-4,1.100944,1.0E-5,0.001033166,0.0012058344,0.0012258104,1.016566,2.0E-5,0.010283757,0.012042696,0.012101973,1.0049223,6.0E-5
6.3,1.9810619E-5,2.311303E-5,3.31128E-5,1.4326464,1.0E-5,8.489989E-5,9.9054945E-5,1.0905396E-4,1.100944,1.0E-5,0.001033166,0.0012058344,0.0012258104,1.016566,2.0E-5,0.010283757,0.012042696,0.012101973,1.0049223,6.0E-5
6.4,1.9810619E-5,2.311303E-5,3.31128E-5,1.4326464,1.0E-5,8.489989E-5,9.9054945E-5,1.0905396E-4,1.100944,1.0E-5,0.001033166,0.0012058344,0.0012258104,1.016566,2.0E-5,0.010283757,0.012042696,0.012101973,1.0049223,6.0E-5
6.5,1.7190405E-5,2.0051E-5,2.0051E-5,1.0,0.0,7.367108E-5,8.593286E-5,8.593286E-5,1.0,0.0,8.9657627E-4,0.0010462323,0.0010562219,1.0095481,1.0E-5,0.008929676,0.010462292,0.010501873,1.0037832,4.0E-5
6.6,1.7190405E-5,2.0051E-5,2.0051E-5,1.0,0.0,7.367108E-5,8.593286E-5,8.593286E-5,1.0,0.0,8.9657627E-4,0.0010462323,0.0010562219,1.0095481,1.0E-5,0.008929676,0.010462292,0.010501873,1.0037832,4.0E-5
