Magnitude,1 wk TI Prob,1 wk TD Prob,1 wk ETAS Prob,1 wk ETAS/TD Gain,1 wk ETAS Triggered Only,1 mo TI Prob,1 mo TD Prob,1 mo ETAS Prob,1 mo ETAS/TD Gain,1 mo ETAS Triggered Only,1 yr TI Prob,1 yr TD Prob,1 yr ETAS Prob,1 yr ETAS/TD Gain,1 yr ETAS Triggered Only,10 yr TI Prob,10 yr TD Prob,10 yr ETAS Prob,10 yr ETAS/TD Gain,10 yr ETAS Triggered Only
6.0,2.9687902E-5,3.2757947E-5,3.2757947E-5,1.0,0.0,1.2722766E-4,1.4038406E-4,1.4038406E-4,1.0,0.0,0.0015478961,0.0017079079,0.0017079079,1.0,0.0,0.015371585,0.016955366,0.016965197,1.0005798,1.0E-5
6.1,2.9687902E-5,3.2757947E-5,3.2757947E-5,1.0,0.0,1.2722766E-4,1.4038406E-4,1.4038406E-4,1.0,0.0,0.0015478961,0.0017079079,0.0017079079,1.0,0.0,0.015371585,0.016955366,0.016955366,1.0,0.0
6.2,1.9231524E-5,2.1159447E-5,2.1159447E-5,1.0,0.0,8.2418206E-5,9.0680325E-5,9.0680325E-5,1.0,0.0,0.0010029797,0.0011034969,0.0011034969,1.0,0.0,0.00998465,0.010982586,0.010982586,1.0,0.0
6.3,1.324766E-5,1.4548723E-5,1.4548723E-5,1.0,0.0,5.6774446E-5,6.235023E-5,6.235023E-5,1.0,0.0,6.910097E-4,7.5885886E-4,7.5885886E-4,1.0,0.0,0.006888649,0.0075636217,0.0075636217,1.0,0.0
6.4,7.818645E-6,8.57295E-6,8.57295E-6,1.0,0.0,3.3508048E-5,3.6740716E-5,3.6740716E-5,1.0,0.0,4.078841E-4,4.4722977E-4,4.4722977E-4,1.0,0.0,0.004071363,0.0044636377,0.0044636377,1.0,0.0
6.5,5.3076565E-6,5.817875E-6,5.817875E-6,1.0,0.0,2.27469E-5,2.4933523E-5,2.4933523E-5,1.0,0.0,2.7690834E-4,3.0352548E-4,3.0352548E-4,1.0,0.0,0.0027656353,0.0030313185,0.0030313185,1.0,0.0
6.6,3.6003578E-6,3.9485462E-6,3.9485462E-6,1.0,0.0,1.5430012E-5,1.6922239E-5,1.6922239E-5,1.0,0.0,1.8784421E-4,2.0601034E-4,2.0601034E-4,1.0,0.0,0.0018768552,0.0020583477,0.0020583477,1.0,0.0
6.7,2.5361826E-6,2.783504E-6,2.783504E-6,1.0,0.0,1.0869308E-5,1.1929255E-5,1.1929255E-5,1.0,0.0,1.3232579E-4,1.4523033E-4,1.4523033E-4,1.0,0.0,0.0013224703,0.001451484,0.001451484,1.0,0.0
6.8,1.2115831E-6,1.3313972E-6,1.3313972E-6,1.0,0.0,5.1924885E-6,5.705981E-6,5.705981E-6,1.0,0.0,6.3216714E-5,6.9469075E-5,6.9469075E-5,1.0,0.0,6.3198735E-4,6.9456873E-4,6.9456873E-4,1.0,0.0
