Magnitude,1 wk TI Prob,1 wk TD Prob,1 wk ETAS Prob,1 wk ETAS/TD Gain,1 wk ETAS Triggered Only,1 mo TI Prob,1 mo TD Prob,1 mo ETAS Prob,1 mo ETAS/TD Gain,1 mo ETAS Triggered Only,1 yr TI Prob,1 yr TD Prob,1 yr ETAS Prob,1 yr ETAS/TD Gain,1 yr ETAS Triggered Only,10 yr TI Prob,10 yr TD Prob,10 yr ETAS Prob,10 yr ETAS/TD Gain,10 yr ETAS Triggered Only
6.0,6.155506E-5,7.9549725E-5,7.9549725E-5,1.0,0.0,2.6378073E-4,3.408857E-4,3.408857E-4,1.0,0.0,0.0032068014,0.0041428325,0.0041627497,1.0048076,2.0E-5,0.03160919,0.04070455,0.040723734,1.0004714,2.0E-5
6.1,6.155506E-5,7.9549725E-5,7.9549725E-5,1.0,0.0,2.6378073E-4,3.408857E-4,3.408857E-4,1.0,0.0,0.0032068014,0.0041428325,0.0041627497,1.0048076,2.0E-5,0.03160919,0.04070455,0.040723734,1.0004714,2.0E-5
6.2,4.1335024E-5,5.257842E-5,5.257842E-5,1.0,0.0,1.7713808E-4,2.2531768E-4,2.2531768E-4,1.0,0.0,0.0021545228,0.0027399417,0.002759887,1.0072794,2.0E-5,0.021337535,0.027077755,0.027097212,1.0007186,2.0E-5
6.3,4.1335024E-5,5.257842E-5,5.257842E-5,1.0,0.0,1.7713808E-4,2.2531768E-4,2.2531768E-4,1.0,0.0,0.0021545228,0.0027399417,0.002759887,1.0072794,2.0E-5,0.021337535,0.027077755,0.027097212,1.0007186,2.0E-5
6.4,3.2393702E-5,4.088869E-5,4.088869E-5,1.0,0.0,1.3882275E-4,1.7522615E-4,1.7522615E-4,1.0,0.0,0.0016888566,0.002131397,0.0021513542,1.0093635,2.0E-5,0.016760793,0.021120586,0.021140162,1.000927,2.0E-5
6.5,2.7205504E-5,3.421293E-5,3.421293E-5,1.0,0.0,1.1658981E-4,1.4661916E-4,1.4661916E-4,1.0,0.0,0.0014185566,0.0017837201,0.0018036844,1.0111926,2.0E-5,0.014095354,0.017703557,0.017723205,1.0011097,2.0E-5
6.6,2.069265E-5,2.5956291E-5,2.5956291E-5,1.0,0.0,8.867977E-5,1.11236994E-4,1.11236994E-4,1.0,0.0,0.0010791414,0.0013535529,0.0013735258,1.014756,2.0E-5,0.010739161,0.013461461,0.013481191,1.0014657,2.0E-5
6.7,1.8060919E-5,2.2657596E-5,2.2657596E-5,1.0,0.0,7.7401644E-5,9.710083E-5,9.710083E-5,1.0,0.0,9.419576E-4,0.0011816423,0.0012016187,1.0169055,2.0E-5,0.009379748,0.011761637,0.011781402,1.0016805,2.0E-5
6.8,1.4474663E-5,1.8181892E-5,1.8181892E-5,1.0,0.0,6.203279E-5,7.79205E-5,7.79205E-5,1.0,0.0,7.5498753E-4,9.483456E-4,9.6832664E-4,1.0210694,2.0E-5,0.007524277,0.009450515,0.009470326,1.0020963,2.0E-5
6.9,8.564552E-6,1.0802686E-5,1.0802686E-5,1.0,0.0,3.6704707E-5,4.629678E-5,4.629678E-5,1.0,0.0,4.4678818E-4,5.635839E-4,5.735783E-4,1.0177336,1.0E-5,0.0044589094,0.005628045,0.005637989,1.0017668,1.0E-5
