Magnitude,1 wk TI Prob,1 wk TD Prob,1 wk ETAS Prob,1 wk ETAS/TD Gain,1 wk ETAS Triggered Only,1 mo TI Prob,1 mo TD Prob,1 mo ETAS Prob,1 mo ETAS/TD Gain,1 mo ETAS Triggered Only,1 yr TI Prob,1 yr TD Prob,1 yr ETAS Prob,1 yr ETAS/TD Gain,1 yr ETAS Triggered Only,10 yr TI Prob,10 yr TD Prob,10 yr ETAS Prob,10 yr ETAS/TD Gain,10 yr ETAS Triggered Only
6.0,2.233523E-5,2.5106996E-5,3.582484E-5,1.4268868,1.0718114E-5,9.571891E-5,1.0759792E-4,1.1831488E-4,1.099602,1.0718114E-5,0.0011647546,0.0013093855,0.001362906,1.0408745,5.3590567E-5,0.011586686,0.013033304,0.013086196,1.0040582,5.3590567E-5
6.1,2.233523E-5,2.5106996E-5,3.582484E-5,1.4268868,1.0718114E-5,9.571891E-5,1.0759792E-4,1.1831488E-4,1.099602,1.0718114E-5,0.0011647546,0.0013093855,0.001362906,1.0408745,5.3590567E-5,0.011586686,0.013033304,0.013086196,1.0040582,5.3590567E-5
6.2,2.233523E-5,2.5106996E-5,3.582484E-5,1.4268868,1.0718114E-5,9.571891E-5,1.0759792E-4,1.1831488E-4,1.099602,1.0718114E-5,0.0011647546,0.0013093855,0.001362906,1.0408745,5.3590567E-5,0.011586686,0.013033304,0.013086196,1.0040582,5.3590567E-5
6.3,2.233523E-5,2.5106996E-5,3.582484E-5,1.4268868,1.0718114E-5,9.571891E-5,1.0759792E-4,1.1831488E-4,1.099602,1.0718114E-5,0.0011647546,0.0013093855,0.001362906,1.0408745,5.3590567E-5,0.011586686,0.013033304,0.013086196,1.0040582,5.3590567E-5
6.4,1.2288092E-5,1.37813295E-5,1.37813295E-5,1.0,0.0,5.2662188E-5,5.9062033E-5,5.9062033E-5,1.0,0.0,6.409735E-4,7.189368E-4,7.51068E-4,1.0446928,3.215434E-5,0.006391279,0.007175316,0.0072072395,1.0044491,3.215434E-5
6.5,1.2288092E-5,1.37813295E-5,1.37813295E-5,1.0,0.0,5.2662188E-5,5.9062033E-5,5.9062033E-5,1.0,0.0,6.409735E-4,7.189368E-4,7.51068E-4,1.0446928,3.215434E-5,0.006391279,0.007175316,0.0072072395,1.0044491,3.215434E-5
6.6,8.58281E-6,9.633926E-6,9.633926E-6,1.0,0.0,3.6782953E-5,4.1288073E-5,4.1288073E-5,1.0,0.0,4.4774043E-4,5.026495E-4,5.133623E-4,1.0213125,1.0718114E-5,0.0044683935,0.0050232867,0.005033951,1.002123,1.0718114E-5
6.7,7.205685E-6,8.088433E-6,8.088433E-6,1.0,0.0,3.088114E-5,3.4664714E-5,3.4664714E-5,1.0,0.0,3.7591302E-4,4.2204288E-4,4.3275647E-4,1.025385,1.0718114E-5,0.0037527776,0.004220429,0.004231102,1.0025289,1.0718114E-5
