Magnitude,1 wk TI Prob,1 wk TD Prob,1 wk ETAS Prob,1 wk ETAS/TD Gain,1 wk ETAS Triggered Only,1 mo TI Prob,1 mo TD Prob,1 mo ETAS Prob,1 mo ETAS/TD Gain,1 mo ETAS Triggered Only,1 yr TI Prob,1 yr TD Prob,1 yr ETAS Prob,1 yr ETAS/TD Gain,1 yr ETAS Triggered Only,10 yr TI Prob,10 yr TD Prob,10 yr ETAS Prob,10 yr ETAS/TD Gain,10 yr ETAS Triggered Only
6.0,3.5090034E-5,4.0364324E-5,0.0010641325,26.363195,0.0010238095,1.503772E-4,1.7297994E-4,0.0015774989,9.119548,0.0014047619,0.0018293047,0.0021042528,0.0050029024,2.3775196,0.0029047618,0.018143194,0.020869201,0.026627423,1.2759196,0.0058809523
6.1,3.5090034E-5,4.0364324E-5,0.0010641325,26.363195,0.0010238095,1.503772E-4,1.7297994E-4,0.0015774989,9.119548,0.0014047619,0.0018293047,0.0021042528,0.0050029024,2.3775196,0.0029047618,0.018143194,0.020869201,0.026627423,1.2759196,0.0058809523
6.2,1.841879E-5,2.1059794E-5,4.7343122E-4,22.480335,4.5238095E-4,7.8935285E-5,9.0253714E-5,7.806676E-4,8.649701,6.904762E-4,9.606133E-4,0.001098387,0.0027394397,2.494057,0.0016428571,0.0095647145,0.010939667,0.014495574,1.3250471,0.003595238
6.3,1.841879E-5,2.1059794E-5,4.7343122E-4,22.480335,4.5238095E-4,7.8935285E-5,9.0253714E-5,7.806676E-4,8.649701,6.904762E-4,9.606133E-4,0.001098387,0.0027394397,2.494057,0.0016428571,0.0095647145,0.010939667,0.014495574,1.3250471,0.003595238
6.4,1.712201E-5,1.9565212E-5,4.7193732E-4,24.121248,4.5238095E-4,7.337798E-5,8.3848776E-5,7.742671E-4,9.234089,6.904762E-4,8.930107E-4,0.0010204813,0.0025903063,2.5383182,0.0015714286,0.008894307,0.010167871,0.013538013,1.3314502,0.003404762
6.5,1.4744935E-5,1.6836972E-5,3.9778295E-4,23.625563,3.8095238E-4,6.3191044E-5,7.215698E-5,6.911599E-4,9.57856,6.190476E-4,7.6907943E-4,8.7825063E-4,0.0023055675,2.6251817,0.0014285714,0.007664232,0.008756994,0.0118251275,1.3503637,0.003095238
6.6,1.2017839E-5,1.37240895E-5,3.4705285E-4,25.28786,3.3333333E-4,5.150401E-5,5.88167E-5,6.3021167E-4,10.714843,5.7142857E-4,6.268809E-4,7.159466E-4,0.001929363,2.6948419,0.0012142857,0.0062511545,0.0071450938,0.009887264,1.3837837,0.0027619048
6.7,1.00956095E-5,1.1533517E-5,3.2105375E-4,27.836588,3.095238E-4,4.326618E-5,4.942891E-5,5.732125E-4,11.596706,5.238095E-4,5.266384E-4,6.017178E-4,0.0016962969,2.8190904,0.0010952381,0.005253921,0.0060094125,0.00842339,1.4016993,0.0024285715
