Magnitude,1 wk TI Prob,1 wk TD Prob,1 wk ETAS Prob,1 wk ETAS/TD Gain,1 wk ETAS Triggered Only,1 mo TI Prob,1 mo TD Prob,1 mo ETAS Prob,1 mo ETAS/TD Gain,1 mo ETAS Triggered Only,1 yr TI Prob,1 yr TD Prob,1 yr ETAS Prob,1 yr ETAS/TD Gain,1 yr ETAS Triggered Only,10 yr TI Prob,10 yr TD Prob,10 yr ETAS Prob,10 yr ETAS/TD Gain,10 yr ETAS Triggered Only
6.0,3.5090034E-5,4.0364324E-5,0.0010703227,26.516554,0.00103,1.503772E-4,1.7297994E-4,0.0017027153,9.843426,0.00153,0.0018293047,0.0021042528,0.005337435,2.536499,0.00324,0.018143194,0.020869201,0.02691044,1.2894809,0.00617
6.1,3.5090034E-5,4.0364324E-5,0.0010703227,26.516554,0.00103,1.503772E-4,1.7297994E-4,0.0017027153,9.843426,0.00153,0.0018293047,0.0021042528,0.005337435,2.536499,0.00324,0.018143194,0.020869201,0.02691044,1.2894809,0.00617
6.2,1.841879E-5,2.1059794E-5,5.510486E-4,26.165909,5.3E-4,7.8935285E-5,9.0253714E-5,9.101797E-4,10.084679,8.2E-4,9.606133E-4,0.001098387,0.0030162781,2.7460978,0.00192,0.0095647145,0.010939667,0.014806893,1.3535049,0.00391
6.3,1.841879E-5,2.1059794E-5,5.510486E-4,26.165909,5.3E-4,7.8935285E-5,9.0253714E-5,9.101797E-4,10.084679,8.2E-4,9.606133E-4,0.001098387,0.0030162781,2.7460978,0.00192,0.0095647145,0.010939667,0.014806893,1.3535049,0.00391
6.4,1.712201E-5,1.9565212E-5,5.495548E-4,28.088367,5.3E-4,7.337798E-5,8.3848776E-5,8.9378085E-4,10.659438,8.1E-4,8.930107E-4,0.0010204813,0.002838624,2.7816522,0.00182,0.008894307,0.010167871,0.0138698425,1.3640853,0.00374
6.5,1.4744935E-5,1.6836972E-5,4.668294E-4,27.726446,4.5E-4,6.3191044E-5,7.215698E-5,7.7210646E-4,10.700371,7.0E-4,7.6907943E-4,8.7825063E-4,0.0025268015,2.8770847,0.00165,0.007664232,0.008756994,0.012147046,1.387125,0.00342
6.6,1.2017839E-5,1.37240895E-5,4.137186E-4,30.145432,4.0E-4,5.150401E-5,5.88167E-5,7.0877845E-4,12.050633,6.5E-4,6.268809E-4,7.159466E-4,0.002124937,2.9680107,0.00141,0.0062511545,0.0071450938,0.010133587,1.4182581,0.00301
6.7,1.00956095E-5,1.1533517E-5,3.515296E-4,30.47896,3.4E-4,4.326618E-5,4.942891E-5,6.094012E-4,12.328842,5.6E-4,5.266384E-4,6.017178E-4,0.0018009957,2.9930904,0.0012,0.005253921,0.0060094125,0.008534148,1.4201303,0.00254
