Magnitude,1 wk TI Prob,1 wk TD Prob,1 wk ETAS Prob,1 wk ETAS/TD Gain,1 wk ETAS Triggered Only,1 mo TI Prob,1 mo TD Prob,1 mo ETAS Prob,1 mo ETAS/TD Gain,1 mo ETAS Triggered Only,1 yr TI Prob,1 yr TD Prob,1 yr ETAS Prob,1 yr ETAS/TD Gain,1 yr ETAS Triggered Only,10 yr TI Prob,10 yr TD Prob,10 yr ETAS Prob,10 yr ETAS/TD Gain,10 yr ETAS Triggered Only
6.0,1.9810619E-5,2.311252E-5,2.311252E-5,1.0,0.0,8.489989E-5,9.905276E-5,1.798202E-4,1.8153982,8.077545E-5,0.001033166,0.0012058079,0.0012864859,1.0669079,8.077545E-5,0.010283757,0.012042425,0.01220203,1.0132536,1.615509E-4
6.1,1.9810619E-5,2.311252E-5,2.311252E-5,1.0,0.0,8.489989E-5,9.905276E-5,1.798202E-4,1.8153982,8.077545E-5,0.001033166,0.0012058079,0.0012864859,1.0669079,8.077545E-5,0.010283757,0.012042425,0.01220203,1.0132536,1.615509E-4
6.2,1.9810619E-5,2.311252E-5,2.311252E-5,1.0,0.0,8.489989E-5,9.905276E-5,1.798202E-4,1.8153982,8.077545E-5,0.001033166,0.0012058079,0.0012864859,1.0669079,8.077545E-5,0.010283757,0.012042425,0.01220203,1.0132536,1.615509E-4
6.3,1.9810619E-5,2.311252E-5,2.311252E-5,1.0,0.0,8.489989E-5,9.905276E-5,1.798202E-4,1.8153982,8.077545E-5,0.001033166,0.0012058079,0.0012864859,1.0669079,8.077545E-5,0.010283757,0.012042425,0.01220203,1.0132536,1.615509E-4
6.4,1.9810619E-5,2.311252E-5,2.311252E-5,1.0,0.0,8.489989E-5,9.905276E-5,1.798202E-4,1.8153982,8.077545E-5,0.001033166,0.0012058079,0.0012864859,1.0669079,8.077545E-5,0.010283757,0.012042425,0.01220203,1.0132536,1.615509E-4
6.5,1.7190405E-5,2.0050555E-5,2.0050555E-5,1.0,0.0,7.367108E-5,8.593095E-5,1.6669945E-4,1.9399233,8.077545E-5,8.9657627E-4,0.0010462094,0.0011269003,1.077127,8.077545E-5,0.008929676,0.010462056,0.0106219165,1.01528,1.615509E-4
6.6,1.7190405E-5,2.0050555E-5,2.0050555E-5,1.0,0.0,7.367108E-5,8.593095E-5,1.6669945E-4,1.9399233,8.077545E-5,8.9657627E-4,0.0010462094,0.0011269003,1.077127,8.077545E-5,0.008929676,0.010462056,0.0106219165,1.01528,1.615509E-4
