Magnitude,1 wk TI Prob,1 wk TD Prob,1 wk ETAS Prob,1 wk ETAS/TD Gain,1 wk ETAS Triggered Only,1 mo TI Prob,1 mo TD Prob,1 mo ETAS Prob,1 mo ETAS/TD Gain,1 mo ETAS Triggered Only,1 yr TI Prob,1 yr TD Prob,1 yr ETAS Prob,1 yr ETAS/TD Gain,1 yr ETAS Triggered Only,10 yr TI Prob,10 yr TD Prob,10 yr ETAS Prob,10 yr ETAS/TD Gain,10 yr ETAS Triggered Only
6.0,2.233523E-5,2.5106583E-5,1.0308828E-4,4.106026,7.7983656E-5,9.571891E-5,1.0759615E-4,2.3235657E-4,2.159525,1.2477385E-4,0.0011647546,0.001309364,0.001511856,1.1546491,2.027575E-4,0.011586686,0.013033091,0.013310173,1.0212599,2.8074117E-4
6.1,2.233523E-5,2.5106583E-5,1.0308828E-4,4.106026,7.7983656E-5,9.571891E-5,1.0759615E-4,2.3235657E-4,2.159525,1.2477385E-4,0.0011647546,0.001309364,0.001511856,1.1546491,2.027575E-4,0.011586686,0.013033091,0.013310173,1.0212599,2.8074117E-4
6.2,2.233523E-5,2.5106583E-5,1.0308828E-4,4.106026,7.7983656E-5,9.571891E-5,1.0759615E-4,2.3235657E-4,2.159525,1.2477385E-4,0.0011647546,0.001309364,0.001511856,1.1546491,2.027575E-4,0.011586686,0.013033091,0.013310173,1.0212599,2.8074117E-4
6.3,2.233523E-5,2.5106583E-5,1.0308828E-4,4.106026,7.7983656E-5,9.571891E-5,1.0759615E-4,2.3235657E-4,2.159525,1.2477385E-4,0.0011647546,0.001309364,0.001511856,1.1546491,2.027575E-4,0.011586686,0.013033091,0.013310173,1.0212599,2.8074117E-4
6.4,1.2288092E-5,1.3781108E-5,4.497414E-5,3.2634635,3.1193464E-5,5.2662188E-5,5.906108E-5,1.0584851E-4,1.7921872,4.6790192E-5,6.409735E-4,7.189252E-4,8.280238E-4,1.1517524,1.0917712E-4,0.006391279,0.0071752006,0.007345534,1.0237391,1.7156404E-4
6.5,1.2288092E-5,1.3781108E-5,4.497414E-5,3.2634635,3.1193464E-5,5.2662188E-5,5.906108E-5,1.0584851E-4,1.7921872,4.6790192E-5,6.409735E-4,7.189252E-4,8.280238E-4,1.1517524,1.0917712E-4,0.006391279,0.0071752006,0.007345534,1.0237391,1.7156404E-4
6.6,8.58281E-6,9.63377E-6,9.63377E-6,1.0,0.0,3.6782953E-5,4.12874E-5,4.12874E-5,1.0,0.0,4.4774043E-4,5.026414E-4,5.49408E-4,1.0930418,4.6790192E-5,0.0044683935,0.005023205,0.0051318337,1.0216254,1.0917712E-4
6.7,7.205685E-6,8.088302E-6,8.088302E-6,1.0,0.0,3.088114E-5,3.466415E-5,3.466415E-5,1.0,0.0,3.7591302E-4,4.2203604E-4,4.5321631E-4,1.0738807,3.1193464E-5,0.0037527776,0.0042203604,0.004298015,1.0184,7.7983656E-5
