Magnitude,1 wk TI Prob,1 wk TD Prob,1 wk ETAS Prob,1 wk ETAS/TD Gain,1 wk ETAS Triggered+TD,1 wk ETAS Triggered Only,1 mo TI Prob,1 mo TD Prob,1 mo ETAS Prob,1 mo ETAS/TD Gain,1 mo ETAS Triggered+TD,1 mo ETAS Triggered Only,1 yr TI Prob,1 yr TD Prob,1 yr ETAS Prob,1 yr ETAS/TD Gain,1 yr ETAS Triggered+TD,1 yr ETAS Triggered Only,10 yr TI Prob,10 yr TD Prob,10 yr ETAS Prob,10 yr ETAS/TD Gain,10 yr ETAS Triggered+TD,10 yr ETAS Triggered Only
6.0,1.5673151E-5,1.1737301E-5,1.0E-4,8.519846,1.1737301E-5,0.0,6.716892E-5,5.0302475E-5,1.0E-4,1.9879738,5.0302475E-5,0.0,8.1747473E-4,6.123892E-4,2.0E-4,0.3265897,6.123892E-4,0.0,0.008144741,0.006119633,0.0035,0.5719297,0.0067159613,6.0E-4
6.1,1.5673151E-5,1.1737301E-5,1.0E-4,8.519846,1.1737301E-5,0.0,6.716892E-5,5.0302475E-5,1.0E-4,1.9879738,5.0302475E-5,0.0,8.1747473E-4,6.123892E-4,2.0E-4,0.3265897,6.123892E-4,0.0,0.008144741,0.006119633,0.0035,0.5719297,0.0067159613,6.0E-4
6.2,1.5673151E-5,1.1737301E-5,1.0E-4,8.519846,1.1737301E-5,0.0,6.716892E-5,5.0302475E-5,1.0E-4,1.9879738,5.0302475E-5,0.0,8.1747473E-4,6.123892E-4,2.0E-4,0.3265897,6.123892E-4,0.0,0.008144741,0.006119633,0.0035,0.5719297,0.0067159613,6.0E-4
6.3,1.5673151E-5,1.1737301E-5,1.0E-4,8.519846,1.1737301E-5,0.0,6.716892E-5,5.0302475E-5,1.0E-4,1.9879738,5.0302475E-5,0.0,8.1747473E-4,6.123892E-4,2.0E-4,0.3265897,6.123892E-4,0.0,0.008144741,0.006119633,0.0035,0.5719297,0.0067159613,6.0E-4
6.4,1.5673151E-5,1.1737301E-5,1.0E-4,8.519846,1.1737301E-5,0.0,6.716892E-5,5.0302475E-5,1.0E-4,1.9879738,5.0302475E-5,0.0,8.1747473E-4,6.123892E-4,2.0E-4,0.3265897,6.123892E-4,0.0,0.008144741,0.006119633,0.0035,0.5719297,0.0067159613,6.0E-4
6.5,1.36191375E-5,1.0068775E-5,1.0E-4,9.931695,1.0068775E-5,0.0,5.8366426E-5,4.3151893E-5,1.0E-4,2.3173954,4.3151893E-5,0.0,7.103795E-4,5.253743E-4,2.0E-4,0.38068098,5.253743E-4,0.0,0.0070811296,0.005253743,0.0028,0.5329534,0.005751116,5.0E-4
