Magnitude,1 wk TI Prob,1 wk TD Prob,1 wk ETAS Prob,1 wk ETAS/TD Gain,1 wk ETAS Triggered+TD,1 wk ETAS Triggered Only,1 mo TI Prob,1 mo TD Prob,1 mo ETAS Prob,1 mo ETAS/TD Gain,1 mo ETAS Triggered+TD,1 mo ETAS Triggered Only,1 yr TI Prob,1 yr TD Prob,1 yr ETAS Prob,1 yr ETAS/TD Gain,1 yr ETAS Triggered+TD,1 yr ETAS Triggered Only,10 yr TI Prob,10 yr TD Prob,10 yr ETAS Prob,10 yr ETAS/TD Gain,10 yr ETAS Triggered+TD,10 yr ETAS Triggered Only
6.0,6.1090436E-6,6.209083E-6,0.0,0.0,6.209083E-6,0.0,2.6181353E-5,2.6610109E-5,0.0,0.0,2.6610109E-5,0.0,3.1871133E-4,3.2393442E-4,3.0E-4,0.9261134,3.2393442E-4,0.0,0.0031825465,0.0032350663,0.0017,0.52549154,0.0033347427,1.0E-4
6.1,2.9741811E-6,3.021078E-6,0.0,0.0,3.021078E-6,0.0,1.2746428E-5,1.2947419E-5,0.0,0.0,1.2947419E-5,0.0,1.5517672E-4,1.5762437E-4,2.0E-4,1.2688394,1.5762437E-4,0.0,0.001550684,0.0015752186,9.0E-4,0.57134926,0.0015752186,0.0
6.2,2.9741811E-6,3.021078E-6,0.0,0.0,3.021078E-6,0.0,1.2746428E-5,1.2947419E-5,0.0,0.0,1.2947419E-5,0.0,1.5517672E-4,1.5762437E-4,2.0E-4,1.2688394,1.5762437E-4,0.0,0.001550684,0.0015752186,9.0E-4,0.57134926,0.0015752186,0.0
6.3,1.4781198E-6,1.5010254E-6,0.0,0.0,1.5010254E-6,0.0,6.3347834E-6,6.432951E-6,0.0,0.0,6.432951E-6,0.0,7.712326E-5,7.831857E-5,1.0E-4,1.2768364,7.831857E-5,0.0,7.70965E-4,7.829296E-4,6.0E-4,0.7663525,7.829296E-4,0.0
6.4,1.4781198E-6,1.5010254E-6,0.0,0.0,1.5010254E-6,0.0,6.3347834E-6,6.432951E-6,0.0,0.0,6.432951E-6,0.0,7.712326E-5,7.831857E-5,1.0E-4,1.2768364,7.831857E-5,0.0,7.70965E-4,7.829296E-4,6.0E-4,0.7663525,7.829296E-4,0.0
6.5,9.5176676E-7,9.664486E-7,0.0,0.0,9.664486E-7,0.0,4.078994E-6,4.1419166E-6,0.0,0.0,4.1419166E-6,0.0,4.9660623E-5,5.0426774E-5,1.0E-4,1.9830735,5.0426774E-5,0.0,4.964952E-4,5.0416373E-4,3.0E-4,0.5950448,5.0416373E-4,0.0
6.6,6.21145E-7,6.307556E-7,0.0,0.0,6.307556E-7,0.0,2.662047E-6,2.7032359E-6,0.0,0.0,2.7032359E-6,0.0,3.2409942E-5,3.2911466E-5,0.0,0.0,3.2911466E-5,0.0,3.2405215E-4,3.290725E-4,1.0E-4,0.30388442,3.290725E-4,0.0
6.7,2.2377962E-7,2.2730853E-7,0.0,0.0,2.2730853E-7,0.0,9.590551E-7,9.741792E-7,0.0,0.0,9.741792E-7,0.0,1.1676434E-5,1.1860599E-5,0.0,0.0,1.1860599E-5,0.0,1.1675821E-4,1.186028E-4,0.0,0.0,1.186028E-4,0.0
6.8,1.4785022E-7,1.5018983E-7,0.0,0.0,1.5018983E-7,0.0,6.3364365E-7,6.436707E-7,0.0,0.0,6.436707E-7,0.0,7.714584E-6,7.836691E-6,0.0,0.0,7.836691E-6,0.0,7.714316E-5,7.836691E-5,0.0,0.0,7.836691E-5,0.0
