Magnitude,1 wk TI Prob,1 wk TD Prob,1 wk ETAS Prob,1 wk ETAS/TD Gain,1 wk ETAS Triggered+TD,1 wk ETAS Triggered Only,1 mo TI Prob,1 mo TD Prob,1 mo ETAS Prob,1 mo ETAS/TD Gain,1 mo ETAS Triggered+TD,1 mo ETAS Triggered Only,1 yr TI Prob,1 yr TD Prob,1 yr ETAS Prob,1 yr ETAS/TD Gain,1 yr ETAS Triggered+TD,1 yr ETAS Triggered Only,10 yr TI Prob,10 yr TD Prob,10 yr ETAS Prob,10 yr ETAS/TD Gain,10 yr ETAS Triggered+TD,10 yr ETAS Triggered Only
6.0,1.6591328E-5,1.8090686E-5,1.0E-4,5.527706,1.8090686E-5,0.0,7.110376E-5,7.75296E-5,1.0E-4,1.28983,7.75296E-5,0.0,8.6534437E-4,9.435831E-4,4.0E-4,0.42391604,0.0010434887,1.0E-4,0.008619824,0.009402585,0.0094,0.99972504,0.009897884,5.0E-4
6.1,8.041125E-6,8.761437E-6,0.0,0.0,8.761437E-6,0.0,3.4461507E-5,3.754859E-5,0.0,0.0,3.754859E-5,0.0,4.194881E-4,4.5707848E-4,0.0,0.0,4.5707848E-4,0.0,0.004186971,0.0045633772,0.0043,0.9422846,0.004862008,3.0E-4
6.2,3.2807004E-6,3.576167E-6,0.0,0.0,3.576167E-6,0.0,1.4060069E-5,1.5326363E-5,0.0,0.0,1.5326363E-5,0.0,1.7116789E-4,1.8658665E-4,0.0,0.0,1.8658665E-4,0.0,0.0017103611,0.0018647071,0.0018,0.96529907,0.0018647071,0.0
6.3,1.9339366E-6,2.1083722E-6,0.0,0.0,2.1083722E-6,0.0,8.288273E-6,9.035865E-6,0.0,0.0,9.035865E-6,0.0,1.00905054E-4,1.1000896E-4,0.0,0.0,1.1000896E-4,0.0,0.0010085925,0.0010998244,9.0E-4,0.81831247,0.0010998244,0.0
6.4,1.3142635E-6,1.4326239E-6,0.0,0.0,1.4326239E-6,0.0,5.6325457E-6,6.139817E-6,0.0,0.0,6.139817E-6,0.0,6.857408E-5,7.475227E-5,0.0,0.0,7.475227E-5,0.0,6.8552926E-4,7.475227E-4,7.0E-4,0.9364264,7.475227E-4,0.0
