Magnitude,1 wk TI Prob,1 wk TD Prob,1 wk ETAS Prob,1 wk ETAS/TD Gain,1 wk ETAS Triggered+TD,1 wk ETAS Triggered Only,1 mo TI Prob,1 mo TD Prob,1 mo ETAS Prob,1 mo ETAS/TD Gain,1 mo ETAS Triggered+TD,1 mo ETAS Triggered Only,1 yr TI Prob,1 yr TD Prob,1 yr ETAS Prob,1 yr ETAS/TD Gain,1 yr ETAS Triggered+TD,1 yr ETAS Triggered Only,10 yr TI Prob,10 yr TD Prob,10 yr ETAS Prob,10 yr ETAS/TD Gain,10 yr ETAS Triggered+TD,10 yr ETAS Triggered Only
6.0,2.0341662E-5,2.3785644E-5,0.0,0.0,2.3785644E-5,0.0,8.717564E-5,1.01937476E-4,1.0E-4,0.98099345,2.0192728E-4,1.0E-4,0.0010608466,0.0012409115,8.0E-4,0.64468735,0.0015405392,3.0E-4,0.010557966,0.012391717,0.0095,0.76664114,0.013774369,0.0014
6.1,2.0341662E-5,2.3785644E-5,0.0,0.0,2.3785644E-5,0.0,8.717564E-5,1.01937476E-4,1.0E-4,0.98099345,2.0192728E-4,1.0E-4,0.0010608466,0.0012409115,8.0E-4,0.64468735,0.0015405392,3.0E-4,0.010557966,0.012391717,0.0095,0.76664114,0.013774369,0.0014
6.2,2.0341662E-5,2.3785644E-5,0.0,0.0,2.3785644E-5,0.0,8.717564E-5,1.01937476E-4,1.0E-4,0.98099345,2.0192728E-4,1.0E-4,0.0010608466,0.0012409115,8.0E-4,0.64468735,0.0015405392,3.0E-4,0.010557966,0.012391717,0.0095,0.76664114,0.013774369,0.0014
6.3,2.0341662E-5,2.3785644E-5,0.0,0.0,2.3785644E-5,0.0,8.717564E-5,1.01937476E-4,1.0E-4,0.98099345,2.0192728E-4,1.0E-4,0.0010608466,0.0012409115,8.0E-4,0.64468735,0.0015405392,3.0E-4,0.010557966,0.012391717,0.0095,0.76664114,0.013774369,0.0014
6.4,1.749821E-5,2.04545E-5,0.0,0.0,2.04545E-5,0.0,7.499018E-5,8.766214E-5,1.0E-4,1.1407433,1.8765338E-4,1.0E-4,9.1262296E-4,0.0010672864,7.0E-4,0.65586895,0.0013669662,3.0E-4,0.009088841,0.010672825,0.0084,0.7870456,0.011761085,0.0011
6.5,1.749821E-5,2.04545E-5,0.0,0.0,2.04545E-5,0.0,7.499018E-5,8.766214E-5,1.0E-4,1.1407433,1.8765338E-4,1.0E-4,9.1262296E-4,0.0010672864,7.0E-4,0.65586895,0.0013669662,3.0E-4,0.009088841,0.010672825,0.0084,0.7870456,0.011761085,0.0011
