Magnitude,UCERF3-TI Prob,UCERF3-TD Prob,UCERF3-ETAS Prob
6.0,0.5620537,0.59553653,0.32053742
6.1,0.5620537,0.59553653,0.32053742
6.2,0.5620537,0.59553653,0.32053742
6.3,0.5620537,0.59553653,0.32053742
6.4,0.5620537,0.59553653,0.32053742
6.5,0.3753109,0.4016844,0.18426104
6.6,0.3753109,0.4016844,0.18426104
6.7,0.2981062,0.32411137,0.1362764
6.8,0.22696762,0.2512807,0.10364683
6.9,0.17283754,0.19604202,0.07293666
