Magnitude,UCERF3-TI Prob,UCERF3-TD Prob,UCERF3-ETAS Prob
6.0,0.4299989,0.44860062,0.3224568
6.1,0.4299989,0.44860062,0.3224568
6.2,0.4299989,0.44860062,0.3224568
6.3,0.23015048,0.23685107,0.1612284
6.4,0.23015048,0.23685107,0.1612284
6.5,0.1660879,0.17100504,0.10556622
6.6,0.12211306,0.12594453,0.07677543
6.7,0.09114263,0.09425897,0.053742804
6.8,0.06460619,0.06708725,0.04606526
6.9,0.04509049,0.04710879,0.034548946
