Magnitude,UCERF3-TI Prob,UCERF3-TD Prob,UCERF3-ETAS Prob
6.0,0.9994963,0.8197428,1.0
6.1,0.9994963,0.8197428,1.0
6.2,0.9994963,0.8197428,1.0
6.3,0.9994963,0.8197428,1.0
6.4,0.9985637,0.7863464,1.0
6.5,0.9985637,0.7863464,1.0
6.6,0.9974912,0.7653301,1.0
6.7,0.99402195,0.7279573,1.0
6.8,0.982366,0.66705585,0.9818182
6.9,0.9568981,0.60472953,0.9818182
7.0,0.9122654,0.53857493,0.90909094
7.1,0.73078585,0.3892527,0.6363636
7.2,0.0017059613,0.0017162096,0.0
