Magnitude,UCERF3-TI Prob,UCERF3-TD Prob,UCERF3-ETAS Prob
6.0,0.44162068,0.4736812,0.27272728
6.1,0.44162068,0.4736812,0.27272728
6.2,0.44162068,0.4736812,0.27272728
6.3,0.44162068,0.4736812,0.27272728
6.4,0.2742789,0.29860452,0.21818182
6.5,0.2742789,0.29860452,0.21818182
6.6,0.20062119,0.22351183,0.18181819
6.7,0.17137854,0.1940791,0.12727273
