Magnitude,UCERF3-TI Prob,UCERF3-TD Prob,UCERF3-ETAS Prob
6.0,0.22789614,0.23171295,0.292
6.1,0.22789614,0.23171295,0.292
6.2,0.112154946,0.11339287,0.13
6.3,0.112154946,0.11339287,0.13
6.4,0.084944725,0.085907035,0.093
6.5,0.071301304,0.072149105,0.083
6.6,0.057048626,0.057768766,0.063
6.7,0.04814229,0.048787437,0.053
6.8,0.038064,0.03861272,0.04
6.9,0.017676475,0.01798723,0.014
