Magnitude,UCERF3-TI Prob,UCERF3-TD Prob,UCERF3-ETAS Prob
6.0,0.42937768,0.44842738,0.23416507
6.1,0.42937768,0.44842738,0.23416507
6.2,0.42937768,0.44842738,0.23416507
6.3,0.42937768,0.44842738,0.23416507
6.4,0.17462832,0.15737154,0.0671785
6.5,0.17462832,0.15737154,0.0671785
6.6,0.16367269,0.14585184,0.061420344
6.7,0.04714669,0.020750126,0.0019193857
