Magnitude,UCERF3-TI Prob,UCERF3-TD Prob,UCERF3-ETAS Prob
6.0,0.86628586,0.8582752,0.76199615
6.1,0.6994632,0.68686634,0.537428
6.2,0.6994632,0.68686634,0.537428
6.3,0.58025813,0.57736945,0.41266796
6.4,0.51496357,0.51815647,0.353167
6.5,0.51442176,0.517612,0.3512476
6.6,0.45089078,0.4605903,0.2975048
6.7,0.40455094,0.417383,0.26103646
6.8,0.15739068,0.1625575,0.12092131
6.9,0.13642415,0.1410578,0.10556622
7.0,0.09616783,0.099590406,0.07677543
7.1,0.040928528,0.042454913,0.030710172
