Magnitude,UCERF3-TI Prob,UCERF3-TD Prob,UCERF3-ETAS Prob
6.0,0.47955486,0.5000772,0.2802303
6.1,0.27903497,0.28822738,0.15547025
6.2,0.15825133,0.16273458,0.08637236
6.3,0.15825133,0.16273458,0.08637236
6.4,0.09765949,0.10035348,0.06333973
6.5,0.061999794,0.06375141,0.03646833
6.6,0.03456312,0.035578836,0.019193858
