Magnitude,1 wk TI Prob,1 wk TD Prob,1 wk ETAS Prob,1 wk ETAS/TD Gain,1 wk ETAS Triggered Only,1 mo TI Prob,1 mo TD Prob,1 mo ETAS Prob,1 mo ETAS/TD Gain,1 mo ETAS Triggered Only,1 yr TI Prob,1 yr TD Prob,1 yr ETAS Prob,1 yr ETAS/TD Gain,1 yr ETAS Triggered Only,10 yr TI Prob,10 yr TD Prob,10 yr ETAS Prob,10 yr ETAS/TD Gain,10 yr ETAS Triggered Only
6.0,6.1479834E-5,8.32779E-5,8.32779E-5,1.0,0.0,2.6345838E-4,3.5686235E-4,3.5686235E-4,1.0,0.0,0.0032028882,0.0043365774,0.0043365774,1.0,0.0,0.031571172,0.04258541,0.042626575,1.0009667,4.2997806E-5
6.1,4.4387216E-5,5.9769885E-5,5.9769885E-5,1.0,0.0,1.9021705E-4,2.561357E-4,2.561357E-4,1.0,0.0,0.0023134327,0.0031144004,0.0031144004,1.0,0.0,0.022894967,0.030754777,0.030796453,1.001355,4.2997806E-5
6.2,4.4387216E-5,5.9769885E-5,5.9769885E-5,1.0,0.0,1.9021705E-4,2.561357E-4,2.561357E-4,1.0,0.0,0.0023134327,0.0031144004,0.0031144004,1.0,0.0,0.022894967,0.030754777,0.030796453,1.001355,4.2997806E-5
6.3,2.9523822E-5,3.9546827E-5,3.9546827E-5,1.0,0.0,1.2652454E-4,1.6947828E-4,1.6947828E-4,1.0,0.0,0.0015393476,0.002061856,0.002061856,1.0,0.0,0.015287281,0.020460624,0.020460624,1.0,0.0
6.4,2.0512744E-5,2.7431366E-5,2.7431366E-5,1.0,0.0,8.79088E-5,1.1756013E-4,1.1756013E-4,1.0,0.0,0.001069764,0.0014307296,0.0014307296,1.0,0.0,0.010646289,0.014244295,0.014244295,1.0,0.0
6.5,1.6750226E-5,2.2391096E-5,2.2391096E-5,1.0,0.0,7.178471E-5,9.596065E-5,9.596065E-5,1.0,0.0,8.7362836E-4,0.0011680545,0.0011680545,1.0,0.0,0.008702018,0.011648942,0.011648942,1.0,0.0
6.6,1.4745303E-5,1.9707772E-5,1.9707772E-5,1.0,0.0,6.319262E-5,8.4461455E-5,8.4461455E-5,1.0,0.0,7.690986E-4,0.0010281889,0.0010281889,1.0,0.0,0.0076644225,0.010264887,0.010264887,1.0,0.0
6.7,9.951145E-7,1.1616295E-6,1.1616295E-6,1.0,0.0,4.26477E-6,4.9784035E-6,4.9784035E-6,1.0,0.0,5.1922336E-5,6.0610553E-5,6.0610553E-5,1.0,0.0,5.1910203E-4,6.0595747E-4,6.0595747E-4,1.0,0.0
6.8,5.866312E-7,6.8493534E-7,6.8493534E-7,1.0,0.0,2.5141312E-6,2.9354346E-6,2.9354346E-6,1.0,0.0,3.0609117E-5,3.5738463E-5,3.5738463E-5,1.0,0.0,3.06049E-4,3.5733997E-4,3.5733997E-4,1.0,0.0
