Magnitude,1 wk TI Prob,1 wk TD Prob,1 wk ETAS Prob,1 wk ETAS/TD Gain,1 wk ETAS Triggered Only,1 mo TI Prob,1 mo TD Prob,1 mo ETAS Prob,1 mo ETAS/TD Gain,1 mo ETAS Triggered Only,1 yr TI Prob,1 yr TD Prob,1 yr ETAS Prob,1 yr ETAS/TD Gain,1 yr ETAS Triggered Only,10 yr TI Prob,10 yr TD Prob,10 yr ETAS Prob,10 yr ETAS/TD Gain,10 yr ETAS Triggered Only
6.0,1.9621975E-5,2.2097003E-5,9.583081E-5,4.336824,7.3735435E-5,8.4091465E-5,9.469877E-5,2.1055777E-4,2.2234478,1.15869974E-4,0.0010233327,0.0011524827,0.0014049985,1.219106,2.5280722E-4,0.01018633,0.011478369,0.01193653,1.0399151,4.634799E-4
6.1,1.9621975E-5,2.2097003E-5,9.583081E-5,4.336824,7.3735435E-5,8.4091465E-5,9.469877E-5,2.1055777E-4,2.2234478,1.15869974E-4,0.0010233327,0.0011524827,0.0014049985,1.219106,2.5280722E-4,0.01018633,0.011478369,0.01193653,1.0399151,4.634799E-4
6.2,9.9971285E-6,1.1255602E-5,7.445669E-5,6.615079,6.3201805E-5,4.2844134E-5,4.8237693E-5,1.4303582E-4,2.9652293,9.480271E-5,5.2150246E-4,5.871877E-4,7.661543E-4,1.3047861,1.7907178E-4,0.0052028033,0.0058614668,0.0061232643,1.0446641,2.6334086E-4
6.3,9.589428E-6,1.079831E-5,7.399943E-5,6.852872,6.3201805E-5,4.10969E-5,4.6277943E-5,1.4107626E-4,3.0484557,9.480271E-5,5.002399E-4,5.6334015E-4,7.3178334E-4,1.299008,1.6853814E-4,0.0049911533,0.005624211,0.0058755963,1.044697,2.5280722E-4
6.4,9.589428E-6,1.079831E-5,7.399943E-5,6.852872,6.3201805E-5,4.10969E-5,4.6277943E-5,1.4107626E-4,3.0484557,9.480271E-5,5.002399E-4,5.6334015E-4,7.3178334E-4,1.299008,1.6853814E-4,0.0049911533,0.005624211,0.0058755963,1.044697,2.5280722E-4
6.5,5.557707E-6,6.2855797E-6,4.841985E-5,7.7033234,4.2134536E-5,2.3818526E-5,2.693807E-5,9.013817E-5,3.3461256,6.3201805E-5,2.8995197E-4,3.2794854E-4,4.437805E-4,1.3532016,1.15869974E-4,0.0028957394,0.003277282,0.0034452677,1.0512576,1.6853814E-4
6.6,4.8742945E-6,5.5132705E-6,4.7647573E-5,8.642343,4.2134536E-5,2.0889667E-5,2.3628236E-5,8.682854E-5,3.674779,6.3201805E-5,2.54302E-4,2.87662E-4,4.0349862E-4,1.4026831,1.15869974E-4,0.002540112,0.0028754652,0.0030435186,1.0584439,1.6853814E-4
6.7,3.991108E-6,4.5158945E-6,3.6116653E-5,7.9976745,3.1600903E-5,1.7104636E-5,1.9353833E-5,7.202099E-5,3.7212775,5.266817E-5,2.0822904E-4,2.3563292E-4,3.3041328E-4,1.4022374,9.480271E-5,0.0020803404,0.0023563292,0.002482435,1.0535179,1.2640361E-4
