Magnitude,1 wk TI Prob,1 wk TD Prob,1 wk ETAS Prob,1 wk ETAS/TD Gain,1 wk ETAS Triggered Only,1 mo TI Prob,1 mo TD Prob,1 mo ETAS Prob,1 mo ETAS/TD Gain,1 mo ETAS Triggered Only,1 yr TI Prob,1 yr TD Prob,1 yr ETAS Prob,1 yr ETAS/TD Gain,1 yr ETAS Triggered Only,10 yr TI Prob,10 yr TD Prob,10 yr ETAS Prob,10 yr ETAS/TD Gain,10 yr ETAS Triggered Only
6.0,3.5090034E-5,4.036416E-5,2.1234844E-4,5.2608166,1.7199123E-4,1.503772E-4,1.7297924E-4,4.3092147E-4,2.4911745,2.5798683E-4,0.0018293047,0.0021042444,0.0025333175,1.2039084,4.2997807E-4,0.018143194,0.02086912,0.02175323,1.0423645,9.0295397E-4
6.1,3.5090034E-5,4.036416E-5,2.1234844E-4,5.2608166,1.7199123E-4,1.503772E-4,1.7297924E-4,4.3092147E-4,2.4911745,2.5798683E-4,0.0018293047,0.0021042444,0.0025333175,1.2039084,4.2997807E-4,0.018143194,0.02086912,0.02175323,1.0423645,9.0295397E-4
6.2,1.841879E-5,2.1059714E-5,6.4056614E-5,3.041666,4.2997806E-5,7.8935285E-5,9.0253365E-5,1.7624121E-4,1.9527385,8.599561E-5,9.606133E-4,0.0010983828,0.0012701851,1.1564139,1.7199123E-4,0.0095647145,0.010939625,0.0113649,1.0388746,4.2997807E-4
6.3,1.841879E-5,2.1059714E-5,6.4056614E-5,3.041666,4.2997806E-5,7.8935285E-5,9.0253365E-5,1.7624121E-4,1.9527385,8.599561E-5,9.606133E-4,0.0010983828,0.0012701851,1.1564139,1.7199123E-4,0.0095647145,0.010939625,0.0113649,1.0388746,4.2997807E-4
6.4,1.712201E-5,1.9565137E-5,6.25621E-5,3.1976316,4.2997806E-5,7.337798E-5,8.384846E-5,1.6983686E-4,2.0255215,8.599561E-5,8.930107E-4,0.0010204774,0.0011922931,1.168368,1.7199123E-4,0.008894307,0.010167832,0.0105934385,1.0418581,4.2997807E-4
6.5,1.4744935E-5,1.6836908E-5,5.983399E-5,3.5537398,4.2997806E-5,6.3191044E-5,7.2156705E-5,1.5814611E-4,2.1917036,8.599561E-5,7.6907943E-4,8.782473E-4,0.0010500875,1.1956626,1.7199123E-4,0.007664232,0.008756962,0.009183174,1.0486714,4.2997807E-4
6.6,1.2017839E-5,1.3724038E-5,5.6721256E-5,4.132986,4.2997806E-5,5.150401E-5,5.8816477E-5,1.4480703E-4,2.4620147,8.599561E-5,6.268809E-4,7.1594387E-4,8.87812E-4,1.2400581,1.7199123E-4,0.0062511545,0.0071450667,0.0075719724,1.0597483,4.2997807E-4
6.7,1.00956095E-5,1.1533472E-5,5.4530785E-5,4.7280455,4.2997806E-5,4.326618E-5,4.9428723E-5,1.3542008E-4,2.7397044,8.599561E-5,5.266384E-4,6.017155E-4,7.306313E-4,1.2142471,1.2899342E-4,0.005253921,0.0060093896,0.006351305,1.0568968,3.4398245E-4
