Magnitude,1 wk TI Prob,1 wk TD Prob,1 wk ETAS Prob,1 wk ETAS/TD Gain,1 wk ETAS Triggered Only,1 mo TI Prob,1 mo TD Prob,1 mo ETAS Prob,1 mo ETAS/TD Gain,1 mo ETAS Triggered Only,1 yr TI Prob,1 yr TD Prob,1 yr ETAS Prob,1 yr ETAS/TD Gain,1 yr ETAS Triggered Only,10 yr TI Prob,10 yr TD Prob,10 yr ETAS Prob,10 yr ETAS/TD Gain,10 yr ETAS Triggered Only
6.0,3.5090034E-5,4.036416E-5,2.4072676E-4,5.963874,2.0037069E-4,1.503772E-4,1.7297924E-4,4.2339927E-4,2.4476883,2.5046334E-4,0.0018293047,0.0021042444,0.0025041425,1.1900436,4.0074138E-4,0.018143194,0.02086912,0.021801017,1.0446544,9.5176074E-4
6.1,3.5090034E-5,4.036416E-5,2.4072676E-4,5.963874,2.0037069E-4,1.503772E-4,1.7297924E-4,4.2339927E-4,2.4476883,2.5046334E-4,0.0018293047,0.0021042444,0.0025041425,1.1900436,4.0074138E-4,0.018143194,0.02086912,0.021801017,1.0446544,9.5176074E-4
6.2,1.841879E-5,2.1059714E-5,7.115133E-5,3.3785517,5.0092673E-5,7.8935285E-5,9.0253365E-5,1.4034152E-4,1.5549726,5.0092673E-5,9.606133E-4,0.0010983828,0.001198458,1.0911115,1.00185345E-4,0.0095647145,0.010939625,0.011335983,1.0362314,4.0074138E-4
6.3,1.841879E-5,2.1059714E-5,7.115133E-5,3.3785517,5.0092673E-5,7.8935285E-5,9.0253365E-5,1.4034152E-4,1.5549726,5.0092673E-5,9.606133E-4,0.0010983828,0.001198458,1.0911115,1.00185345E-4,0.0095647145,0.010939625,0.011335983,1.0362314,4.0074138E-4
6.4,1.712201E-5,1.9565137E-5,6.965683E-5,3.5602524,5.0092673E-5,7.337798E-5,8.384846E-5,1.3393693E-4,1.597369,5.0092673E-5,8.930107E-4,0.0010204774,0.0011205606,1.0980748,1.00185345E-4,0.008894307,0.010167832,0.010564499,1.039012,4.0074138E-4
6.5,1.4744935E-5,1.6836908E-5,6.692873E-5,3.9751203,5.0092673E-5,6.3191044E-5,7.2156705E-5,1.2224576E-4,1.6941705,5.0092673E-5,7.6907943E-4,8.782473E-4,9.783447E-4,1.113974,1.00185345E-4,0.007664232,0.008756962,0.009154193,1.0453619,4.0074138E-4
6.6,1.2017839E-5,1.3724038E-5,6.381602E-5,4.6499453,5.0092673E-5,5.150401E-5,5.8816477E-5,1.089062E-4,1.8516275,5.0092673E-5,6.268809E-4,7.1594387E-4,8.160575E-4,1.1398344,1.00185345E-4,0.0062511545,0.0071450667,0.0075429445,1.0556858,4.0074138E-4
6.7,1.00956095E-5,1.1533472E-5,6.1625564E-5,5.3431926,5.0092673E-5,4.326618E-5,4.9428723E-5,9.951892E-5,2.0133824,5.0092673E-5,5.266384E-4,6.017155E-4,7.0184056E-4,1.1663994,1.00185345E-4,0.005253921,0.0060093896,0.006357931,1.0579995,3.506487E-4
