Magnitude,1 wk TI Prob,1 wk TD Prob,1 wk ETAS Prob,1 wk ETAS/TD Gain,1 wk ETAS Triggered Only,1 mo TI Prob,1 mo TD Prob,1 mo ETAS Prob,1 mo ETAS/TD Gain,1 mo ETAS Triggered Only,1 yr TI Prob,1 yr TD Prob,1 yr ETAS Prob,1 yr ETAS/TD Gain,1 yr ETAS Triggered Only,10 yr TI Prob,10 yr TD Prob,10 yr ETAS Prob,10 yr ETAS/TD Gain,10 yr ETAS Triggered Only
6.0,6.222801E-6,6.4393753E-6,3.8040074E-5,5.907417,3.1600903E-5,2.6668875E-5,2.759712E-5,5.919715E-5,2.1450481,3.1600903E-5,3.2464517E-4,3.3595905E-4,3.6754934E-4,1.0940301,3.1600903E-5,0.0032417132,0.0033560738,0.0033980669,1.0125126,4.2134536E-5
6.1,6.222801E-6,6.4393753E-6,3.8040074E-5,5.907417,3.1600903E-5,2.6668875E-5,2.759712E-5,5.919715E-5,2.1450481,3.1600903E-5,3.2464517E-4,3.3595905E-4,3.6754934E-4,1.0940301,3.1600903E-5,0.0032417132,0.0033560738,0.0033980669,1.0125126,4.2134536E-5
6.2,6.222801E-6,6.4393753E-6,3.8040074E-5,5.907417,3.1600903E-5,2.6668875E-5,2.759712E-5,5.919715E-5,2.1450481,3.1600903E-5,3.2464517E-4,3.3595905E-4,3.6754934E-4,1.0940301,3.1600903E-5,0.0032417132,0.0033560738,0.0033980669,1.0125126,4.2134536E-5
6.3,6.222801E-6,6.4393753E-6,3.8040074E-5,5.907417,3.1600903E-5,2.6668875E-5,2.759712E-5,5.919715E-5,2.1450481,3.1600903E-5,3.2464517E-4,3.3595905E-4,3.6754934E-4,1.0940301,3.1600903E-5,0.0032417132,0.0033560738,0.0033980669,1.0125126,4.2134536E-5
6.4,6.222801E-6,6.4393753E-6,3.8040074E-5,5.907417,3.1600903E-5,2.6668875E-5,2.759712E-5,5.919715E-5,2.1450481,3.1600903E-5,3.2464517E-4,3.3595905E-4,3.6754934E-4,1.0940301,3.1600903E-5,0.0032417132,0.0033560738,0.0033980669,1.0125126,4.2134536E-5
6.5,2.8528623E-6,2.9521657E-6,3.4552973E-5,11.70428,3.1600903E-5,1.22264955E-5,1.2652126E-5,4.425263E-5,3.4976437,3.1600903E-5,1.4884741E-4,1.5403745E-4,1.8563349E-4,1.2051191,3.1600903E-5,0.0014874774,0.0015401602,0.0015717124,1.0204864,3.1600903E-5
6.6,2.8528623E-6,2.9521657E-6,3.4552973E-5,11.70428,3.1600903E-5,1.22264955E-5,1.2652126E-5,4.425263E-5,3.4976437,3.1600903E-5,1.4884741E-4,1.5403745E-4,1.8563349E-4,1.2051191,3.1600903E-5,0.0014874774,0.0015401602,0.0015717124,1.0204864,3.1600903E-5
6.7,2.541E-6,2.6293555E-6,2.3696568E-5,9.012311,2.1067268E-5,1.0889954E-5,1.1268666E-5,3.2335698E-5,2.869523,2.1067268E-5,1.3257713E-4,1.3719601E-4,1.5826039E-4,1.1535349,2.1067268E-5,0.0013249806,0.0013719602,0.0013929985,1.0153345,2.1067268E-5
