Magnitude,1 wk TI Prob,1 wk TD Prob,1 wk ETAS Prob,1 wk ETAS/TD Gain,1 wk ETAS Triggered Only,1 mo TI Prob,1 mo TD Prob,1 mo ETAS Prob,1 mo ETAS/TD Gain,1 mo ETAS Triggered Only,1 yr TI Prob,1 yr TD Prob,1 yr ETAS Prob,1 yr ETAS/TD Gain,1 yr ETAS Triggered Only,10 yr TI Prob,10 yr TD Prob,10 yr ETAS Prob,10 yr ETAS/TD Gain,10 yr ETAS Triggered Only
6.0,2.9687902E-5,3.275741E-5,3.275741E-5,1.0,0.0,1.2722766E-4,1.4038174E-4,1.4038174E-4,1.0,0.0,0.0015478961,0.0017078797,0.0017508041,1.0251331,4.2997806E-5,0.015371585,0.016955089,0.016997358,1.002493,4.2997806E-5
6.1,2.9687902E-5,3.275741E-5,3.275741E-5,1.0,0.0,1.2722766E-4,1.4038174E-4,1.4038174E-4,1.0,0.0,0.0015478961,0.0017078797,0.0017508041,1.0251331,4.2997806E-5,0.015371585,0.016955089,0.016997358,1.002493,4.2997806E-5
6.2,1.9231524E-5,2.1159109E-5,2.1159109E-5,1.0,0.0,8.2418206E-5,9.067888E-5,9.067888E-5,1.0,0.0,0.0010029797,0.0011034793,0.0011464297,1.0389227,4.2997806E-5,0.00998465,0.010982411,0.011024937,1.0038722,4.2997806E-5
6.3,1.324766E-5,1.45484955E-5,1.45484955E-5,1.0,0.0,5.6774446E-5,6.234925E-5,6.234925E-5,1.0,0.0,6.910097E-4,7.58847E-4,8.0181216E-4,1.056619,4.2997806E-5,0.006888649,0.007563504,0.0076061767,1.0056419,4.2997806E-5
6.4,7.818645E-6,8.572818E-6,8.572818E-6,1.0,0.0,3.3508048E-5,3.674015E-5,3.674015E-5,1.0,0.0,4.078841E-4,4.4722288E-4,4.9020146E-4,1.096101,4.2997806E-5,0.004071363,0.0044635693,0.004506375,1.00959,4.2997806E-5
6.5,5.3076565E-6,5.8177857E-6,5.8177857E-6,1.0,0.0,2.27469E-5,2.4933142E-5,2.4933142E-5,1.0,0.0,2.7690834E-4,3.0352082E-4,3.4650558E-4,1.1416204,4.2997806E-5,0.0027656353,0.0030312722,0.0030741396,1.0141418,4.2997806E-5
6.6,3.6003578E-6,3.9484853E-6,3.9484853E-6,1.0,0.0,1.5430012E-5,1.6921978E-5,1.6921978E-5,1.0,0.0,1.8784421E-4,2.0600717E-4,2.4899613E-4,1.2086769,4.2997806E-5,0.0018768552,0.002058316,0.0021012255,1.0208468,4.2997806E-5
6.7,2.5361826E-6,2.7834608E-6,2.7834608E-6,1.0,0.0,1.0869308E-5,1.192907E-5,1.192907E-5,1.0,0.0,1.3232579E-4,1.4522807E-4,1.8821964E-4,1.2960279,4.2997806E-5,0.0013224703,0.0014514616,0.001494397,1.0295808,4.2997806E-5
6.8,1.2115831E-6,1.3313763E-6,1.3313763E-6,1.0,0.0,5.1924885E-6,5.7058915E-6,5.7058915E-6,1.0,0.0,6.3216714E-5,6.9467984E-5,6.9467984E-5,1.0,0.0,6.3198735E-4,6.945578E-4,6.945578E-4,1.0,0.0
