Magnitude,1 wk TI Prob,1 wk TD Prob,1 wk ETAS Prob,1 wk ETAS/TD Gain,1 wk ETAS Triggered Only,1 mo TI Prob,1 mo TD Prob,1 mo ETAS Prob,1 mo ETAS/TD Gain,1 mo ETAS Triggered Only,1 yr TI Prob,1 yr TD Prob,1 yr ETAS Prob,1 yr ETAS/TD Gain,1 yr ETAS Triggered Only,10 yr TI Prob,10 yr TD Prob,10 yr ETAS Prob,10 yr ETAS/TD Gain,10 yr ETAS Triggered Only
6.0,2.233523E-5,2.51065E-5,7.810777E-5,3.1110575,5.3002597E-5,9.571891E-5,1.0759579E-4,1.6059268E-4,1.4925555,5.3002597E-5,0.0011647546,0.0013093597,0.001415226,1.0808536,1.06005195E-4,0.011586686,0.013033048,0.013137671,1.0080276,1.06005195E-4
6.1,2.233523E-5,2.51065E-5,7.810777E-5,3.1110575,5.3002597E-5,9.571891E-5,1.0759579E-4,1.6059268E-4,1.4925555,5.3002597E-5,0.0011647546,0.0013093597,0.001415226,1.0808536,1.06005195E-4,0.011586686,0.013033048,0.013137671,1.0080276,1.06005195E-4
6.2,2.233523E-5,2.51065E-5,7.810777E-5,3.1110575,5.3002597E-5,9.571891E-5,1.0759579E-4,1.6059268E-4,1.4925555,5.3002597E-5,0.0011647546,0.0013093597,0.001415226,1.0808536,1.06005195E-4,0.011586686,0.013033048,0.013137671,1.0080276,1.06005195E-4
6.3,2.233523E-5,2.51065E-5,7.810777E-5,3.1110575,5.3002597E-5,9.571891E-5,1.0759579E-4,1.6059268E-4,1.4925555,5.3002597E-5,0.0011647546,0.0013093597,0.001415226,1.0808536,1.06005195E-4,0.011586686,0.013033048,0.013137671,1.0080276,1.06005195E-4
6.4,1.2288092E-5,1.3781063E-5,6.678293E-5,4.8459926,5.3002597E-5,5.2662188E-5,5.906089E-5,1.12060356E-4,1.89737,5.3002597E-5,6.409735E-4,7.189229E-4,8.2485186E-4,1.147344,1.06005195E-4,0.006391279,0.0071751773,0.007280422,1.0146679,1.06005195E-4
6.5,1.2288092E-5,1.3781063E-5,6.678293E-5,4.8459926,5.3002597E-5,5.2662188E-5,5.906089E-5,1.12060356E-4,1.89737,5.3002597E-5,6.409735E-4,7.189229E-4,8.2485186E-4,1.147344,1.06005195E-4,0.006391279,0.0071751773,0.007280422,1.0146679,1.06005195E-4
6.6,8.58281E-6,9.633739E-6,6.263582E-5,6.501715,5.3002597E-5,3.6782953E-5,4.1287265E-5,9.428767E-5,2.2836986,5.3002597E-5,4.4774043E-4,5.0263974E-4,5.556157E-4,1.1053954,5.3002597E-5,0.0044683935,0.005023189,0.005075925,1.0104985,5.3002597E-5
6.7,7.205685E-6,8.0882755E-6,6.1090446E-5,7.552963,5.3002597E-5,3.088114E-5,3.4664037E-5,8.76648E-5,2.528984,5.3002597E-5,3.7591302E-4,4.2203465E-4,4.7501488E-4,1.1255352,5.3002597E-5,0.0037527776,0.0042203465,0.0042731254,1.0125058,5.3002597E-5
