Magnitude,1 wk TI Prob,1 wk TD Prob,1 wk ETAS Prob,1 wk ETAS/TD Gain,1 wk ETAS Triggered Only,1 mo TI Prob,1 mo TD Prob,1 mo ETAS Prob,1 mo ETAS/TD Gain,1 mo ETAS Triggered Only,1 yr TI Prob,1 yr TD Prob,1 yr ETAS Prob,1 yr ETAS/TD Gain,1 yr ETAS Triggered Only,10 yr TI Prob,10 yr TD Prob,10 yr ETAS Prob,10 yr ETAS/TD Gain,10 yr ETAS Triggered Only
6.0,2.233523E-5,2.51065E-5,6.494138E-5,2.586636,3.9835875E-5,9.571891E-5,1.0759579E-4,1.4742739E-4,1.3701966,3.9835875E-5,0.0011647546,0.0013093597,0.0013889271,1.0607682,7.967175E-5,0.011586686,0.013033048,0.013111682,1.0060334,7.967175E-5
6.1,2.233523E-5,2.51065E-5,6.494138E-5,2.586636,3.9835875E-5,9.571891E-5,1.0759579E-4,1.4742739E-4,1.3701966,3.9835875E-5,0.0011647546,0.0013093597,0.0013889271,1.0607682,7.967175E-5,0.011586686,0.013033048,0.013111682,1.0060334,7.967175E-5
6.2,2.233523E-5,2.51065E-5,6.494138E-5,2.586636,3.9835875E-5,9.571891E-5,1.0759579E-4,1.4742739E-4,1.3701966,3.9835875E-5,0.0011647546,0.0013093597,0.0013889271,1.0607682,7.967175E-5,0.011586686,0.013033048,0.013111682,1.0060334,7.967175E-5
6.3,2.233523E-5,2.51065E-5,6.494138E-5,2.586636,3.9835875E-5,9.571891E-5,1.0759579E-4,1.4742739E-4,1.3701966,3.9835875E-5,0.0011647546,0.0013093597,0.0013889271,1.0607682,7.967175E-5,0.011586686,0.013033048,0.013111682,1.0060334,7.967175E-5
6.4,1.2288092E-5,1.3781063E-5,5.361639E-5,3.8905845,3.9835875E-5,5.2662188E-5,5.906089E-5,9.8894416E-5,1.6744484,3.9835875E-5,6.409735E-4,7.189229E-4,7.985374E-4,1.1107414,7.967175E-5,0.006391279,0.0071751773,0.007254278,1.0110241,7.967175E-5
6.5,1.2288092E-5,1.3781063E-5,5.361639E-5,3.8905845,3.9835875E-5,5.2662188E-5,5.906089E-5,9.8894416E-5,1.6744484,3.9835875E-5,6.409735E-4,7.189229E-4,7.985374E-4,1.1107414,7.967175E-5,0.006391279,0.0071751773,0.007254278,1.0110241,7.967175E-5
6.6,8.58281E-6,9.633739E-6,4.9469232E-5,5.1349983,3.9835875E-5,3.6782953E-5,4.1287265E-5,8.11215E-5,1.9648067,3.9835875E-5,4.4774043E-4,5.0263974E-4,5.424556E-4,1.0792135,3.9835875E-5,0.0044683935,0.005023189,0.0050628246,1.0078906,3.9835875E-5
6.7,7.205685E-6,8.0882755E-6,4.792383E-5,5.925099,3.9835875E-5,3.088114E-5,3.4664037E-5,7.449853E-5,2.1491592,3.9835875E-5,3.7591302E-4,4.2203465E-4,4.6185372E-4,1.0943502,3.9835875E-5,0.0037527776,0.0042203465,0.0042600143,1.0093992,3.9835875E-5
