Magnitude,1 wk TI Prob,1 wk TD Prob,1 wk ETAS Prob,1 wk ETAS/TD Gain,1 wk ETAS Triggered Only,1 mo TI Prob,1 mo TD Prob,1 mo ETAS Prob,1 mo ETAS/TD Gain,1 mo ETAS Triggered Only,1 yr TI Prob,1 yr TD Prob,1 yr ETAS Prob,1 yr ETAS/TD Gain,1 yr ETAS Triggered Only,10 yr TI Prob,10 yr TD Prob,10 yr ETAS Prob,10 yr ETAS/TD Gain,10 yr ETAS Triggered Only
6.0,1.7360222E-5,1.8501594E-5,1.8501594E-5,1.0,0.0,7.439883E-5,7.929042E-5,7.929042E-5,1.0,0.0,9.0542925E-4,9.6498185E-4,0.002032327,2.106078,0.0010683761,0.009017491,0.009612758,0.010670864,1.1100731,0.0010683761
6.1,9.062689E-6,9.592179E-6,9.592179E-6,1.0,0.0,3.8839516E-5,4.110874E-5,4.110874E-5,1.0,0.0,4.727685E-4,5.0039287E-4,0.0015682343,3.1340063,0.0010683761,0.0047176396,0.004993544,0.006056585,1.2128831,0.0010683761
6.2,9.062689E-6,9.592179E-6,9.592179E-6,1.0,0.0,3.8839516E-5,4.110874E-5,4.110874E-5,1.0,0.0,4.727685E-4,5.0039287E-4,0.0015682343,3.1340063,0.0010683761,0.0047176396,0.004993544,0.006056585,1.2128831,0.0010683761
6.3,7.2575485E-6,7.667698E-6,7.667698E-6,1.0,0.0,3.110341E-5,3.286119E-5,3.286119E-5,1.0,0.0,3.786182E-4,4.0001865E-4,4.0001865E-4,1.0,0.0,0.0037797375,0.003993691,0.003993691,1.0,0.0
6.4,7.2575485E-6,7.667698E-6,7.667698E-6,1.0,0.0,3.110341E-5,3.286119E-5,3.286119E-5,1.0,0.0,3.786182E-4,4.0001865E-4,4.0001865E-4,1.0,0.0,0.0037797375,0.003993691,0.003993691,1.0,0.0
6.5,6.06582E-6,6.4038677E-6,6.4038677E-6,1.0,0.0,2.5996113E-5,2.7444894E-5,2.7444894E-5,1.0,0.0,3.164567E-4,3.3409684E-4,3.3409684E-4,1.0,0.0,0.0031600643,0.0033365842,0.0033365842,1.0,0.0
6.6,5.598744E-6,5.9102535E-6,5.9102535E-6,1.0,0.0,2.3994397E-5,2.5329447E-5,2.5329447E-5,1.0,0.0,2.9209262E-4,3.0834877E-4,3.0834877E-4,1.0,0.0,0.0029170897,0.0030798386,0.0030798386,1.0,0.0
6.7,5.246996E-6,5.539154E-6,5.539154E-6,1.0,0.0,2.2486933E-5,2.373905E-5,2.373905E-5,1.0,0.0,2.73744E-4,2.8899097E-4,2.8899097E-4,1.0,0.0,0.0027340704,0.0028867754,0.0028867754,1.0,0.0
6.8,4.02324E-6,4.2468982E-6,4.2468982E-6,1.0,0.0,1.7242342E-5,1.8200899E-5,1.8200899E-5,1.0,0.0,2.099053E-4,2.2157936E-4,2.2157936E-4,1.0,0.0,0.0020970714,0.0022141687,0.0022141687,1.0,0.0
6.9,6.835972E-7,7.13992E-7,7.13992E-7,1.0,0.0,2.9296991E-6,3.0599638E-6,3.0599638E-6,1.0,0.0,3.56685E-5,3.725474E-5,3.725474E-5,1.0,0.0,3.5662777E-4,3.7251622E-4,3.7251622E-4,1.0,0.0
