Magnitude,1 wk TI Prob,1 wk TD Prob,1 wk ETAS Prob,1 wk ETAS/TD Gain,1 wk ETAS Triggered Only,1 mo TI Prob,1 mo TD Prob,1 mo ETAS Prob,1 mo ETAS/TD Gain,1 mo ETAS Triggered Only,1 yr TI Prob,1 yr TD Prob,1 yr ETAS Prob,1 yr ETAS/TD Gain,1 yr ETAS Triggered Only,10 yr TI Prob,10 yr TD Prob,10 yr ETAS Prob,10 yr ETAS/TD Gain,10 yr ETAS Triggered Only
6.0,8.258278E-6,8.5512565E-6,5.1548697E-5,6.028201,4.2997806E-5,3.539214E-5,3.664783E-5,7.964406E-5,2.1732273,4.2997806E-5,4.308141E-4,4.4611385E-4,5.320711E-4,1.1926801,8.599561E-5,0.0042997985,0.004453941,0.0045823595,1.0288327,1.2899342E-4
6.1,3.649988E-6,3.7753127E-6,3.7753127E-6,1.0,0.0,1.5642712E-5,1.6179838E-5,1.6179838E-5,1.0,0.0,1.9043336E-4,1.9697649E-4,1.9697649E-4,1.0,0.0,0.0019027026,0.0019684862,0.0019684862,1.0,0.0
6.2,3.649988E-6,3.7753127E-6,3.7753127E-6,1.0,0.0,1.5642712E-5,1.6179838E-5,1.6179838E-5,1.0,0.0,1.9043336E-4,1.9697649E-4,1.9697649E-4,1.0,0.0,0.0019027026,0.0019684862,0.0019684862,1.0,0.0
6.3,1.3924937E-6,1.4411153E-6,1.4411153E-6,1.0,0.0,5.9678164E-6,6.1762016E-6,6.1762016E-6,1.0,0.0,7.265574E-5,7.5194075E-5,7.5194075E-5,1.0,0.0,7.263199E-4,7.518251E-4,7.518251E-4,1.0,0.0
6.4,1.3924937E-6,1.4411153E-6,1.4411153E-6,1.0,0.0,5.9678164E-6,6.1762016E-6,6.1762016E-6,1.0,0.0,7.265574E-5,7.5194075E-5,7.5194075E-5,1.0,0.0,7.263199E-4,7.518251E-4,7.518251E-4,1.0,0.0
6.5,9.876812E-7,1.0221903E-6,1.0221903E-6,1.0,0.0,4.2329125E-6,4.3808154E-6,4.3808154E-6,1.0,0.0,5.153449E-5,5.333643E-5,5.333643E-5,1.0,0.0,5.1522546E-4,5.3336425E-4,5.3336425E-4,1.0,0.0
