Magnitude,1 wk TI Prob,1 wk TD Prob,1 wk ETAS Prob,1 wk ETAS/TD Gain,1 wk ETAS Triggered Only,1 mo TI Prob,1 mo TD Prob,1 mo ETAS Prob,1 mo ETAS/TD Gain,1 mo ETAS Triggered Only,1 yr TI Prob,1 yr TD Prob,1 yr ETAS Prob,1 yr ETAS/TD Gain,1 yr ETAS Triggered Only,10 yr TI Prob,10 yr TD Prob,10 yr ETAS Prob,10 yr ETAS/TD Gain,10 yr ETAS Triggered Only
6.0,1.9621975E-5,2.2097078E-5,0.001022075,46.253853,0.001,8.4091465E-5,9.4699084E-5,0.0010946044,11.558764,0.001,0.0010233327,0.0011524865,0.0024842832,2.1555855,0.0013333333,0.01018633,0.011478408,0.013016108,1.1339645,0.0015555555
6.1,1.9621975E-5,2.2097078E-5,0.001022075,46.253853,0.001,8.4091465E-5,9.4699084E-5,0.0010946044,11.558764,0.001,0.0010233327,0.0011524865,0.0024842832,2.1555855,0.0013333333,0.01018633,0.011478408,0.013016108,1.1339645,0.0015555555
6.2,9.9971285E-6,1.1255639E-5,3.4458522E-4,30.61445,3.3333333E-4,4.2844134E-5,4.8237856E-5,3.8155512E-4,7.9098687,3.3333333E-4,5.2150246E-4,5.871896E-4,0.001142419,1.9455707,5.5555557E-4,0.0052028033,0.005861487,0.0065794755,1.1224927,7.222222E-4
6.3,9.589428E-6,1.0798346E-5,3.441281E-4,31.868591,3.3333333E-4,4.10969E-5,4.62781E-5,3.79596E-4,8.202498,3.3333333E-4,5.002399E-4,5.6334207E-4,0.0011185847,1.9856225,5.5555557E-4,0.0049911533,0.0056242296,0.00634239,1.1276904,7.222222E-4
6.4,9.589428E-6,1.0798346E-5,3.441281E-4,31.868591,3.3333333E-4,4.10969E-5,4.62781E-5,3.79596E-4,8.202498,3.3333333E-4,5.002399E-4,5.6334207E-4,0.0011185847,1.9856225,5.5555557E-4,0.0049911533,0.0056242296,0.00634239,1.1276904,7.222222E-4
6.5,5.557707E-6,6.2856016E-6,2.2850643E-4,36.353947,2.2222222E-4,2.3818526E-5,2.6938165E-5,2.491544E-4,9.249123,2.2222222E-4,2.8995197E-4,3.2794967E-4,7.1671105E-4,2.1854298,3.8888888E-4,0.0028957394,0.0032772934,0.0037756548,1.1520649,5.0E-4
6.6,4.8742945E-6,5.5132896E-6,2.2773429E-4,41.306423,2.2222222E-4,2.0889667E-5,2.3628318E-5,2.458453E-4,10.404689,2.2222222E-4,2.54302E-4,2.87663E-4,6.7644E-4,2.3515017,3.8888888E-4,0.002540112,0.0028754752,0.0033186416,1.1541194,4.4444445E-4
6.7,3.991108E-6,4.5159104E-6,2.2673713E-4,50.20851,2.2222222E-4,1.7104636E-5,1.9353902E-5,2.4157182E-4,12.481815,2.2222222E-4,2.0822904E-4,2.3563375E-4,6.24431E-4,2.6500068,3.8888888E-4,0.0020803404,0.0023563374,0.0027997347,1.1881722,4.4444445E-4
