Magnitude,1 wk TI Prob,1 wk TD Prob,1 wk ETAS Prob,1 wk ETAS/TD Gain,1 wk ETAS Triggered Only,1 mo TI Prob,1 mo TD Prob,1 mo ETAS Prob,1 mo ETAS/TD Gain,1 mo ETAS Triggered Only,1 yr TI Prob,1 yr TD Prob,1 yr ETAS Prob,1 yr ETAS/TD Gain,1 yr ETAS Triggered Only,10 yr TI Prob,10 yr TD Prob,10 yr ETAS Prob,10 yr ETAS/TD Gain,10 yr ETAS Triggered Only
6.0,1.9621975E-5,2.2097078E-5,7.3214056E-4,33.13291,7.100592E-4,8.4091465E-5,9.4699084E-5,8.04691E-4,8.497347,7.100592E-4,0.0010233327,0.0011524865,0.0023345547,2.0256677,0.001183432,0.01018633,0.011478408,0.0133501645,1.1630676,0.0018934911
6.1,1.9621975E-5,2.2097078E-5,7.3214056E-4,33.13291,7.100592E-4,8.4091465E-5,9.4699084E-5,8.04691E-4,8.497347,7.100592E-4,0.0010233327,0.0011524865,0.0023345547,2.0256677,0.001183432,0.01018633,0.011478408,0.0133501645,1.1630676,0.0018934911
6.2,9.9971285E-6,1.1255639E-5,2.4793937E-4,22.028013,2.3668639E-4,4.2844134E-5,4.8237856E-5,2.8491282E-4,5.9064155,2.3668639E-4,5.2150246E-4,5.871896E-4,0.0012968319,2.2085402,7.100592E-4,0.0052028033,0.005861487,0.007037982,1.2007161,0.001183432
6.3,9.589428E-6,1.0798346E-5,2.4748218E-4,22.918526,2.3668639E-4,4.10969E-5,4.62781E-5,2.8295352E-4,6.1141996,2.3668639E-4,5.002399E-4,5.6334207E-4,0.0012730012,2.2597306,7.100592E-4,0.0049911533,0.0056242296,0.0068010055,1.2092333,0.001183432
6.4,9.589428E-6,1.0798346E-5,2.4748218E-4,22.918526,2.3668639E-4,4.10969E-5,4.62781E-5,2.8295352E-4,6.1141996,2.3668639E-4,5.002399E-4,5.6334207E-4,0.0012730012,2.2597306,7.100592E-4,0.0049911533,0.0056242296,0.0068010055,1.2092333,0.001183432
6.5,5.557707E-6,6.2856016E-6,2.429705E-4,38.65509,2.3668639E-4,2.3818526E-5,2.6938165E-5,2.636182E-4,9.786048,2.3668639E-4,2.8995197E-4,3.2794967E-4,8.011672E-4,2.4429576,4.7337278E-4,0.0028957394,0.0032772934,0.0042209364,1.2879336,9.4674557E-4
6.6,4.8742945E-6,5.5132896E-6,2.4219838E-4,43.92992,2.3668639E-4,2.0889667E-5,2.3628318E-5,2.603091E-4,11.016828,2.3668639E-4,2.54302E-4,2.87663E-4,7.608996E-4,2.6451077,4.7337278E-4,0.002540112,0.0028754752,0.0035834927,1.2462262,7.100592E-4
6.7,3.991108E-6,4.5159104E-6,2.4120123E-4,53.41143,2.3668639E-4,1.7104636E-5,1.9353902E-5,2.560357E-4,13.229153,2.3668639E-4,2.0822904E-4,2.3563375E-4,7.08895E-4,3.0084612,4.7337278E-4,0.0020803404,0.0023563374,0.0030647235,1.3006301,7.100592E-4
