Magnitude,1 wk TI Prob,1 wk TD Prob,1 wk ETAS Prob,1 wk ETAS/TD Gain,1 wk ETAS Triggered Only,1 mo TI Prob,1 mo TD Prob,1 mo ETAS Prob,1 mo ETAS/TD Gain,1 mo ETAS Triggered Only,1 yr TI Prob,1 yr TD Prob,1 yr ETAS Prob,1 yr ETAS/TD Gain,1 yr ETAS Triggered Only,10 yr TI Prob,10 yr TD Prob,10 yr ETAS Prob,10 yr ETAS/TD Gain,10 yr ETAS Triggered Only
6.0,1.9621975E-5,2.2097078E-5,7.1465306E-4,32.34152,6.925713E-4,8.4091465E-5,9.4699084E-5,8.601001E-4,9.082454,7.654735E-4,0.0010233327,0.0011524865,0.0020748507,1.8003253,9.2342834E-4,0.01018633,0.011478408,0.012535368,1.0920824,0.0010692328
6.1,1.9621975E-5,2.2097078E-5,7.1465306E-4,32.34152,6.925713E-4,8.4091465E-5,9.4699084E-5,8.601001E-4,9.082454,7.654735E-4,0.0010233327,0.0011524865,0.0020748507,1.8003253,9.2342834E-4,0.01018633,0.011478408,0.012535368,1.0920824,0.0010692328
6.2,9.9971285E-6,1.1255639E-5,3.8791297E-4,34.463875,3.7666157E-4,4.2844134E-5,4.8237856E-5,4.613306E-4,9.5636635,4.131127E-4,5.2150246E-4,5.871896E-4,0.001109349,1.8892515,5.22466E-4,0.0052028033,0.005861487,0.0064896024,1.1071599,6.318194E-4
6.3,9.589428E-6,1.0798346E-5,3.753056E-4,34.75584,3.645112E-4,4.10969E-5,4.62781E-5,4.3507203E-4,9.401252,3.8881192E-4,5.002399E-4,5.6334207E-4,0.0010369397,1.8406928,4.7386455E-4,0.0049911533,0.0056242296,0.0062041674,1.1031141,5.832179E-4
6.4,9.589428E-6,1.0798346E-5,3.753056E-4,34.75584,3.645112E-4,4.10969E-5,4.62781E-5,4.3507203E-4,9.401252,3.8881192E-4,5.002399E-4,5.6334207E-4,0.0010369397,1.8406928,4.7386455E-4,0.0049911533,0.0056242296,0.0062041674,1.1031141,5.832179E-4
6.5,5.557707E-6,6.2856016E-6,2.4929154E-4,39.66073,2.4300747E-4,2.3818526E-5,2.6938165E-5,2.8208914E-4,10.471727,2.5515782E-4,2.8995197E-4,3.2794967E-4,6.316094E-4,1.9259338,3.0375933E-4,0.0028957394,0.0032772934,0.00364061,1.1108587,3.645112E-4
6.6,4.8742945E-6,5.5132896E-6,1.9991818E-4,36.261143,1.9440596E-4,2.0889667E-5,2.3628318E-5,2.1802969E-4,9.227474,1.9440596E-4,2.54302E-4,2.87663E-4,5.1845366E-4,1.8022953,2.3085708E-4,0.002540112,0.0028754752,0.0031541302,1.0969075,2.794586E-4
6.7,3.991108E-6,4.5159104E-6,1.5031973E-4,33.286694,1.4580447E-4,1.7104636E-5,1.9353902E-5,1.6515555E-4,8.53345,1.4580447E-4,2.0822904E-4,2.3563375E-4,4.178464E-4,1.7732875,1.822556E-4,0.0020803404,0.0023563374,0.0025866507,1.097742,2.3085708E-4
