Magnitude,1 wk TI Prob,1 wk TD Prob,1 wk ETAS Prob,1 wk ETAS/TD Gain,1 wk ETAS Triggered Only,1 mo TI Prob,1 mo TD Prob,1 mo ETAS Prob,1 mo ETAS/TD Gain,1 mo ETAS Triggered Only,1 yr TI Prob,1 yr TD Prob,1 yr ETAS Prob,1 yr ETAS/TD Gain,1 yr ETAS Triggered Only,10 yr TI Prob,10 yr TD Prob,10 yr ETAS Prob,10 yr ETAS/TD Gain,10 yr ETAS Triggered Only
6.0,1.9621975E-5,2.2097078E-5,7.189458E-4,32.535786,6.968641E-4,8.4091465E-5,9.4699084E-5,8.6117705E-4,9.093826,7.6655054E-4,0.0010233327,0.0011524865,0.0021095704,1.8304513,9.5818815E-4,0.01018633,0.011478408,0.012597814,1.0975227,0.0011324042
6.1,1.9621975E-5,2.2097078E-5,7.189458E-4,32.535786,6.968641E-4,8.4091465E-5,9.4699084E-5,8.6117705E-4,9.093826,7.6655054E-4,0.0010233327,0.0011524865,0.0021095704,1.8304513,9.5818815E-4,0.01018633,0.011478408,0.012597814,1.0975227,0.0011324042
6.2,9.9971285E-6,1.1255639E-5,3.4226236E-4,30.40808,3.3101047E-4,4.2844134E-5,4.8237856E-5,4.1407387E-4,8.5840025,3.6585366E-4,5.2150246E-4,5.871896E-4,0.0011095308,1.8895613,5.226481E-4,0.0052028033,0.005861487,0.0065023075,1.1093274,6.445993E-4
6.3,9.589428E-6,1.0798346E-5,3.4180522E-4,31.653479,3.3101047E-4,4.10969E-5,4.62781E-5,3.9469404E-4,8.528744,3.4843205E-4,5.002399E-4,5.6334207E-4,0.0010334604,1.8345166,4.7038327E-4,0.0049911533,0.0056242296,0.006213233,1.104726,5.923345E-4
6.4,9.589428E-6,1.0798346E-5,3.4180522E-4,31.653479,3.3101047E-4,4.10969E-5,4.62781E-5,3.9469404E-4,8.528744,3.4843205E-4,5.002399E-4,5.6334207E-4,0.0010334604,1.8345166,4.7038327E-4,0.0049911533,0.0056242296,0.006213233,1.104726,5.923345E-4
6.5,5.557707E-6,6.2856016E-6,2.1534352E-4,34.25981,2.0905923E-4,2.3818526E-5,2.6938165E-5,2.534129E-4,9.4072075,2.2648084E-4,2.8995197E-4,3.2794967E-4,6.240198E-4,1.9027913,2.9616724E-4,0.0028957394,0.0032772934,0.0036245836,1.1059686,3.4843205E-4
6.6,4.8742945E-6,5.5132896E-6,1.9714986E-4,35.759026,1.9163763E-4,2.0889667E-5,2.3628318E-5,2.1526142E-4,9.110315,1.9163763E-4,2.54302E-4,2.87663E-4,5.3149526E-4,1.8476317,2.4390244E-4,0.002540112,0.0028754752,0.0031534194,1.0966603,2.7874563E-4
6.7,3.991108E-6,4.5159104E-6,1.6130962E-4,35.72029,1.5679443E-4,1.7104636E-5,1.9353902E-5,1.7614529E-4,9.101281,1.5679443E-4,2.0822904E-4,2.3563375E-4,4.4464372E-4,1.887012,2.0905923E-4,0.0020803404,0.0023563374,0.0025996652,1.1032652,2.4390244E-4
