Magnitude,1 wk TI Prob,1 wk TD Prob,1 wk ETAS Prob,1 wk ETAS/TD Gain,1 wk ETAS Triggered Only,1 mo TI Prob,1 mo TD Prob,1 mo ETAS Prob,1 mo ETAS/TD Gain,1 mo ETAS Triggered Only,1 yr TI Prob,1 yr TD Prob,1 yr ETAS Prob,1 yr ETAS/TD Gain,1 yr ETAS Triggered Only,10 yr TI Prob,10 yr TD Prob,10 yr ETAS Prob,10 yr ETAS/TD Gain,10 yr ETAS Triggered Only
6.0,1.9810619E-5,2.311252E-5,6.554435E-5,2.835881,4.2432814E-5,8.489989E-5,9.905276E-5,1.4148137E-4,1.4283435,4.2432814E-5,0.001033166,0.0012058079,0.0012623168,1.0468639,5.6577086E-5,0.010283757,0.012042425,0.012098321,1.0046415,5.6577086E-5
6.1,1.9810619E-5,2.311252E-5,6.554435E-5,2.835881,4.2432814E-5,8.489989E-5,9.905276E-5,1.4148137E-4,1.4283435,4.2432814E-5,0.001033166,0.0012058079,0.0012623168,1.0468639,5.6577086E-5,0.010283757,0.012042425,0.012098321,1.0046415,5.6577086E-5
6.2,1.9810619E-5,2.311252E-5,6.554435E-5,2.835881,4.2432814E-5,8.489989E-5,9.905276E-5,1.4148137E-4,1.4283435,4.2432814E-5,0.001033166,0.0012058079,0.0012623168,1.0468639,5.6577086E-5,0.010283757,0.012042425,0.012098321,1.0046415,5.6577086E-5
6.3,1.9810619E-5,2.311252E-5,6.554435E-5,2.835881,4.2432814E-5,8.489989E-5,9.905276E-5,1.4148137E-4,1.4283435,4.2432814E-5,0.001033166,0.0012058079,0.0012623168,1.0468639,5.6577086E-5,0.010283757,0.012042425,0.012098321,1.0046415,5.6577086E-5
6.4,1.9810619E-5,2.311252E-5,6.554435E-5,2.835881,4.2432814E-5,8.489989E-5,9.905276E-5,1.4148137E-4,1.4283435,4.2432814E-5,0.001033166,0.0012058079,0.0012623168,1.0468639,5.6577086E-5,0.010283757,0.012042425,0.012098321,1.0046415,5.6577086E-5
6.5,1.7190405E-5,2.0050555E-5,6.248252E-5,3.1162488,4.2432814E-5,7.367108E-5,8.593095E-5,1.2836012E-4,1.4937588,4.2432814E-5,8.9657627E-4,0.0010462094,0.0011027273,1.0540216,5.6577086E-5,0.008929676,0.010462056,0.010518041,1.0053513,5.6577086E-5
6.6,1.7190405E-5,2.0050555E-5,6.248252E-5,3.1162488,4.2432814E-5,7.367108E-5,8.593095E-5,1.2836012E-4,1.4937588,4.2432814E-5,8.9657627E-4,0.0010462094,0.0011027273,1.0540216,5.6577086E-5,0.008929676,0.010462056,0.010518041,1.0053513,5.6577086E-5
