Magnitude,1 wk TI Prob,1 wk TD Prob,1 wk ETAS Prob,1 wk ETAS/TD Gain,1 wk ETAS Triggered Only,1 mo TI Prob,1 mo TD Prob,1 mo ETAS Prob,1 mo ETAS/TD Gain,1 mo ETAS Triggered Only,1 yr TI Prob,1 yr TD Prob,1 yr ETAS Prob,1 yr ETAS/TD Gain,1 yr ETAS Triggered Only,10 yr TI Prob,10 yr TD Prob,10 yr ETAS Prob,10 yr ETAS/TD Gain,10 yr ETAS Triggered Only
6.0,6.222801E-6,6.439381E-6,6.816738E-5,10.586014,6.1728395E-5,2.6668875E-5,2.7597147E-5,8.932384E-5,3.2367055,6.1728395E-5,3.2464517E-4,3.3595937E-4,3.9766703E-4,1.183676,6.1728395E-5,0.0032417132,0.0033560768,0.003417598,1.0183313,6.1728395E-5
6.1,6.222801E-6,6.439381E-6,6.816738E-5,10.586014,6.1728395E-5,2.6668875E-5,2.7597147E-5,8.932384E-5,3.2367055,6.1728395E-5,3.2464517E-4,3.3595937E-4,3.9766703E-4,1.183676,6.1728395E-5,0.0032417132,0.0033560768,0.003417598,1.0183313,6.1728395E-5
6.2,6.222801E-6,6.439381E-6,6.816738E-5,10.586014,6.1728395E-5,2.6668875E-5,2.7597147E-5,8.932384E-5,3.2367055,6.1728395E-5,3.2464517E-4,3.3595937E-4,3.9766703E-4,1.183676,6.1728395E-5,0.0032417132,0.0033560768,0.003417598,1.0183313,6.1728395E-5
6.3,6.222801E-6,6.439381E-6,6.816738E-5,10.586014,6.1728395E-5,2.6668875E-5,2.7597147E-5,8.932384E-5,3.2367055,6.1728395E-5,3.2464517E-4,3.3595937E-4,3.9766703E-4,1.183676,6.1728395E-5,0.0032417132,0.0033560768,0.003417598,1.0183313,6.1728395E-5
6.4,6.222801E-6,6.439381E-6,6.816738E-5,10.586014,6.1728395E-5,2.6668875E-5,2.7597147E-5,8.932384E-5,3.2367055,6.1728395E-5,3.2464517E-4,3.3595937E-4,3.9766703E-4,1.183676,6.1728395E-5,0.0032417132,0.0033560768,0.003417598,1.0183313,6.1728395E-5
6.5,2.8528623E-6,2.9521684E-6,3.3816275E-5,11.454724,3.0864197E-5,1.22264955E-5,1.2652138E-5,4.3515945E-5,3.4394143,3.0864197E-5,1.4884741E-4,1.540376E-4,1.8489704E-4,1.200337,3.0864197E-5,0.0014874774,0.0015401616,0.0015709783,1.0200087,3.0864197E-5
6.6,2.8528623E-6,2.9521684E-6,3.3816275E-5,11.454724,3.0864197E-5,1.22264955E-5,1.2652138E-5,4.3515945E-5,3.4394143,3.0864197E-5,1.4884741E-4,1.540376E-4,1.8489704E-4,1.200337,3.0864197E-5,0.0014874774,0.0015401616,0.0015709783,1.0200087,3.0864197E-5
6.7,2.541E-6,2.6293578E-6,3.3493474E-5,12.738272,3.0864197E-5,1.0889954E-5,1.1268677E-5,4.2132528E-5,3.7389064,3.0864197E-5,1.3257713E-4,1.3719614E-4,1.680561E-4,1.2249331,3.0864197E-5,0.0013249806,0.0013719613,0.0014027832,1.0224656,3.0864197E-5
