Magnitude,1 wk TI Prob,1 wk TD Prob,1 wk ETAS Prob,1 wk ETAS/TD Gain,1 wk ETAS Triggered Only,1 mo TI Prob,1 mo TD Prob,1 mo ETAS Prob,1 mo ETAS/TD Gain,1 mo ETAS Triggered Only,1 yr TI Prob,1 yr TD Prob,1 yr ETAS Prob,1 yr ETAS/TD Gain,1 yr ETAS Triggered Only,10 yr TI Prob,10 yr TD Prob,10 yr ETAS Prob,10 yr ETAS/TD Gain,10 yr ETAS Triggered Only
6.0,1.6760017E-5,1.8776833E-5,4.2000387E-4,22.368196,4.0123457E-4,7.182667E-5,8.0470316E-5,5.4339605E-4,6.752751,4.6296295E-4,8.7413884E-4,9.794032E-4,0.0015035806,1.535201,5.2469136E-4,0.008707083,0.009762413,0.010404234,1.065744,6.481481E-4
6.1,9.852767E-6,1.09735865E-5,2.8874833E-4,26.31303,2.7777778E-4,4.222546E-5,4.702921E-5,3.2479392E-4,6.9062166,2.7777778E-4,5.139737E-4,5.7250116E-4,9.11813E-4,1.5926832,3.3950616E-4,0.005127866,0.005717221,0.0061468496,1.0751463,4.3209878E-4
6.2,9.852767E-6,1.09735865E-5,2.8874833E-4,26.31303,2.7777778E-4,4.222546E-5,4.702921E-5,3.2479392E-4,6.9062166,2.7777778E-4,5.139737E-4,5.7250116E-4,9.11813E-4,1.5926832,3.3950616E-4,0.005127866,0.005717221,0.0061468496,1.0751463,4.3209878E-4
6.3,4.3167724E-6,4.7780286E-6,1.2823423E-4,26.838314,1.2345679E-4,1.8500323E-5,2.0477235E-5,1.439315E-4,7.0288544,1.2345679E-4,2.2521814E-4,2.4930484E-4,3.7273084E-4,1.4950807,1.2345679E-4,0.0022499003,0.00249251,0.0026772337,1.0741115,1.8518518E-4
6.4,4.3167724E-6,4.7780286E-6,1.2823423E-4,26.838314,1.2345679E-4,1.8500323E-5,2.0477235E-5,1.439315E-4,7.0288544,1.2345679E-4,2.2521814E-4,2.4930484E-4,3.7273084E-4,1.4950807,1.2345679E-4,0.0022499003,0.00249251,0.0026772337,1.0741115,1.8518518E-4
6.5,4.3167724E-6,4.7780286E-6,1.2823423E-4,26.838314,1.2345679E-4,1.8500323E-5,2.0477235E-5,1.439315E-4,7.0288544,1.2345679E-4,2.2521814E-4,2.4930484E-4,3.7273084E-4,1.4950807,1.2345679E-4,0.0022499003,0.00249251,0.0026772337,1.0741115,1.8518518E-4
6.6,4.301311E-6,4.760897E-6,1.282171E-4,26.93129,1.2345679E-4,1.8434059E-5,2.0403815E-5,1.4385808E-4,7.0505486,1.2345679E-4,2.2441156E-4,2.4841115E-4,3.718373E-4,1.4968623,1.2345679E-4,0.0022418506,0.002483593,0.0026683183,1.0743783,1.8518518E-4
6.7,3.8599724E-6,4.27106E-6,1.2772733E-4,29.9053,1.2345679E-4,1.6542634E-5,1.8304541E-5,1.4175907E-4,7.7444754,1.2345679E-4,2.0138794E-4,2.228578E-4,3.4628707E-4,1.5538477,1.2345679E-4,0.0020120554,0.002228578,0.0024133504,1.0829105,1.8518518E-4
