Magnitude,1 wk TI Prob,1 wk TD Prob,1 wk ETAS Prob,1 wk ETAS/TD Gain,1 wk ETAS Triggered Only,1 mo TI Prob,1 mo TD Prob,1 mo ETAS Prob,1 mo ETAS/TD Gain,1 mo ETAS Triggered Only,1 yr TI Prob,1 yr TD Prob,1 yr ETAS Prob,1 yr ETAS/TD Gain,1 yr ETAS Triggered Only,10 yr TI Prob,10 yr TD Prob,10 yr ETAS Prob,10 yr ETAS/TD Gain,10 yr ETAS Triggered Only
6.0,4.187212E-5,5.3442072E-5,5.3442072E-5,1.0,0.0,1.794396E-4,2.290231E-4,2.290231E-4,1.0,0.0,0.002182488,0.0027857882,0.0028165663,1.0110483,3.0864197E-5,0.021611776,0.02760304,0.02763305,1.0010873,3.0864197E-5
6.1,4.187212E-5,5.3442072E-5,5.3442072E-5,1.0,0.0,1.794396E-4,2.290231E-4,2.290231E-4,1.0,0.0,0.002182488,0.0027857882,0.0028165663,1.0110483,3.0864197E-5,0.021611776,0.02760304,0.02763305,1.0010873,3.0864197E-5
6.2,1.7353306E-5,2.2154374E-5,2.2154374E-5,1.0,0.0,7.436919E-5,9.494618E-5,9.494618E-5,1.0,0.0,9.050688E-4,0.0011557543,0.0011557543,1.0,0.0,0.009013915,0.011535114,0.011535114,1.0,0.0
6.3,1.7353306E-5,2.2154374E-5,2.2154374E-5,1.0,0.0,7.436919E-5,9.494618E-5,9.494618E-5,1.0,0.0,9.050688E-4,0.0011557543,0.0011557543,1.0,0.0,0.009013915,0.011535114,0.011535114,1.0,0.0
6.4,1.4028824E-5,1.7900597E-5,1.7900597E-5,1.0,0.0,6.0122147E-5,7.671684E-5,7.671684E-5,1.0,0.0,7.3174125E-4,9.340275E-4,9.340275E-4,1.0,0.0,0.0072933645,0.009338138,0.009338138,1.0,0.0
