Magnitude,1 wk TI Prob,1 wk TD Prob,1 wk ETAS Prob,1 wk ETAS/TD Gain,1 wk ETAS Triggered Only,1 mo TI Prob,1 mo TD Prob,1 mo ETAS Prob,1 mo ETAS/TD Gain,1 mo ETAS Triggered Only,1 yr TI Prob,1 yr TD Prob,1 yr ETAS Prob,1 yr ETAS/TD Gain,1 yr ETAS Triggered Only,10 yr TI Prob,10 yr TD Prob,10 yr ETAS Prob,10 yr ETAS/TD Gain,10 yr ETAS Triggered Only
6.0,2.0341662E-5,2.3828166E-5,3.7972102E-5,1.5935805,1.41442715E-5,8.717564E-5,1.0211971E-4,1.1626254E-4,1.1384926,1.41442715E-5,0.0010608466,0.0012431298,0.0012572565,1.0113639,1.41442715E-5,0.010557966,0.012413835,0.012427804,1.0011252,1.41442715E-5
6.1,2.0341662E-5,2.3828166E-5,3.7972102E-5,1.5935805,1.41442715E-5,8.717564E-5,1.0211971E-4,1.1626254E-4,1.1384926,1.41442715E-5,0.0010608466,0.0012431298,0.0012572565,1.0113639,1.41442715E-5,0.010557966,0.012413835,0.012427804,1.0011252,1.41442715E-5
6.2,2.0341662E-5,2.3828166E-5,3.7972102E-5,1.5935805,1.41442715E-5,8.717564E-5,1.0211971E-4,1.1626254E-4,1.1384926,1.41442715E-5,0.0010608466,0.0012431298,0.0012572565,1.0113639,1.41442715E-5,0.010557966,0.012413835,0.012427804,1.0011252,1.41442715E-5
6.3,2.0341662E-5,2.3828166E-5,3.7972102E-5,1.5935805,1.41442715E-5,8.717564E-5,1.0211971E-4,1.1626254E-4,1.1384926,1.41442715E-5,0.0010608466,0.0012431298,0.0012572565,1.0113639,1.41442715E-5,0.010557966,0.012413835,0.012427804,1.0011252,1.41442715E-5
6.4,1.749821E-5,2.0490985E-5,3.4634966E-5,1.6902539,1.41442715E-5,7.499018E-5,8.781851E-5,1.0196154E-4,1.1610484,1.41442715E-5,9.1262296E-4,0.0010691903,0.0010833195,1.0132148,1.41442715E-5,0.009088841,0.010691865,0.0107058585,1.0013088,1.41442715E-5
6.5,1.749821E-5,2.0490985E-5,3.4634966E-5,1.6902539,1.41442715E-5,7.499018E-5,8.781851E-5,1.0196154E-4,1.1610484,1.41442715E-5,9.1262296E-4,0.0010691903,0.0010833195,1.0132148,1.41442715E-5,0.009088841,0.010691865,0.0107058585,1.0013088,1.41442715E-5
