Magnitude,1 wk TI Prob,1 wk TD Prob,1 wk ETAS Prob,1 wk ETAS/TD Gain,1 wk ETAS Triggered Only,1 mo TI Prob,1 mo TD Prob,1 mo ETAS Prob,1 mo ETAS/TD Gain,1 mo ETAS Triggered Only,1 yr TI Prob,1 yr TD Prob,1 yr ETAS Prob,1 yr ETAS/TD Gain,1 yr ETAS Triggered Only,10 yr TI Prob,10 yr TD Prob,10 yr ETAS Prob,10 yr ETAS/TD Gain,10 yr ETAS Triggered Only
6.0,2.5031832E-5,2.7056969E-5,3.9207014E-5,1.4490541,1.2150373E-5,1.0727487E-4,1.1595384E-4,1.281028E-4,1.1047741,1.2150373E-5,0.001305289,0.0014109211,0.0014230544,1.0085995,1.2150373E-5,0.012976485,0.014029415,0.014041396,1.0008539,1.2150373E-5
6.1,1.2540113E-5,1.3513067E-5,2.5663276E-5,1.8991452,1.2150373E-5,5.3742235E-5,5.7911984E-5,7.006165E-5,1.2097955,1.2150373E-5,6.541153E-4,7.048728E-4,7.170146E-4,1.0172255,1.2150373E-5,0.0065219323,0.0070286044,0.007040669,1.0017165,1.2150373E-5
6.2,6.603218E-6,7.107189E-6,1.9257475E-5,2.7095768,1.2150373E-5,2.8299199E-5,3.0459063E-5,4.2609066E-5,1.3988961,1.2150373E-5,3.4448825E-4,3.7078248E-4,3.8292835E-4,1.0327574,1.2150373E-5,0.0034395473,0.0037022792,0.0037143845,1.0032697,1.2150373E-5
6.3,6.603218E-6,7.107189E-6,1.9257475E-5,2.7095768,1.2150373E-5,2.8299199E-5,3.0459063E-5,4.2609066E-5,1.3988961,1.2150373E-5,3.4448825E-4,3.7078248E-4,3.8292835E-4,1.0327574,1.2150373E-5,0.0034395473,0.0037022792,0.0037143845,1.0032697,1.2150373E-5
6.4,3.9389015E-6,4.239175E-6,4.239175E-6,1.0,0.0,1.6880897E-5,1.8167784E-5,1.8167784E-5,1.0,0.0,2.0550552E-4,2.2117342E-4,2.2117342E-4,1.0,0.0,0.0020531558,0.002209838,0.002209838,1.0,0.0
6.5,2.4533072E-6,2.6412686E-6,2.6412686E-6,1.0,0.0,1.0514132E-5,1.1319685E-5,1.1319685E-5,1.0,0.0,1.2800204E-4,1.3781038E-4,1.3781038E-4,1.0,0.0,0.0012792832,0.0013774394,0.0013774394,1.0,0.0
6.6,1.3482367E-6,1.452993E-6,1.452993E-6,1.0,0.0,5.778144E-6,6.2271047E-6,6.2271047E-6,1.0,0.0,7.0346636E-5,7.58135E-5,7.58135E-5,1.0,0.0,7.032437E-4,7.5798744E-4,7.5798744E-4,1.0,0.0
