Magnitude,1 wk TI Prob,1 wk TD Prob,1 wk ETAS Prob,1 wk ETAS/TD Gain,1 wk ETAS Triggered Only,1 mo TI Prob,1 mo TD Prob,1 mo ETAS Prob,1 mo ETAS/TD Gain,1 mo ETAS Triggered Only,1 yr TI Prob,1 yr TD Prob,1 yr ETAS Prob,1 yr ETAS/TD Gain,1 yr ETAS Triggered Only,10 yr TI Prob,10 yr TD Prob,10 yr ETAS Prob,10 yr ETAS/TD Gain,10 yr ETAS Triggered Only
6.0,1.9621975E-5,2.2097078E-5,2.52092E-4,11.408386,2.3E-4,8.4091465E-5,9.4699084E-5,4.346669E-4,4.5899796,3.4E-4,0.0010233327,0.0011524865,0.0020614378,1.7886871,9.1E-4,0.01018633,0.011478408,0.012980961,1.1309025,0.00152
6.1,1.9621975E-5,2.2097078E-5,2.52092E-4,11.408386,2.3E-4,8.4091465E-5,9.4699084E-5,4.346669E-4,4.5899796,3.4E-4,0.0010233327,0.0011524865,0.0020614378,1.7886871,9.1E-4,0.01018633,0.011478408,0.012980961,1.1309025,0.00152
6.2,9.9971285E-6,1.125564E-5,1.212544E-4,10.772769,1.1E-4,4.2844134E-5,4.8237856E-5,2.2822917E-4,4.731329,1.8E-4,5.2150246E-4,5.871897E-4,0.0010669078,1.8169731,4.8E-4,0.0052028033,0.005861487,0.0067363284,1.1492525,8.8E-4
6.3,9.589428E-6,1.0798346E-5,9.079748E-5,8.408462,8.0E-5,4.10969E-5,4.62781E-5,1.9627115E-4,4.241124,1.5E-4,5.002399E-4,5.6334207E-4,0.0010130885,1.7983543,4.5E-4,0.0049911533,0.0056242296,0.006439618,1.1449777,8.2E-4
6.4,9.589428E-6,1.0798346E-5,9.079748E-5,8.408462,8.0E-5,4.10969E-5,4.62781E-5,1.9627115E-4,4.241124,1.5E-4,5.002399E-4,5.6334207E-4,0.0010130885,1.7983543,4.5E-4,0.0049911533,0.0056242296,0.006439618,1.1449777,8.2E-4
6.5,5.557707E-6,6.2856016E-6,6.6285225E-5,10.545566,6.0E-5,2.3818526E-5,2.6938165E-5,1.2693547E-4,4.7121053,1.0E-4,2.8995197E-4,3.279497E-4,5.578743E-4,1.7010971,2.3E-4,0.0028957394,0.0032772934,0.0037656876,1.1490237,4.9E-4
6.6,4.8742945E-6,5.5132896E-6,5.5513014E-5,10.068946,5.0E-5,2.0889667E-5,2.3628318E-5,1.1362619E-4,4.808899,9.0E-5,2.54302E-4,2.87663E-4,4.9760257E-4,1.729811,2.1E-4,0.002540112,0.0028754752,0.0033241813,1.1560459,4.5E-4
6.7,3.991108E-6,4.5159104E-6,5.4515684E-5,12.071915,5.0E-5,1.7104636E-5,1.9353902E-5,9.935235E-5,5.1334534,8.0E-5,2.0822904E-4,2.3563375E-4,4.055937E-4,1.7212887,1.7E-4,0.0020803404,0.0023563374,0.0027254657,1.1566534,3.7E-4
