Magnitude,1 wk TI Prob,1 wk TD Prob,1 wk ETAS Prob,1 wk ETAS/TD Gain,1 wk ETAS Triggered Only,1 mo TI Prob,1 mo TD Prob,1 mo ETAS Prob,1 mo ETAS/TD Gain,1 mo ETAS Triggered Only,1 yr TI Prob,1 yr TD Prob,1 yr ETAS Prob,1 yr ETAS/TD Gain,1 yr ETAS Triggered Only,10 yr TI Prob,10 yr TD Prob,10 yr ETAS Prob,10 yr ETAS/TD Gain,10 yr ETAS Triggered Only
6.0,6.222801E-6,6.439381E-6,5.6439058E-5,8.764671,5.0E-5,2.6668875E-5,2.7597147E-5,7.759577E-5,2.8117316,5.0E-5,3.2464517E-4,3.3595937E-4,4.2592915E-4,1.2677995,9.0E-5,0.0032417132,0.0033560768,0.0034756742,1.0356361,1.2E-4
6.1,6.222801E-6,6.439381E-6,5.6439058E-5,8.764671,5.0E-5,2.6668875E-5,2.7597147E-5,7.759577E-5,2.8117316,5.0E-5,3.2464517E-4,3.3595937E-4,4.2592915E-4,1.2677995,9.0E-5,0.0032417132,0.0033560768,0.0034756742,1.0356361,1.2E-4
6.2,6.222801E-6,6.439381E-6,5.6439058E-5,8.764671,5.0E-5,2.6668875E-5,2.7597147E-5,7.759577E-5,2.8117316,5.0E-5,3.2464517E-4,3.3595937E-4,4.2592915E-4,1.2677995,9.0E-5,0.0032417132,0.0033560768,0.0034756742,1.0356361,1.2E-4
6.3,6.222801E-6,6.439381E-6,5.6439058E-5,8.764671,5.0E-5,2.6668875E-5,2.7597147E-5,7.759577E-5,2.8117316,5.0E-5,3.2464517E-4,3.3595937E-4,4.2592915E-4,1.2677995,9.0E-5,0.0032417132,0.0033560768,0.0034756742,1.0356361,1.2E-4
6.4,6.222801E-6,6.439381E-6,5.6439058E-5,8.764671,5.0E-5,2.6668875E-5,2.7597147E-5,7.759577E-5,2.8117316,5.0E-5,3.2464517E-4,3.3595937E-4,4.2592915E-4,1.2677995,9.0E-5,0.0032417132,0.0033560768,0.0034756742,1.0356361,1.2E-4
6.5,2.8528623E-6,2.9521684E-6,3.295208E-5,11.161992,3.0E-5,1.22264955E-5,1.2652138E-5,4.2651758E-5,3.3711107,3.0E-5,1.4884741E-4,1.540376E-4,2.1402835E-4,1.3894553,6.0E-5,0.0014874774,0.0015401616,0.0016200384,1.0518626,8.0E-5
6.6,2.8528623E-6,2.9521684E-6,3.295208E-5,11.161992,3.0E-5,1.22264955E-5,1.2652138E-5,4.2651758E-5,3.3711107,3.0E-5,1.4884741E-4,1.540376E-4,2.1402835E-4,1.3894553,6.0E-5,0.0014874774,0.0015401616,0.0016200384,1.0518626,8.0E-5
6.7,2.541E-6,2.6293578E-6,3.262928E-5,12.4096,3.0E-5,1.0889954E-5,1.1268677E-5,4.126834E-5,3.662217,3.0E-5,1.3257713E-4,1.3719614E-4,1.9718791E-4,1.43727,6.0E-5,0.0013249806,0.0013719613,0.0014418653,1.0509518,7.0E-5
