Magnitude,1 wk TI Prob,1 wk TD Prob,1 wk ETAS Prob,1 wk ETAS/TD Gain,1 wk ETAS Triggered Only,1 mo TI Prob,1 mo TD Prob,1 mo ETAS Prob,1 mo ETAS/TD Gain,1 mo ETAS Triggered Only,1 yr TI Prob,1 yr TD Prob,1 yr ETAS Prob,1 yr ETAS/TD Gain,1 yr ETAS Triggered Only,10 yr TI Prob,10 yr TD Prob,10 yr ETAS Prob,10 yr ETAS/TD Gain,10 yr ETAS Triggered Only
6.0,1.6760017E-5,1.8776833E-5,1.6647363E-4,8.865907,1.4769958E-4,7.182667E-5,8.0470316E-5,3.266165E-4,4.058844,2.4616596E-4,8.7413884E-4,9.794032E-4,0.0015942154,1.6277417,6.1541493E-4,0.008707083,0.009762413,0.010859345,1.1123629,0.0011077469
6.1,9.852767E-6,1.09735865E-5,1.0943889E-4,9.972938,9.8466386E-5,4.222546E-5,4.702921E-5,2.1933728E-4,4.663852,1.7231617E-4,5.139737E-4,5.7250116E-4,9.6614123E-4,1.6875795,3.9386554E-4,0.005127866,0.005717221,0.0064025456,1.1198701,6.892647E-4
6.2,9.852767E-6,1.09735865E-5,1.0943889E-4,9.972938,9.8466386E-5,4.222546E-5,4.702921E-5,2.1933728E-4,4.663852,1.7231617E-4,5.139737E-4,5.7250116E-4,9.6614123E-4,1.6875795,3.9386554E-4,0.005127866,0.005717221,0.0064025456,1.1198701,6.892647E-4
6.3,4.3167724E-6,4.7780286E-6,5.4010987E-5,11.304031,4.9233193E-5,1.8500323E-5,2.0477235E-5,9.4325515E-5,4.60636,7.384979E-5,2.2521814E-4,2.4930484E-4,4.954094E-4,1.9871633,2.4616596E-4,0.0022499003,0.00249251,0.0028362833,1.1379225,3.4463234E-4
6.4,4.3167724E-6,4.7780286E-6,5.4010987E-5,11.304031,4.9233193E-5,1.8500323E-5,2.0477235E-5,9.4325515E-5,4.60636,7.384979E-5,2.2521814E-4,2.4930484E-4,4.954094E-4,1.9871633,2.4616596E-4,0.0022499003,0.00249251,0.0028362833,1.1379225,3.4463234E-4
6.5,4.3167724E-6,4.7780286E-6,5.4010987E-5,11.304031,4.9233193E-5,1.8500323E-5,2.0477235E-5,9.4325515E-5,4.60636,7.384979E-5,2.2521814E-4,2.4930484E-4,4.954094E-4,1.9871633,2.4616596E-4,0.0022499003,0.00249251,0.0028362833,1.1379225,3.4463234E-4
6.6,4.301311E-6,4.760897E-6,5.3993856E-5,11.341109,4.9233193E-5,1.8434059E-5,2.0403815E-5,9.42521E-5,4.619337,7.384979E-5,2.2441156E-4,2.4841115E-4,4.94516E-4,1.9907156,2.4616596E-4,0.0022418506,0.002483593,0.0028273696,1.138419,3.4463234E-4
6.7,3.8599724E-6,4.27106E-6,5.350404E-5,12.527111,4.9233193E-5,1.6542634E-5,1.8304541E-5,9.215298E-5,5.0344324,7.384979E-5,2.0138794E-4,2.228578E-4,3.9513558E-4,1.773039,1.7231617E-4,0.0020120554,0.002228578,0.002498757,1.1212338,2.7078256E-4
