Magnitude,1 wk TI Prob,1 wk TD Prob,1 wk ETAS Prob,1 wk ETAS/TD Gain,1 wk ETAS Triggered Only,1 mo TI Prob,1 mo TD Prob,1 mo ETAS Prob,1 mo ETAS/TD Gain,1 mo ETAS Triggered Only,1 yr TI Prob,1 yr TD Prob,1 yr ETAS Prob,1 yr ETAS/TD Gain,1 yr ETAS Triggered Only,10 yr TI Prob,10 yr TD Prob,10 yr ETAS Prob,10 yr ETAS/TD Gain,10 yr ETAS Triggered Only
6.0,2.233523E-5,2.5106583E-5,4.19932E-5,1.6725973,1.6887043E-5,9.571891E-5,1.0759615E-4,2.089075E-4,1.941589,1.0132226E-4,0.0011647546,0.001309364,0.0014442835,1.103042,1.3509634E-4,0.011586686,0.013033091,0.0132164275,1.014067,1.8575747E-4
6.1,2.233523E-5,2.5106583E-5,4.19932E-5,1.6725973,1.6887043E-5,9.571891E-5,1.0759615E-4,2.089075E-4,1.941589,1.0132226E-4,0.0011647546,0.001309364,0.0014442835,1.103042,1.3509634E-4,0.011586686,0.013033091,0.0132164275,1.014067,1.8575747E-4
6.2,2.233523E-5,2.5106583E-5,4.19932E-5,1.6725973,1.6887043E-5,9.571891E-5,1.0759615E-4,2.089075E-4,1.941589,1.0132226E-4,0.0011647546,0.001309364,0.0014442835,1.103042,1.3509634E-4,0.011586686,0.013033091,0.0132164275,1.014067,1.8575747E-4
6.3,2.233523E-5,2.5106583E-5,4.19932E-5,1.6725973,1.6887043E-5,9.571891E-5,1.0759615E-4,2.089075E-4,1.941589,1.0132226E-4,0.0011647546,0.001309364,0.0014442835,1.103042,1.3509634E-4,0.011586686,0.013033091,0.0132164275,1.014067,1.8575747E-4
6.4,1.2288092E-5,1.3781108E-5,3.0667918E-5,2.2253594,1.6887043E-5,5.2662188E-5,5.906108E-5,1.2660526E-4,2.1436327,6.754817E-5,6.409735E-4,7.189252E-4,8.2017464E-4,1.1408345,1.0132226E-4,0.006391279,0.0071752006,0.007309328,1.0186931,1.3509634E-4
6.5,1.2288092E-5,1.3781108E-5,3.0667918E-5,2.2253594,1.6887043E-5,5.2662188E-5,5.906108E-5,1.2660526E-4,2.1436327,6.754817E-5,6.409735E-4,7.189252E-4,8.2017464E-4,1.1408345,1.0132226E-4,0.006391279,0.0071752006,0.007309328,1.0186931,1.3509634E-4
6.6,8.58281E-6,9.63377E-6,2.6520649E-5,2.752884,1.6887043E-5,3.6782953E-5,4.12874E-5,1.08832784E-4,2.6359804,6.754817E-5,4.4774043E-4,5.026414E-4,6.039127E-4,1.2014782,1.0132226E-4,0.0044683935,0.005023205,0.0051408205,1.0234145,1.182093E-4
6.7,7.205685E-6,8.088302E-6,2.4975208E-5,3.0878184,1.6887043E-5,3.088114E-5,3.466415E-5,6.843707E-5,1.9742894,3.3774086E-5,3.7591302E-4,4.2203604E-4,4.895557E-4,1.1599855,6.754817E-5,0.0037527776,0.0042203604,0.0043044393,1.0199223,8.443521E-5
