Magnitude,1 wk TI Prob,1 wk TD Prob,1 wk ETAS Prob,1 wk ETAS/TD Gain,1 wk ETAS Triggered Only,1 mo TI Prob,1 mo TD Prob,1 mo ETAS Prob,1 mo ETAS/TD Gain,1 mo ETAS Triggered Only,1 yr TI Prob,1 yr TD Prob,1 yr ETAS Prob,1 yr ETAS/TD Gain,1 yr ETAS Triggered Only,10 yr TI Prob,10 yr TD Prob,10 yr ETAS Prob,10 yr ETAS/TD Gain,10 yr ETAS Triggered Only
6.0,1.3705327E-5,1.5285013E-5,3.528471E-5,2.3084512,2.0E-5,5.8735794E-5,6.55072E-5,8.550589E-5,1.30529,2.0E-5,7.1487366E-4,7.9755014E-4,8.175342E-4,1.0250568,2.0E-5,0.0071257832,0.007975501,0.008005262,1.0037315,3.0E-5
6.1,1.3705327E-5,1.5285013E-5,3.528471E-5,2.3084512,2.0E-5,5.8735794E-5,6.55072E-5,8.550589E-5,1.30529,2.0E-5,7.1487366E-4,7.9755014E-4,8.175342E-4,1.0250568,2.0E-5,0.0071257832,0.007975501,0.008005262,1.0037315,3.0E-5
6.2,1.3705327E-5,1.5285013E-5,3.528471E-5,2.3084512,2.0E-5,5.8735794E-5,6.55072E-5,8.550589E-5,1.30529,2.0E-5,7.1487366E-4,7.9755014E-4,8.175342E-4,1.0250568,2.0E-5,0.0071257832,0.007975501,0.008005262,1.0037315,3.0E-5
6.3,1.3705327E-5,1.5285013E-5,3.528471E-5,2.3084512,2.0E-5,5.8735794E-5,6.55072E-5,8.550589E-5,1.30529,2.0E-5,7.1487366E-4,7.9755014E-4,8.175342E-4,1.0250568,2.0E-5,0.0071257832,0.007975501,0.008005262,1.0037315,3.0E-5
6.4,1.3705327E-5,1.5285013E-5,3.528471E-5,2.3084512,2.0E-5,5.8735794E-5,6.55072E-5,8.550589E-5,1.30529,2.0E-5,7.1487366E-4,7.9755014E-4,8.175342E-4,1.0250568,2.0E-5,0.0071257832,0.007975501,0.008005262,1.0037315,3.0E-5
