Magnitude,UCERF3-TI Prob,UCERF3-TD Prob,UCERF3-ETAS Prob
6.0,0.01751319,0.017616915,0.013
6.1,0.01751319,0.017616915,0.013
6.2,0.01751319,0.017616915,0.013
6.3,0.01751319,0.017616915,0.013
6.4,0.007947254,0.0079886755,0.004
6.5,0.007947254,0.0079886755,0.004
6.6,0.0028118168,0.0028256767,0.001
6.7,0.0028118168,0.0028256767,0.001
6.8,0.001879707,0.0018894162,0.001
