Magnitude,UCERF3-TI Prob,UCERF3-TD Prob,UCERF3-ETAS Prob
6.0,0.12424412,0.12807265,0.074
6.1,0.12424412,0.12807265,0.074
6.2,0.12424412,0.12807265,0.074
6.3,0.12424412,0.12807265,0.074
6.4,0.05977591,0.061255578,0.036
6.5,0.05977591,0.061255578,0.036
6.6,0.047576662,0.0487516,0.026
6.7,0.036199037,0.03709455,0.019
6.8,0.024768703,0.025388418,0.013
6.9,0.017667964,0.018123206,0.01
7.0,0.0130998865,0.013450249,0.006
