Magnitude,UCERF3-TI Prob,UCERF3-TD Prob,UCERF3-ETAS Prob
6.0,0.0169363,0.014563799,0.01
6.1,0.0169363,0.014563799,0.01
6.2,0.0169363,0.014563799,0.01
6.3,0.0169363,0.014563799,0.01
6.4,0.0169363,0.014563799,0.01
6.5,0.0169363,0.014563799,0.01
6.6,0.0169363,0.014563799,0.01
6.7,0.0169363,0.014563799,0.01
6.8,0.0169363,0.014563799,0.01
6.9,0.012915768,0.010496584,0.007
7.0,0.012693335,0.010286637,0.007
7.1,0.0092900675,0.0069451495,0.006
7.2,0.005060534,0.0033416436,0.004
