Magnitude,UCERF3-TI Prob,UCERF3-TD Prob,UCERF3-ETAS Prob
6.0,0.0335096,0.0047971704,0.002
6.1,0.0335096,0.0047971704,0.002
6.2,0.0335096,0.0047971704,0.002
6.3,0.0335096,0.0047971704,0.002
6.4,0.023885911,0.004767974,0.002
6.5,0.023885911,0.004767974,0.002
6.6,0.012726118,0.004751801,0.002
6.7,0.009612365,0.0028569808,0.002
