Magnitude,1 wk TI Prob,1 wk TD Prob,1 wk ETAS Prob,1 wk ETAS/TD Gain,1 wk ETAS Triggered Only,1 mo TI Prob,1 mo TD Prob,1 mo ETAS Prob,1 mo ETAS/TD Gain,1 mo ETAS Triggered Only,1 yr TI Prob,1 yr TD Prob,1 yr ETAS Prob,1 yr ETAS/TD Gain,1 yr ETAS Triggered Only,10 yr TI Prob,10 yr TD Prob,10 yr ETAS Prob,10 yr ETAS/TD Gain,10 yr ETAS Triggered Only
6.0,1.6760017E-5,1.8776833E-5,3.3877083E-4,18.041958,3.2E-4,7.182667E-5,8.0470316E-5,6.5042445E-4,8.0827875,5.7E-4,8.7413884E-4,9.794032E-4,0.0021682377,2.2138357,0.00119,0.008707083,0.009762413,0.011832009,1.2119964,0.00209
6.1,9.852767E-6,1.09735865E-5,1.6097195E-4,14.669036,1.5E-4,4.222546E-5,4.702921E-5,2.9701745E-4,6.315595,2.5E-4,5.139737E-4,5.7250116E-4,0.001182152,2.06489,6.1E-4,0.005127866,0.005717221,0.0068606464,1.1999967,0.00115
6.2,9.852767E-6,1.09735865E-5,1.6097195E-4,14.669036,1.5E-4,4.222546E-5,4.702921E-5,2.9701745E-4,6.315595,2.5E-4,5.139737E-4,5.7250116E-4,0.001182152,2.06489,6.1E-4,0.005127866,0.005717221,0.0068606464,1.1999967,0.00115
6.3,4.3167724E-6,4.7780286E-6,6.477774E-5,13.557421,6.0E-5,1.8500323E-5,2.0477235E-5,1.4047477E-4,6.8600464,1.2E-4,2.2521814E-4,2.4930484E-4,5.792226E-4,2.3233507,3.3E-4,0.0022499003,0.00249251,0.0029812886,1.196099,4.9E-4
6.4,4.3167724E-6,4.7780286E-6,6.477774E-5,13.557421,6.0E-5,1.8500323E-5,2.0477235E-5,1.4047477E-4,6.8600464,1.2E-4,2.2521814E-4,2.4930484E-4,5.792226E-4,2.3233507,3.3E-4,0.0022499003,0.00249251,0.0029812886,1.196099,4.9E-4
6.5,4.3167724E-6,4.7780286E-6,6.477774E-5,13.557421,6.0E-5,1.8500323E-5,2.0477235E-5,1.4047477E-4,6.8600464,1.2E-4,2.2521814E-4,2.4930484E-4,5.792226E-4,2.3233507,3.3E-4,0.0022499003,0.00249251,0.0029812886,1.196099,4.9E-4
6.6,4.301311E-6,4.760897E-6,6.4760614E-5,13.602607,6.0E-5,1.8434059E-5,2.0403815E-5,1.4040136E-4,6.881133,1.2E-4,2.2441156E-4,2.4841115E-4,5.783292E-4,2.3281128,3.3E-4,0.0022418506,0.002483593,0.002972376,1.1968048,4.9E-4
6.7,3.8599724E-6,4.27106E-6,5.4270848E-5,12.706646,5.0E-5,1.6542634E-5,1.8304541E-5,1.2830253E-4,7.0093274,1.1E-4,2.0138794E-4,2.228578E-4,5.2279094E-4,2.3458498,3.0E-4,0.0020120554,0.002228578,0.0026675975,1.1969953,4.4E-4
