Magnitude,1 wk TI Prob,1 wk TD Prob,1 wk ETAS Prob,1 wk ETAS/TD Gain,1 wk ETAS Triggered Only,1 mo TI Prob,1 mo TD Prob,1 mo ETAS Prob,1 mo ETAS/TD Gain,1 mo ETAS Triggered Only,1 yr TI Prob,1 yr TD Prob,1 yr ETAS Prob,1 yr ETAS/TD Gain,1 yr ETAS Triggered Only,10 yr TI Prob,10 yr TD Prob,10 yr ETAS Prob,10 yr ETAS/TD Gain,10 yr ETAS Triggered Only
6.0,3.3861274E-6,3.4341108E-6,3.4341108E-6,1.0,0.0,1.4511894E-5,1.4717551E-5,1.4717551E-5,1.0,0.0,1.7666799E-4,1.7917425E-4,1.7917425E-4,1.0,0.0,0.001765276,0.0017905745,0.0018005566,1.0055748,1.0E-5
6.1,3.3861274E-6,3.4341108E-6,3.4341108E-6,1.0,0.0,1.4511894E-5,1.4717551E-5,1.4717551E-5,1.0,0.0,1.7666799E-4,1.7917425E-4,1.7917425E-4,1.0,0.0,0.001765276,0.0017905745,0.0018005566,1.0055748,1.0E-5
6.2,3.3861274E-6,3.4341108E-6,3.4341108E-6,1.0,0.0,1.4511894E-5,1.4717551E-5,1.4717551E-5,1.0,0.0,1.7666799E-4,1.7917425E-4,1.7917425E-4,1.0,0.0,0.001765276,0.0017905745,0.0018005566,1.0055748,1.0E-5
6.3,3.3861274E-6,3.4341108E-6,3.4341108E-6,1.0,0.0,1.4511894E-5,1.4717551E-5,1.4717551E-5,1.0,0.0,1.7666799E-4,1.7917425E-4,1.7917425E-4,1.0,0.0,0.001765276,0.0017905745,0.0018005566,1.0055748,1.0E-5
6.4,1.5291708E-6,1.5503011E-6,1.5503011E-6,1.0,0.0,6.553573E-6,6.6441353E-6,6.6441353E-6,1.0,0.0,7.978683E-5,8.089014E-5,8.089014E-5,1.0,0.0,7.975819E-4,8.086852E-4,8.1867713E-4,1.0123558,1.0E-5
6.5,1.5291708E-6,1.5503011E-6,1.5503011E-6,1.0,0.0,6.553573E-6,6.6441353E-6,6.6441353E-6,1.0,0.0,7.978683E-5,8.089014E-5,8.089014E-5,1.0,0.0,7.975819E-4,8.086852E-4,8.1867713E-4,1.0123558,1.0E-5
6.6,5.396423E-7,5.4720766E-7,5.4720766E-7,1.0,0.0,2.312751E-6,2.3451746E-6,2.3451746E-6,1.0,0.0,2.8157378E-5,2.8552317E-5,2.8552317E-5,1.0,0.0,2.8153812E-4,2.8550488E-4,2.9550202E-4,1.0350157,1.0E-5
6.7,5.396423E-7,5.4720766E-7,5.4720766E-7,1.0,0.0,2.312751E-6,2.3451746E-6,2.3451746E-6,1.0,0.0,2.8157378E-5,2.8552317E-5,2.8552317E-5,1.0,0.0,2.8153812E-4,2.8550488E-4,2.9550202E-4,1.0350157,1.0E-5
6.8,3.6058395E-7,3.656361E-7,3.656361E-7,1.0,0.0,1.5453588E-6,1.5670119E-6,1.5670119E-6,1.0,0.0,1.8814582E-5,1.9078368E-5,1.9078368E-5,1.0,0.0,1.8812988E-4,1.907837E-4,2.0078178E-4,1.0524054,1.0E-5
