Magnitude,1 wk TI Prob,1 wk TD Prob,1 wk ETAS Prob,1 wk ETAS/TD Gain,1 wk ETAS Triggered Only,1 mo TI Prob,1 mo TD Prob,1 mo ETAS Prob,1 mo ETAS/TD Gain,1 mo ETAS Triggered Only,1 yr TI Prob,1 yr TD Prob,1 yr ETAS Prob,1 yr ETAS/TD Gain,1 yr ETAS Triggered Only,10 yr TI Prob,10 yr TD Prob,10 yr ETAS Prob,10 yr ETAS/TD Gain,10 yr ETAS Triggered Only
6.0,1.9621975E-5,2.2097818E-5,2.2097818E-5,1.0,0.0,8.4091465E-5,9.4702256E-5,1.4007206E-4,1.4790785,4.537411E-5,0.0010233327,0.0011525251,0.001447117,1.2556056,2.949317E-4,0.01018633,0.01147879,0.012398282,1.0801035,9.3016925E-4
6.1,1.9621975E-5,2.2097818E-5,2.2097818E-5,1.0,0.0,8.4091465E-5,9.4702256E-5,1.4007206E-4,1.4790785,4.537411E-5,0.0010233327,0.0011525251,0.001447117,1.2556056,2.949317E-4,0.01018633,0.01147879,0.012398282,1.0801035,9.3016925E-4
6.2,9.9971285E-6,1.1256016E-5,1.1256016E-5,1.0,0.0,4.2844134E-5,4.8239468E-5,7.092543E-5,1.470278,2.2687054E-5,5.2150246E-4,5.8720924E-4,7.9127285E-4,1.3475143,2.041835E-4,0.0052028033,0.005861682,0.0064029796,1.0923451,5.444893E-4
6.3,9.589428E-6,1.0798707E-5,1.0798707E-5,1.0,0.0,4.10969E-5,4.6279645E-5,6.896565E-5,1.490194,2.2687054E-5,5.002399E-4,5.6336087E-4,7.6742936E-4,1.362234,2.041835E-4,0.0049911533,0.005624417,0.0061658444,1.0962636,5.444893E-4
6.4,9.589428E-6,1.0798707E-5,1.0798707E-5,1.0,0.0,4.10969E-5,4.6279645E-5,6.896565E-5,1.490194,2.2687054E-5,5.002399E-4,5.6336087E-4,7.6742936E-4,1.362234,2.041835E-4,0.0049911533,0.005624417,0.0061658444,1.0962636,5.444893E-4
6.5,5.557707E-6,6.28582E-6,6.28582E-6,1.0,0.0,2.3818526E-5,2.69391E-5,4.9625545E-5,1.842138,2.2687054E-5,2.8995197E-4,3.2796108E-4,4.1867953E-4,1.2766135,9.074822E-5,0.0028957394,0.0032774073,0.0035713722,1.0896944,2.949317E-4
6.6,4.8742945E-6,5.5134815E-6,5.5134815E-6,1.0,0.0,2.0889667E-5,2.362914E-5,2.362914E-5,1.0,0.0,2.54302E-4,2.87673E-4,3.5571458E-4,1.2365241,6.806116E-5,0.002540112,0.002875575,0.0031244152,1.0865357,2.495576E-4
6.7,3.991108E-6,4.5160677E-6,4.5160677E-6,1.0,0.0,1.7104636E-5,1.9354577E-5,1.9354577E-5,1.0,0.0,2.0822904E-4,2.3564197E-4,3.036871E-4,1.2887648,6.806116E-5,0.0020803404,0.0023564196,0.002605389,1.1056559,2.495576E-4
