Magnitude,1 wk TI Prob,1 wk TD Prob,1 wk ETAS Prob,1 wk ETAS/TD Gain,1 wk ETAS Triggered Only,1 mo TI Prob,1 mo TD Prob,1 mo ETAS Prob,1 mo ETAS/TD Gain,1 mo ETAS Triggered Only,1 yr TI Prob,1 yr TD Prob,1 yr ETAS Prob,1 yr ETAS/TD Gain,1 yr ETAS Triggered Only,10 yr TI Prob,10 yr TD Prob,10 yr ETAS Prob,10 yr ETAS/TD Gain,10 yr ETAS Triggered Only
6.0,1.9621975E-5,2.2097818E-5,2.2097818E-5,1.0,0.0,8.4091465E-5,9.4702256E-5,9.4702256E-5,1.0,0.0,0.0010233327,0.0011525251,0.0013278846,1.1521524,1.755618E-4,0.01018633,0.01147879,0.012230826,1.0655152,7.607678E-4
6.1,1.9621975E-5,2.2097818E-5,2.2097818E-5,1.0,0.0,8.4091465E-5,9.4702256E-5,9.4702256E-5,1.0,0.0,0.0010233327,0.0011525251,0.0013278846,1.1521524,1.755618E-4,0.01018633,0.01147879,0.012230826,1.0655152,7.607678E-4
6.2,9.9971285E-6,1.1256016E-5,1.1256016E-5,1.0,0.0,4.2844134E-5,4.8239468E-5,4.8239468E-5,1.0,0.0,5.2150246E-4,5.8720924E-4,7.0418173E-4,1.1992006,1.170412E-4,0.0052028033,0.005861682,0.006268925,1.0694754,4.0964418E-4
6.3,9.589428E-6,1.0798707E-5,1.0798707E-5,1.0,0.0,4.10969E-5,4.6279645E-5,4.6279645E-5,1.0,0.0,5.002399E-4,5.6336087E-4,6.8033615E-4,1.2076383,1.170412E-4,0.0049911533,0.005624417,0.0060317577,1.0724236,4.0964418E-4
6.4,9.589428E-6,1.0798707E-5,1.0798707E-5,1.0,0.0,4.10969E-5,4.6279645E-5,4.6279645E-5,1.0,0.0,5.002399E-4,5.6336087E-4,6.8033615E-4,1.2076383,1.170412E-4,0.0049911533,0.005624417,0.0060317577,1.0724236,4.0964418E-4
6.5,5.557707E-6,6.28582E-6,6.28582E-6,1.0,0.0,2.3818526E-5,2.69391E-5,2.69391E-5,1.0,0.0,2.8995197E-4,3.2796108E-4,3.2796108E-4,1.0,0.0,0.0028957394,0.0032774073,0.0033940647,1.0355945,1.170412E-4
6.6,4.8742945E-6,5.5134815E-6,5.5134815E-6,1.0,0.0,2.0889667E-5,2.362914E-5,2.362914E-5,1.0,0.0,2.54302E-4,2.87673E-4,2.87673E-4,1.0,0.0,0.002540112,0.002875575,0.0029922798,1.0405848,1.170412E-4
6.7,3.991108E-6,4.5160677E-6,4.5160677E-6,1.0,0.0,1.7104636E-5,1.9354577E-5,1.9354577E-5,1.0,0.0,2.0822904E-4,2.3564197E-4,2.3564197E-4,1.0,0.0,0.0020803404,0.0023564196,0.002473185,1.0495521,1.170412E-4
