Magnitude,1 wk TI Prob,1 wk TD Prob,1 wk ETAS Prob,1 wk ETAS/TD Gain,1 wk ETAS Triggered Only,1 mo TI Prob,1 mo TD Prob,1 mo ETAS Prob,1 mo ETAS/TD Gain,1 mo ETAS Triggered Only,1 yr TI Prob,1 yr TD Prob,1 yr ETAS Prob,1 yr ETAS/TD Gain,1 yr ETAS Triggered Only,10 yr TI Prob,10 yr TD Prob,10 yr ETAS Prob,10 yr ETAS/TD Gain,10 yr ETAS Triggered Only
6.0,1.6420427E-5,1.4692522E-5,1.4692522E-5,1.0,0.0,7.037136E-5,6.296665E-5,6.296665E-5,1.0,0.0,8.5643446E-4,7.663877E-4,7.663877E-4,1.0,0.0,0.008531413,0.0076412405,0.007699314,1.0076,5.85206E-5
6.1,1.6420427E-5,1.4692522E-5,1.4692522E-5,1.0,0.0,7.037136E-5,6.296665E-5,6.296665E-5,1.0,0.0,8.5643446E-4,7.663877E-4,7.663877E-4,1.0,0.0,0.008531413,0.0076412405,0.007699314,1.0076,5.85206E-5
6.2,1.6420427E-5,1.4692522E-5,1.4692522E-5,1.0,0.0,7.037136E-5,6.296665E-5,6.296665E-5,1.0,0.0,8.5643446E-4,7.663877E-4,7.663877E-4,1.0,0.0,0.008531413,0.0076412405,0.007699314,1.0076,5.85206E-5
6.3,1.2046778E-5,9.862634E-6,9.862634E-6,1.0,0.0,5.1628023E-5,4.226788E-5,4.226788E-5,1.0,0.0,6.283899E-4,5.145131E-4,5.145131E-4,1.0,0.0,0.0062661595,0.0051355003,0.0051355003,1.0,0.0
6.4,1.2046778E-5,9.862634E-6,9.862634E-6,1.0,0.0,5.1628023E-5,4.226788E-5,4.226788E-5,1.0,0.0,6.283899E-4,5.145131E-4,5.145131E-4,1.0,0.0,0.0062661595,0.0051355003,0.0051355003,1.0,0.0
6.5,1.0244343E-5,7.879705E-6,7.879705E-6,1.0,0.0,4.390359E-5,3.3769844E-5,3.3769844E-5,1.0,0.0,5.343951E-4,4.1109096E-4,4.1109096E-4,1.0,0.0,0.005331118,0.0041053365,0.0041053365,1.0,0.0
6.6,9.605408E-6,7.1777245E-6,7.1777245E-6,1.0,0.0,4.1165385E-5,3.076143E-5,3.076143E-5,1.0,0.0,5.010733E-4,3.744764E-4,3.744764E-4,1.0,0.0,0.00499945,0.0037404508,0.0037404508,1.0,0.0
6.7,8.60418E-6,6.124204E-6,6.124204E-6,1.0,0.0,3.687454E-5,2.6246435E-5,2.6246435E-5,1.0,0.0,4.48855E-4,3.1952298E-4,3.1952298E-4,1.0,0.0,0.004479495,0.0031925477,0.0031925477,1.0,0.0
6.8,5.187994E-6,2.5632721E-6,2.5632721E-6,1.0,0.0,2.223407E-5,1.0985429E-5,1.0985429E-5,1.0,0.0,2.7066618E-4,1.3374338E-4,1.3374338E-4,1.0,0.0,0.0027033675,0.0013370205,0.0013370205,1.0,0.0
6.9,4.5302368E-6,2.344408E-6,2.344408E-6,1.0,0.0,1.9415156E-5,1.0047446E-5,1.0047446E-5,1.0,0.0,2.3635388E-4,1.2232475E-4,1.2232475E-4,1.0,0.0,0.0023610266,0.0012229634,0.0012229634,1.0,0.0
7.0,3.431668E-6,1.6883112E-6,1.6883112E-6,1.0,0.0,1.4707065E-5,7.2356193E-6,7.2356193E-6,1.0,0.0,1.7904381E-4,8.8093664E-5,8.8093664E-5,1.0,0.0,0.0017889962,8.809366E-4,8.809366E-4,1.0,0.0
