Magnitude,1 wk TI Prob,1 wk TD Prob,1 wk ETAS Prob,1 wk ETAS/TD Gain,1 wk ETAS Triggered Only,1 mo TI Prob,1 mo TD Prob,1 mo ETAS Prob,1 mo ETAS/TD Gain,1 mo ETAS Triggered Only,1 yr TI Prob,1 yr TD Prob,1 yr ETAS Prob,1 yr ETAS/TD Gain,1 yr ETAS Triggered Only,10 yr TI Prob,10 yr TD Prob,10 yr ETAS Prob,10 yr ETAS/TD Gain,10 yr ETAS Triggered Only
6.0,1.0522846E-5,1.10407855E-5,1.10407855E-5,1.0,0.0,4.509713E-5,4.731709E-5,4.731709E-5,1.0,0.0,5.4891926E-4,5.7598593E-4,6.0221273E-4,1.0455338,2.6241898E-5,0.0054756533,0.005750097,0.005854461,1.01815,1.0496759E-4
6.1,1.0522846E-5,1.10407855E-5,1.10407855E-5,1.0,0.0,4.509713E-5,4.731709E-5,4.731709E-5,1.0,0.0,5.4891926E-4,5.7598593E-4,6.0221273E-4,1.0455338,2.6241898E-5,0.0054756533,0.005750097,0.005854461,1.01815,1.0496759E-4
6.2,2.1045846E-6,2.2082313E-6,2.2082313E-6,1.0,0.0,9.019617E-6,9.463838E-6,9.463838E-6,1.0,0.0,1.098083E-4,1.15220326E-4,1.15220326E-4,1.0,0.0,0.0010975406,0.0011520173,0.001178229,1.0227529,2.6241898E-5
6.3,2.1045846E-6,2.2082313E-6,2.2082313E-6,1.0,0.0,9.019617E-6,9.463838E-6,9.463838E-6,1.0,0.0,1.098083E-4,1.15220326E-4,1.15220326E-4,1.0,0.0,0.0010975406,0.0011520173,0.001178229,1.0227529,2.6241898E-5
6.4,1.7259927E-6,1.8109007E-6,1.8109007E-6,1.0,0.0,7.3970905E-6,7.761003E-6,7.761003E-6,1.0,0.0,9.005586E-5,9.449021E-5,9.449021E-5,1.0,0.0,9.001937E-4,9.4490213E-4,9.711192E-4,1.0277458,2.6241898E-5
