Magnitude,1 wk TI Prob,1 wk TD Prob,1 wk ETAS Prob,1 wk ETAS/TD Gain,1 wk ETAS Triggered Only,1 mo TI Prob,1 mo TD Prob,1 mo ETAS Prob,1 mo ETAS/TD Gain,1 mo ETAS Triggered Only,1 yr TI Prob,1 yr TD Prob,1 yr ETAS Prob,1 yr ETAS/TD Gain,1 yr ETAS Triggered Only,10 yr TI Prob,10 yr TD Prob,10 yr ETAS Prob,10 yr ETAS/TD Gain,10 yr ETAS Triggered Only
6.0,3.5090034E-5,4.036593E-5,7.036472E-5,1.7431711,3.0E-5,1.503772E-4,1.7298681E-4,3.6295396E-4,2.0981596,1.9E-4,0.0018293047,0.0021043373,0.0030323802,1.4410144,9.3E-4,0.018143194,0.02087003,0.02283808,1.0943004,0.00201
6.1,3.5090034E-5,4.036593E-5,7.036472E-5,1.7431711,3.0E-5,1.503772E-4,1.7298681E-4,3.6295396E-4,2.0981596,1.9E-4,0.0018293047,0.0021043373,0.0030323802,1.4410144,9.3E-4,0.018143194,0.02087003,0.02283808,1.0943004,0.00201
6.2,1.841879E-5,2.1060594E-5,3.1060383E-5,1.4748104,1.0E-5,7.8935285E-5,9.025714E-5,1.7024993E-4,1.8862765,8.0E-5,9.606133E-4,0.0010984287,0.0015779015,1.4365078,4.8E-4,0.0095647145,0.010940082,0.012097282,1.1057762,0.00117
6.3,1.841879E-5,2.1060594E-5,3.1060383E-5,1.4748104,1.0E-5,7.8935285E-5,9.025714E-5,1.7024993E-4,1.8862765,8.0E-5,9.606133E-4,0.0010984287,0.0015779015,1.4365078,4.8E-4,0.0095647145,0.010940082,0.012097282,1.1057762,0.00117
6.4,1.712201E-5,1.9565952E-5,2.9565757E-5,1.5110819,1.0E-5,7.337798E-5,8.3851955E-5,1.5384608E-4,1.8347347,7.0E-5,8.930107E-4,0.00102052,0.0014700608,1.4405017,4.5E-4,0.008894307,0.010168254,0.011266967,1.1080533,0.00111
6.5,1.4744935E-5,1.6837606E-5,2.6837437E-5,1.5938987,1.0E-5,6.3191044E-5,7.2159695E-5,1.4215465E-4,1.9700006,7.0E-5,7.6907943E-4,8.782837E-4,0.0013178972,1.500537,4.4E-4,0.007664232,0.008757323,0.009788216,1.1177177,0.00104
6.6,1.2017839E-5,1.3724606E-5,1.3724606E-5,1.0,0.0,5.150401E-5,5.8818914E-5,9.881656E-5,1.6800134,4.0E-5,6.268809E-4,7.1597355E-4,0.0010757159,1.5024519,3.6E-4,0.0062511545,0.0071453624,0.008009146,1.1208873,8.7E-4
6.7,1.00956095E-5,1.1533953E-5,1.1533953E-5,1.0,0.0,4.326618E-5,4.943078E-5,7.9429294E-5,1.6068794,3.0E-5,5.266384E-4,6.0174055E-4,9.0156E-4,1.4982537,3.0E-4,0.005253921,0.0060096392,0.0067153727,1.1174335,7.1E-4
