Magnitude,1 wk TI Prob,1 wk TD Prob,1 wk ETAS Prob,1 wk ETAS/TD Gain,1 wk ETAS Triggered Only,1 mo TI Prob,1 mo TD Prob,1 mo ETAS Prob,1 mo ETAS/TD Gain,1 mo ETAS Triggered Only,1 yr TI Prob,1 yr TD Prob,1 yr ETAS Prob,1 yr ETAS/TD Gain,1 yr ETAS Triggered Only,10 yr TI Prob,10 yr TD Prob,10 yr ETAS Prob,10 yr ETAS/TD Gain,10 yr ETAS Triggered Only
6.0,3.5090034E-5,4.0365936E-5,4.0365936E-5,1.0,0.0,1.503772E-4,1.7298684E-4,3.0908562E-4,1.786758,1.3612233E-4,0.0018293047,0.0021043366,0.002919352,1.3873028,8.16734E-4,0.018143194,0.020870026,0.02275818,1.090472,0.0019283997
6.1,3.5090034E-5,4.0365936E-5,4.0365936E-5,1.0,0.0,1.503772E-4,1.7298684E-4,3.0908562E-4,1.786758,1.3612233E-4,0.0018293047,0.0021043366,0.002919352,1.3873028,8.16734E-4,0.018143194,0.020870026,0.02275818,1.090472,0.0019283997
6.2,1.841879E-5,2.1060594E-5,2.1060594E-5,1.0,0.0,7.8935285E-5,9.025714E-5,1.5831216E-4,1.7540126,6.806116E-5,9.606133E-4,0.0010984287,0.0015063472,1.3713654,4.08367E-4,0.0095647145,0.010940081,0.012017147,1.0984513,0.0010889786
6.3,1.841879E-5,2.1060594E-5,2.1060594E-5,1.0,0.0,7.8935285E-5,9.025714E-5,1.5831216E-4,1.7540126,6.806116E-5,9.606133E-4,0.0010984287,0.0015063472,1.3713654,4.08367E-4,0.0095647145,0.010940081,0.012017147,1.0984513,0.0010889786
6.4,1.712201E-5,1.9565952E-5,1.9565952E-5,1.0,0.0,7.337798E-5,8.3851955E-5,1.2922226E-4,1.5410763,4.537411E-5,8.930107E-4,0.00102052,0.0013604785,1.3331228,3.4030582E-4,0.008894307,0.010168254,0.011156335,1.0971731,9.982304E-4
6.5,1.4744935E-5,1.6837605E-5,1.6837605E-5,1.0,0.0,6.3191044E-5,7.2159695E-5,1.1753053E-4,1.6287559,4.537411E-5,7.6907943E-4,8.782837E-4,0.0011956235,1.3613181,3.1761877E-4,0.007664232,0.008757323,0.009679346,1.105286,9.3016925E-4
6.6,1.2017839E-5,1.3724606E-5,1.3724606E-5,1.0,0.0,5.150401E-5,5.8818914E-5,8.150464E-5,1.3856875,2.2687054E-5,6.268809E-4,7.1597355E-4,9.653525E-4,1.3483075,2.495576E-4,0.0062511545,0.0071453624,0.007933736,1.1103336,7.940469E-4
6.7,1.00956095E-5,1.1533953E-5,1.1533953E-5,1.0,0.0,4.326618E-5,4.943078E-5,7.211671E-5,1.4589435,2.2687054E-5,5.266384E-4,6.0174055E-4,8.284746E-4,1.376797,2.2687054E-4,0.005253921,0.0060096392,0.00666361,1.1088203,6.5792457E-4
