Magnitude,1 wk TI Prob,1 wk TD Prob,1 wk ETAS Prob,1 wk ETAS/TD Gain,1 wk ETAS Triggered Only,1 mo TI Prob,1 mo TD Prob,1 mo ETAS Prob,1 mo ETAS/TD Gain,1 mo ETAS Triggered Only,1 yr TI Prob,1 yr TD Prob,1 yr ETAS Prob,1 yr ETAS/TD Gain,1 yr ETAS Triggered Only,10 yr TI Prob,10 yr TD Prob,10 yr ETAS Prob,10 yr ETAS/TD Gain,10 yr ETAS Triggered Only
6.0,6.222801E-6,6.4394408E-6,6.4394408E-6,1.0,0.0,2.6668875E-5,2.7597402E-5,5.1259787E-5,1.8574135,2.3663039E-5,3.2464517E-4,3.3596248E-4,3.5961755E-4,1.0704099,2.3663039E-5,0.0032417132,0.0033561077,0.0033796914,1.007027,2.3663039E-5
6.1,6.222801E-6,6.4394408E-6,6.4394408E-6,1.0,0.0,2.6668875E-5,2.7597402E-5,5.1259787E-5,1.8574135,2.3663039E-5,3.2464517E-4,3.3596248E-4,3.5961755E-4,1.0704099,2.3663039E-5,0.0032417132,0.0033561077,0.0033796914,1.007027,2.3663039E-5
6.2,6.222801E-6,6.4394408E-6,6.4394408E-6,1.0,0.0,2.6668875E-5,2.7597402E-5,5.1259787E-5,1.8574135,2.3663039E-5,3.2464517E-4,3.3596248E-4,3.5961755E-4,1.0704099,2.3663039E-5,0.0032417132,0.0033561077,0.0033796914,1.007027,2.3663039E-5
6.3,6.222801E-6,6.4394408E-6,6.4394408E-6,1.0,0.0,2.6668875E-5,2.7597402E-5,5.1259787E-5,1.8574135,2.3663039E-5,3.2464517E-4,3.3596248E-4,3.5961755E-4,1.0704099,2.3663039E-5,0.0032417132,0.0033561077,0.0033796914,1.007027,2.3663039E-5
6.4,6.222801E-6,6.4394408E-6,6.4394408E-6,1.0,0.0,2.6668875E-5,2.7597402E-5,5.1259787E-5,1.8574135,2.3663039E-5,3.2464517E-4,3.3596248E-4,3.5961755E-4,1.0704099,2.3663039E-5,0.0032417132,0.0033561077,0.0033796914,1.007027,2.3663039E-5
6.5,2.8528623E-6,2.9521957E-6,2.9521957E-6,1.0,0.0,1.22264955E-5,1.2652255E-5,1.2652255E-5,1.0,0.0,1.4884741E-4,1.5403902E-4,1.5403902E-4,1.0,0.0,0.0014874774,0.0015401759,0.0015401759,1.0,0.0
6.6,2.8528623E-6,2.9521957E-6,2.9521957E-6,1.0,0.0,1.22264955E-5,1.2652255E-5,1.2652255E-5,1.0,0.0,1.4884741E-4,1.5403902E-4,1.5403902E-4,1.0,0.0,0.0014874774,0.0015401759,0.0015401759,1.0,0.0
6.7,2.541E-6,2.6293822E-6,2.6293822E-6,1.0,0.0,1.0889954E-5,1.126878E-5,1.126878E-5,1.0,0.0,1.3257713E-4,1.371974E-4,1.371974E-4,1.0,0.0,0.0013249806,0.001371974,0.001371974,1.0,0.0
