Magnitude,1 wk TI Prob,1 wk TD Prob,1 wk ETAS Prob,1 wk ETAS/TD Gain,1 wk ETAS Triggered Only,1 mo TI Prob,1 mo TD Prob,1 mo ETAS Prob,1 mo ETAS/TD Gain,1 mo ETAS Triggered Only,1 yr TI Prob,1 yr TD Prob,1 yr ETAS Prob,1 yr ETAS/TD Gain,1 yr ETAS Triggered Only,10 yr TI Prob,10 yr TD Prob,10 yr ETAS Prob,10 yr ETAS/TD Gain,10 yr ETAS Triggered Only
6.0,1.6760017E-5,1.8777433E-5,1.8777433E-5,1.0,0.0,7.182667E-5,8.047289E-5,1.0413402E-4,1.2940261,2.3663039E-5,8.7413884E-4,9.794345E-4,0.0010976337,1.1206812,1.1831519E-4,0.008707083,0.009762724,0.010278228,1.0528034,5.2058685E-4
6.1,9.852767E-6,1.09739185E-5,1.09739185E-5,1.0,0.0,4.222546E-5,4.703063E-5,7.069256E-5,1.5031173,2.3663039E-5,5.139737E-4,5.7251845E-4,6.6711643E-4,1.1652313,9.4652154E-5,0.005127866,0.0057173935,0.0059997267,1.0493814,2.8395647E-4
6.2,9.852767E-6,1.09739185E-5,1.09739185E-5,1.0,0.0,4.222546E-5,4.703063E-5,7.069256E-5,1.5031173,2.3663039E-5,5.139737E-4,5.7251845E-4,6.6711643E-4,1.1652313,9.4652154E-5,0.005127866,0.0057173935,0.0059997267,1.0493814,2.8395647E-4
6.3,4.3167724E-6,4.778164E-6,4.778164E-6,1.0,0.0,1.8500323E-5,2.0477815E-5,2.0477815E-5,1.0,0.0,2.2521814E-4,2.493119E-4,2.7296905E-4,1.0948898,2.3663039E-5,0.0022499003,0.0024925806,0.0025397886,1.0189395,4.7326077E-5
6.4,4.3167724E-6,4.778164E-6,4.778164E-6,1.0,0.0,1.8500323E-5,2.0477815E-5,2.0477815E-5,1.0,0.0,2.2521814E-4,2.493119E-4,2.7296905E-4,1.0948898,2.3663039E-5,0.0022499003,0.0024925806,0.0025397886,1.0189395,4.7326077E-5
6.5,4.3167724E-6,4.778164E-6,4.778164E-6,1.0,0.0,1.8500323E-5,2.0477815E-5,2.0477815E-5,1.0,0.0,2.2521814E-4,2.493119E-4,2.7296905E-4,1.0948898,2.3663039E-5,0.0022499003,0.0024925806,0.0025397886,1.0189395,4.7326077E-5
6.6,4.301311E-6,4.761032E-6,4.761032E-6,1.0,0.0,1.8434059E-5,2.0404394E-5,2.0404394E-5,1.0,0.0,2.2441156E-4,2.484182E-4,2.7207535E-4,1.0952312,2.3663039E-5,0.0022418506,0.0024836634,0.002530872,1.0190076,4.7326077E-5
6.7,3.8599724E-6,4.2711804E-6,4.2711804E-6,1.0,0.0,1.6542634E-5,1.830506E-5,1.830506E-5,1.0,0.0,2.0138794E-4,2.228641E-4,2.4652187E-4,1.1061534,2.3663039E-5,0.0020120554,0.002228641,0.0022758616,1.021188,4.7326077E-5
