Magnitude,UCERF3-TI Prob,UCERF3-TD Prob,UCERF3-ETAS Prob
6.0,0.3312936,0.36293006,0.314
6.1,0.21371582,0.23072138,0.195
6.2,0.21371582,0.23072138,0.195
6.3,0.15938632,0.17134745,0.143
6.4,0.13472357,0.14465086,0.121
6.5,0.13453035,0.14445086,0.121
6.6,0.1129834,0.12133032,0.102
6.7,0.098493375,0.10610577,0.089
6.8,0.03367047,0.03513182,0.023
6.9,0.028908625,0.030153004,0.017
7.0,0.020019218,0.020891417,0.011
7.1,0.008323105,0.008694009,0.006
