Magnitude,UCERF3-TI Prob,UCERF3-TD Prob,UCERF3-ETAS Prob
6.0,0.7171203,0.7370314,0.58
6.1,0.7171203,0.7370314,0.58
6.2,0.7171203,0.7370314,0.58
6.3,0.7171203,0.7370314,0.58
6.4,0.7171203,0.7370314,0.58
6.5,0.7171203,0.7370314,0.58
6.6,0.7171203,0.7370314,0.58
6.7,0.5982331,0.62880707,0.462
6.8,0.51223636,0.54892504,0.378
6.9,0.51132566,0.5479839,0.375
7.0,0.39123404,0.4364894,0.26
7.1,0.1351813,0.1523027,0.06
7.2,0.09936351,0.11344572,0.037
7.3,0.05325169,0.06120638,0.023
