Magnitude,UCERF3-TI Prob,UCERF3-TD Prob,UCERF3-ETAS Prob
6.0,0.79930663,0.81201714,0.632
6.1,0.79930663,0.81201714,0.605
6.2,0.6598687,0.67611706,0.482
6.3,0.6598687,0.67611706,0.482
6.4,0.5705037,0.5914519,0.398
6.5,0.5082485,0.5323255,0.355
6.6,0.41717136,0.4447776,0.274
6.7,0.37574774,0.40447447,0.237
6.8,0.31452027,0.34115154,0.18
6.9,0.20024033,0.22139794,0.107
