Magnitude,UCERF3-TI Prob,UCERF3-TD Prob,UCERF3-ETAS Prob
6.0,0.7024825,0.686263,0.817
6.1,0.6461823,0.63377935,0.516
6.2,0.6097625,0.5998093,0.472
6.3,0.5756874,0.5676923,0.428
6.4,0.5323556,0.52675515,0.385
6.5,0.5065718,0.50269663,0.354
6.6,0.44209006,0.4428352,0.301
6.7,0.3980926,0.4021005,0.264
6.8,0.24491689,0.25312534,0.164
6.9,0.054263588,0.0471213,0.023
7.0,0.05319753,0.046068575,0.023
7.1,0.045595266,0.038524438,0.021
7.2,0.025047874,0.019488607,0.012
