Magnitude,UCERF3-TI Prob,UCERF3-TD Prob,UCERF3-ETAS Prob
6.0,0.46264616,0.5014546,0.267
6.1,0.46264616,0.5014546,0.267
6.2,0.46264616,0.5014546,0.267
6.3,0.46264616,0.5014546,0.267
6.4,0.46264616,0.5014546,0.267
6.5,0.46264616,0.5014546,0.267
6.6,0.46264616,0.5014546,0.267
6.7,0.3500671,0.38172504,0.188
6.8,0.3500671,0.38172504,0.188
6.9,0.2870978,0.31430045,0.151
7.0,0.23368284,0.25685778,0.131
7.1,0.19626485,0.21666941,0.105
7.2,0.15926471,0.17679359,0.08
7.3,0.12126415,0.13558063,0.063
