Magnitude,UCERF3-TI Prob,UCERF3-TD Prob,UCERF3-ETAS Prob
6.0,0.11211623,0.11749127,0.079
6.1,0.11211623,0.11749127,0.079
6.2,0.06723337,0.07025667,0.043
6.3,0.06723337,0.07025667,0.043
6.4,0.056173846,0.05886785,0.037
6.5,0.055746093,0.05842374,0.037
6.6,0.038960814,0.040873136,0.021
6.7,0.033693746,0.03537591,0.017
6.8,0.03151916,0.03309936,0.017
6.9,0.030410154,0.03193634,0.016
7.0,0.025368977,0.026637996,0.014
7.1,0.021075003,0.022129577,0.011
7.2,0.01483689,0.015583671,0.004
