Magnitude,1 wk TI Prob,1 wk TD Prob,1 wk ETAS Prob,1 wk ETAS/TD Gain,1 wk ETAS Triggered Only,1 mo TI Prob,1 mo TD Prob,1 mo ETAS Prob,1 mo ETAS/TD Gain,1 mo ETAS Triggered Only,1 yr TI Prob,1 yr TD Prob,1 yr ETAS Prob,1 yr ETAS/TD Gain,1 yr ETAS Triggered Only,10 yr TI Prob,10 yr TD Prob,10 yr ETAS Prob,10 yr ETAS/TD Gain,10 yr ETAS Triggered Only
6.0,1.9621975E-5,2.2097447E-5,9.202597E-5,4.164552,6.993007E-5,8.4091465E-5,9.470067E-5,1.6462411E-4,1.7383628,6.993007E-5,0.0010233327,0.0011525059,0.0012922048,1.1212132,1.3986015E-4,0.01018633,0.011478599,0.011616854,1.0120445,1.3986015E-4
6.1,1.9621975E-5,2.2097447E-5,9.202597E-5,4.164552,6.993007E-5,8.4091465E-5,9.470067E-5,1.6462411E-4,1.7383628,6.993007E-5,0.0010233327,0.0011525059,0.0012922048,1.1212132,1.3986015E-4,0.01018633,0.011478599,0.011616854,1.0120445,1.3986015E-4
6.2,9.9971285E-6,1.1255827E-5,8.118511E-5,7.212718,6.993007E-5,4.2844134E-5,4.823866E-5,1.1816536E-4,2.4495986,6.993007E-5,5.2150246E-4,5.8719947E-4,6.570885E-4,1.1190209,6.993007E-5,0.0052028033,0.005861584,0.0059311045,1.0118603,6.993007E-5
6.3,9.589428E-6,1.0798527E-5,1.0798527E-5,1.0,0.0,4.10969E-5,4.627887E-5,4.627887E-5,1.0,0.0,5.002399E-4,5.6335144E-4,5.6335144E-4,1.0,0.0,0.0049911533,0.0056243236,0.0056243236,1.0,0.0
6.4,9.589428E-6,1.0798527E-5,1.0798527E-5,1.0,0.0,4.10969E-5,4.627887E-5,4.627887E-5,1.0,0.0,5.002399E-4,5.6335144E-4,5.6335144E-4,1.0,0.0,0.0049911533,0.0056243236,0.0056243236,1.0,0.0
6.5,5.557707E-6,6.2857107E-6,6.2857107E-6,1.0,0.0,2.3818526E-5,2.6938633E-5,2.6938633E-5,1.0,0.0,2.8995197E-4,3.2795538E-4,3.2795538E-4,1.0,0.0,0.0028957394,0.0032773502,0.0032773502,1.0,0.0
6.6,4.8742945E-6,5.5133855E-6,5.5133855E-6,1.0,0.0,2.0889667E-5,2.3628729E-5,2.3628729E-5,1.0,0.0,2.54302E-4,2.87668E-4,2.87668E-4,1.0,0.0,0.002540112,0.0028755253,0.0028755253,1.0,0.0
6.7,3.991108E-6,4.515989E-6,4.515989E-6,1.0,0.0,1.7104636E-5,1.9354238E-5,1.9354238E-5,1.0,0.0,2.0822904E-4,2.3563785E-4,2.3563785E-4,1.0,0.0,0.0020803404,0.0023563786,0.0023563786,1.0,0.0
