Magnitude,1 wk TI Prob,1 wk TD Prob,1 wk ETAS Prob,1 wk ETAS/TD Gain,1 wk ETAS Triggered Only,1 mo TI Prob,1 mo TD Prob,1 mo ETAS Prob,1 mo ETAS/TD Gain,1 mo ETAS Triggered Only,1 yr TI Prob,1 yr TD Prob,1 yr ETAS Prob,1 yr ETAS/TD Gain,1 yr ETAS Triggered Only,10 yr TI Prob,10 yr TD Prob,10 yr ETAS Prob,10 yr ETAS/TD Gain,10 yr ETAS Triggered Only
6.0,3.5090034E-5,4.036513E-5,6.994973E-5,1.7329248,2.9585799E-5,1.503772E-4,1.7298339E-4,2.3214475E-4,1.342006,5.9171598E-5,0.0018293047,0.0021042947,0.0023109594,1.0982109,2.0710059E-4,0.018143194,0.020869615,0.021101361,1.0111045,2.3668639E-4
6.1,3.5090034E-5,4.036513E-5,6.994973E-5,1.7329248,2.9585799E-5,1.503772E-4,1.7298339E-4,2.3214475E-4,1.342006,5.9171598E-5,0.0018293047,0.0021042947,0.0023109594,1.0982109,2.0710059E-4,0.018143194,0.020869615,0.021101361,1.0111045,2.3668639E-4
6.2,1.841879E-5,2.1060194E-5,5.064537E-5,2.404791,2.9585799E-5,7.8935285E-5,9.0255424E-5,1.4942168E-4,1.6555424,5.9171598E-5,9.606133E-4,0.0010984079,0.0012461743,1.1345279,1.47929E-4,0.0095647145,0.010939874,0.011115447,1.0160489,1.775148E-4
6.3,1.841879E-5,2.1060194E-5,5.064537E-5,2.404791,2.9585799E-5,7.8935285E-5,9.0255424E-5,1.4942168E-4,1.6555424,5.9171598E-5,9.606133E-4,0.0010984079,0.0012461743,1.1345279,1.47929E-4,0.0095647145,0.010939874,0.011115447,1.0160489,1.775148E-4
6.4,1.712201E-5,1.9565581E-5,4.9150804E-5,2.5121052,2.9585799E-5,7.337798E-5,8.385037E-5,1.4301701E-4,1.7056217,5.9171598E-5,8.930107E-4,0.0010205007,0.0011682786,1.1448094,1.47929E-4,0.008894307,0.0101680625,0.010343772,1.0172806,1.775148E-4
6.5,1.4744935E-5,1.6837288E-5,4.642259E-5,2.7571297,2.9585799E-5,6.3191044E-5,7.215834E-5,1.3132567E-4,1.8199652,5.9171598E-5,7.6907943E-4,8.7826716E-4,9.965064E-4,1.1346279,1.18343196E-4,0.007664232,0.008757159,0.008903792,1.0167444,1.47929E-4
6.6,1.2017839E-5,1.3724348E-5,4.330974E-5,3.1556866,2.9585799E-5,5.150401E-5,5.8817808E-5,1.17985925E-4,2.005956,5.9171598E-5,6.268809E-4,7.159601E-4,8.342186E-4,1.1651747,1.18343196E-4,0.0062511545,0.007145228,0.0072920998,1.0205553,1.47929E-4
6.7,1.00956095E-5,1.1533734E-5,4.111919E-5,3.5651238,2.9585799E-5,4.326618E-5,4.9429844E-5,1.0859852E-4,2.1970232,5.9171598E-5,5.266384E-4,6.0172915E-4,7.200011E-4,1.1965535,1.18343196E-4,0.005253921,0.006009526,0.0061271577,1.0195743,1.18343196E-4
