Magnitude,1 wk TI Prob,1 wk TD Prob,1 wk ETAS Prob,1 wk ETAS/TD Gain,1 wk ETAS Triggered Only,1 mo TI Prob,1 mo TD Prob,1 mo ETAS Prob,1 mo ETAS/TD Gain,1 mo ETAS Triggered Only,1 yr TI Prob,1 yr TD Prob,1 yr ETAS Prob,1 yr ETAS/TD Gain,1 yr ETAS Triggered Only,10 yr TI Prob,10 yr TD Prob,10 yr ETAS Prob,10 yr ETAS/TD Gain,10 yr ETAS Triggered Only
6.0,3.5090034E-5,4.036513E-5,5.8447582E-5,1.4479722,1.8083183E-5,1.503772E-4,1.7298339E-4,2.091435E-4,1.209038,3.6166366E-5,0.0018293047,0.0021042947,0.0022667008,1.0771785,1.6274865E-4,0.018143194,0.020869615,0.021099789,1.0110292,2.3508137E-4
6.1,3.5090034E-5,4.036513E-5,5.8447582E-5,1.4479722,1.8083183E-5,1.503772E-4,1.7298339E-4,2.091435E-4,1.209038,3.6166366E-5,0.0018293047,0.0021042947,0.0022667008,1.0771785,1.6274865E-4,0.018143194,0.020869615,0.021099789,1.0110292,2.3508137E-4
6.2,1.841879E-5,2.1060194E-5,3.9142997E-5,1.8586247,1.8083183E-5,7.8935285E-5,9.0255424E-5,1.2641853E-4,1.400675,3.6166366E-5,9.606133E-4,0.0010984079,0.0011887244,1.082225,9.041591E-5,0.0095647145,0.010939874,0.011047186,1.0098093,1.08499094E-4
6.3,1.841879E-5,2.1060194E-5,3.9142997E-5,1.8586247,1.8083183E-5,7.8935285E-5,9.0255424E-5,1.2641853E-4,1.400675,3.6166366E-5,9.606133E-4,0.0010984079,0.0011887244,1.082225,9.041591E-5,0.0095647145,0.010939874,0.011047186,1.0098093,1.08499094E-4
6.4,1.712201E-5,1.9565581E-5,3.764841E-5,1.9242163,1.8083183E-5,7.337798E-5,8.385037E-5,1.200137E-4,1.4312842,3.6166366E-5,8.930107E-4,0.0010205007,0.0011108243,1.0885092,9.041591E-5,0.008894307,0.0101680625,0.010275458,1.0105621,1.08499094E-4
6.5,1.4744935E-5,1.6837288E-5,3.4920165E-5,2.073978,1.8083183E-5,6.3191044E-5,7.215834E-5,1.0832209E-4,1.5011722,3.6166366E-5,7.6907943E-4,8.7826716E-4,9.505364E-4,1.0822861,7.233273E-5,0.007664232,0.008757159,0.008846783,1.0102344,9.041591E-5
6.6,1.2017839E-5,1.3724348E-5,3.180728E-5,2.3175807,1.8083183E-5,5.150401E-5,5.8817808E-5,9.4982046E-5,1.6148518,3.6166366E-5,6.268809E-4,7.159601E-4,7.8824104E-4,1.1009567,7.233273E-5,0.0062511545,0.007145228,0.007234998,1.0125636,9.041591E-5
6.7,1.00956095E-5,1.1533734E-5,2.9616709E-5,2.5678334,1.8083183E-5,4.326618E-5,4.9429844E-5,8.559442E-5,1.7316345,3.6166366E-5,5.266384E-4,6.0172915E-4,6.7401835E-4,1.1201358,7.233273E-5,0.005253921,0.006009526,0.0060814237,1.011964,7.233273E-5
