Magnitude,1 wk TI Prob,1 wk TD Prob,1 wk ETAS Prob,1 wk ETAS/TD Gain,1 wk ETAS Triggered+TD,1 wk ETAS Triggered Only,1 mo TI Prob,1 mo TD Prob,1 mo ETAS Prob,1 mo ETAS/TD Gain,1 mo ETAS Triggered+TD,1 mo ETAS Triggered Only,1 yr TI Prob,1 yr TD Prob,1 yr ETAS Prob,1 yr ETAS/TD Gain,1 yr ETAS Triggered+TD,1 yr ETAS Triggered Only,10 yr TI Prob,10 yr TD Prob,10 yr ETAS Prob,10 yr ETAS/TD Gain,10 yr ETAS Triggered+TD,10 yr ETAS Triggered Only
6.0,6.1479834E-5,8.332679E-5,0.0,0.0,8.332679E-5,0.0,2.6345838E-4,3.5706963E-4,1.0E-4,0.28005743,4.5703392E-4,1.0E-4,0.0032028882,0.0043393364,2.0E-4,0.046089996,0.0045384686,2.0E-4,0.031571172,0.042613592,0.002,0.046933383,0.04452836,0.002
6.1,4.4387216E-5,5.9806192E-5,0.0,0.0,5.9806192E-5,0.0,1.9021705E-4,2.562891E-4,0.0,0.0,2.562891E-4,0.0,0.0023134327,0.0031163595,1.0E-4,0.032088723,0.003216048,1.0E-4,0.022894967,0.030774908,0.0015,0.04874101,0.032228746,0.0015
6.2,4.4387216E-5,5.9806192E-5,0.0,0.0,5.9806192E-5,0.0,1.9021705E-4,2.562891E-4,0.0,0.0,2.562891E-4,0.0,0.0023134327,0.0031163595,1.0E-4,0.032088723,0.003216048,1.0E-4,0.022894967,0.030774908,0.0015,0.04874101,0.032228746,0.0015
6.3,2.9523822E-5,3.9572184E-5,0.0,0.0,3.9572184E-5,0.0,1.2652454E-4,1.6958476E-4,0.0,0.0,1.6958476E-4,0.0,0.0015393476,0.0020631023,1.0E-4,0.04847069,0.002162896,1.0E-4,0.015287281,0.020473847,0.001,0.0488428,0.021453373,0.001
6.4,2.0512744E-5,2.7448028E-5,0.0,0.0,2.7448028E-5,0.0,8.79088E-5,1.17629694E-4,0.0,0.0,1.17629694E-4,0.0,0.001069764,0.0014315207,1.0E-4,0.06985579,0.0015313776,1.0E-4,0.010646289,0.014253425,0.001,0.07015857,0.015239173,0.001
6.5,1.6750226E-5,2.2404536E-5,0.0,0.0,2.2404536E-5,0.0,7.178471E-5,9.601642E-5,0.0,0.0,9.601642E-5,0.0,8.7362836E-4,0.0011686971,0.0,0.0,0.0011686971,0.0,0.008702018,0.0116564315,8.0E-4,0.06863164,0.012447107,8.0E-4
6.6,1.4745303E-5,1.9719348E-5,0.0,0.0,1.9719348E-5,0.0,6.319262E-5,8.4509324E-5,0.0,0.0,8.4509324E-5,0.0,7.690986E-4,0.0010287465,0.0,0.0,0.0010287465,0.0,0.0076644225,0.01027151,7.0E-4,0.06814967,0.01096432,7.0E-4
6.7,9.951145E-7,1.1620207E-6,0.0,0.0,1.1620207E-6,0.0,4.26477E-6,4.98008E-6,0.0,0.0,4.98008E-6,0.0,5.1922336E-5,6.0630966E-5,0.0,0.0,6.0630966E-5,0.0,5.1910203E-4,6.061615E-4,2.0E-4,0.3299451,8.0604025E-4,2.0E-4
6.8,5.866312E-7,6.851662E-7,0.0,0.0,6.851662E-7,0.0,2.5141312E-6,2.936424E-6,0.0,0.0,2.936424E-6,0.0,3.0609117E-5,3.5750505E-5,0.0,0.0,3.5750505E-5,0.0,3.06049E-4,3.5746038E-4,2.0E-4,0.55950254,5.573889E-4,2.0E-4
