Magnitude,1 wk TI Prob,1 wk TD Prob,1 wk ETAS Prob,1 wk ETAS/TD Gain,1 wk ETAS Triggered+TD,1 wk ETAS Triggered Only,1 mo TI Prob,1 mo TD Prob,1 mo ETAS Prob,1 mo ETAS/TD Gain,1 mo ETAS Triggered+TD,1 mo ETAS Triggered Only,1 yr TI Prob,1 yr TD Prob,1 yr ETAS Prob,1 yr ETAS/TD Gain,1 yr ETAS Triggered+TD,1 yr ETAS Triggered Only,10 yr TI Prob,10 yr TD Prob,10 yr ETAS Prob,10 yr ETAS/TD Gain,10 yr ETAS Triggered+TD,10 yr ETAS Triggered Only
6.0,1.0522846E-5,1.10417195E-5,0.0,0.0,1.10417195E-5,0.0,4.509713E-5,4.7321093E-5,0.0,0.0,4.7321093E-5,0.0,5.4891926E-4,5.7603465E-4,7.0E-4,1.2152047,7.759194E-4,2.0E-4,0.0054756533,0.005750582,0.0084,1.4607217,0.008435056,0.0027
6.1,1.0522846E-5,1.10417195E-5,0.0,0.0,1.10417195E-5,0.0,4.509713E-5,4.7321093E-5,0.0,0.0,4.7321093E-5,0.0,5.4891926E-4,5.7603465E-4,7.0E-4,1.2152047,7.759194E-4,2.0E-4,0.0054756533,0.005750582,0.0084,1.4607217,0.008435056,0.0027
6.2,2.1045846E-6,2.208418E-6,0.0,0.0,2.208418E-6,0.0,9.019617E-6,9.464638E-6,0.0,0.0,9.464638E-6,0.0,1.098083E-4,1.15230076E-4,3.0E-4,2.603487,1.15230076E-4,0.0,0.0010975406,0.0011521147,0.002,1.7359382,0.0016515387,5.0E-4
6.3,2.1045846E-6,2.208418E-6,0.0,0.0,2.208418E-6,0.0,9.019617E-6,9.464638E-6,0.0,0.0,9.464638E-6,0.0,1.098083E-4,1.15230076E-4,3.0E-4,2.603487,1.15230076E-4,0.0,0.0010975406,0.0011521147,0.002,1.7359382,0.0016515387,5.0E-4
6.4,1.7259927E-6,1.8110537E-6,0.0,0.0,1.8110537E-6,0.0,7.3970905E-6,7.761659E-6,0.0,0.0,7.761659E-6,0.0,9.005586E-5,9.4498195E-5,2.0E-4,2.1164424,9.4498195E-5,0.0,9.001937E-4,9.4498193E-4,0.0016,1.693154,0.001344604,4.0E-4
