Magnitude,1 wk TI Prob,1 wk TD Prob,1 wk ETAS Prob,1 wk ETAS/TD Gain,1 wk ETAS Triggered+TD,1 wk ETAS Triggered Only,1 mo TI Prob,1 mo TD Prob,1 mo ETAS Prob,1 mo ETAS/TD Gain,1 mo ETAS Triggered+TD,1 mo ETAS Triggered Only,1 yr TI Prob,1 yr TD Prob,1 yr ETAS Prob,1 yr ETAS/TD Gain,1 yr ETAS Triggered+TD,1 yr ETAS Triggered Only,10 yr TI Prob,10 yr TD Prob,10 yr ETAS Prob,10 yr ETAS/TD Gain,10 yr ETAS Triggered+TD,10 yr ETAS Triggered Only
6.0,3.5090034E-5,4.037636E-5,0.0,0.0,4.037636E-5,0.0,1.503772E-4,1.7303151E-4,0.0,0.0,1.7303151E-4,0.0,0.0018293047,0.0021048808,3.0E-4,0.1425259,0.0024042493,3.0E-4,0.018143194,0.020875376,0.0012,0.057483997,0.022050325,0.0012
6.1,3.5090034E-5,4.037636E-5,0.0,0.0,4.037636E-5,0.0,1.503772E-4,1.7303151E-4,0.0,0.0,1.7303151E-4,0.0,0.0018293047,0.0021048808,3.0E-4,0.1425259,0.0024042493,3.0E-4,0.018143194,0.020875376,0.0012,0.057483997,0.022050325,0.0012
6.2,1.841879E-5,2.1065785E-5,0.0,0.0,2.1065785E-5,0.0,7.8935285E-5,9.027939E-5,0.0,0.0,9.027939E-5,0.0,9.606133E-4,0.0010986994,2.0E-4,0.1820334,0.0012984796,2.0E-4,0.0095647145,0.010942766,8.0E-4,0.07310765,0.0117340125,8.0E-4
6.3,1.841879E-5,2.1065785E-5,0.0,0.0,2.1065785E-5,0.0,7.8935285E-5,9.027939E-5,0.0,0.0,9.027939E-5,0.0,9.606133E-4,0.0010986994,2.0E-4,0.1820334,0.0012984796,2.0E-4,0.0095647145,0.010942766,8.0E-4,0.07310765,0.0117340125,8.0E-4
6.4,1.712201E-5,1.957075E-5,0.0,0.0,1.957075E-5,0.0,7.337798E-5,8.387252E-5,0.0,0.0,8.387252E-5,0.0,8.930107E-4,0.0010207702,2.0E-4,0.1959305,0.001220566,2.0E-4,0.008894307,0.010170738,8.0E-4,0.07865702,0.010962602,8.0E-4
6.5,1.4744935E-5,1.6841712E-5,0.0,0.0,1.6841712E-5,0.0,6.3191044E-5,7.2177296E-5,0.0,0.0,7.2177296E-5,0.0,7.6907943E-4,8.7849784E-4,2.0E-4,0.22766134,0.0010783222,2.0E-4,0.007664232,0.008759452,8.0E-4,0.09132991,0.009552444,8.0E-4
6.6,1.2017839E-5,1.3727956E-5,0.0,0.0,1.3727956E-5,0.0,5.150401E-5,5.883327E-5,0.0,0.0,5.883327E-5,0.0,6.268809E-4,7.161483E-4,2.0E-4,0.27927178,9.1600505E-4,2.0E-4,0.0062511545,0.0071471026,7.0E-4,0.097941786,0.007842099,7.0E-4
6.7,1.00956095E-5,1.1536777E-5,0.0,0.0,1.1536777E-5,0.0,4.326618E-5,4.9442882E-5,0.0,0.0,4.9442882E-5,0.0,5.266384E-4,6.018878E-4,2.0E-4,0.33228782,8.0176746E-4,2.0E-4,0.005253921,0.006011109,7.0E-4,0.11645106,0.006706901,7.0E-4
