Magnitude,1 wk TI Prob,1 wk TD Prob,1 wk ETAS Prob,1 wk ETAS/TD Gain,1 wk ETAS Triggered+TD,1 wk ETAS Triggered Only,1 mo TI Prob,1 mo TD Prob,1 mo ETAS Prob,1 mo ETAS/TD Gain,1 mo ETAS Triggered+TD,1 mo ETAS Triggered Only,1 yr TI Prob,1 yr TD Prob,1 yr ETAS Prob,1 yr ETAS/TD Gain,1 yr ETAS Triggered+TD,1 yr ETAS Triggered Only,10 yr TI Prob,10 yr TD Prob,10 yr ETAS Prob,10 yr ETAS/TD Gain,10 yr ETAS Triggered+TD,10 yr ETAS Triggered Only
6.0,9.102099E-5,8.962159E-5,0.0,0.0,8.962159E-5,0.0,3.9003167E-4,3.8403473E-4,2.0E-4,0.5207862,3.8403473E-4,0.0,0.0047383,0.0046662055,0.0032,0.685782,0.005263406,6.0E-4,0.046385348,0.04588316,0.034,0.7410126,0.053039037,0.0075
6.1,3.8306698E-5,4.1530962E-5,0.0,0.0,4.1530962E-5,0.0,1.6416123E-4,1.7798175E-4,2.0E-4,1.1237108,1.7798175E-4,0.0,0.0019968306,0.002165218,0.0015,0.6927709,0.002364785,2.0E-4,0.019789828,0.021621784,0.0146,0.6752449,0.024361243,0.0028
6.2,3.8306698E-5,4.1530962E-5,0.0,0.0,4.1530962E-5,0.0,1.6416123E-4,1.7798175E-4,2.0E-4,1.1237108,1.7798175E-4,0.0,0.0019968306,0.002165218,0.0015,0.6927709,0.002364785,2.0E-4,0.019789828,0.021621784,0.0146,0.6752449,0.024361243,0.0028
6.3,3.3197924E-5,3.6583027E-5,0.0,0.0,3.6583027E-5,0.0,1.4226905E-4,1.5677896E-4,1.0E-4,0.6378407,1.5677896E-4,0.0,0.0017307495,0.0019076503,0.0011,0.57662565,0.0020074595,1.0E-4,0.017173318,0.019081328,0.0132,0.69177574,0.021533625,0.0025
6.4,2.5148964E-5,2.744243E-5,0.0,0.0,2.744243E-5,0.0,1.0777682E-4,1.1760877E-4,1.0E-4,0.8502767,1.1760877E-4,0.0,0.0013113929,0.0014315953,0.001,0.69852144,0.001531452,1.0E-4,0.01303681,0.014382674,0.0096,0.66746974,0.015959661,0.0016
6.5,2.5148964E-5,2.744243E-5,0.0,0.0,2.744243E-5,0.0,1.0777682E-4,1.1760877E-4,1.0E-4,0.8502767,1.1760877E-4,0.0,0.0013113929,0.0014315953,0.001,0.69852144,0.001531452,1.0E-4,0.01303681,0.014382674,0.0096,0.66746974,0.015959661,0.0016
