Magnitude,1 wk TI Prob,1 wk TD Prob,1 wk ETAS Prob,1 wk ETAS/TD Gain,1 wk ETAS Triggered Only,1 mo TI Prob,1 mo TD Prob,1 mo ETAS Prob,1 mo ETAS/TD Gain,1 mo ETAS Triggered Only,1 yr TI Prob,1 yr TD Prob,1 yr ETAS Prob,1 yr ETAS/TD Gain,1 yr ETAS Triggered Only,10 yr TI Prob,10 yr TD Prob,10 yr ETAS Prob,10 yr ETAS/TD Gain,10 yr ETAS Triggered Only
6.0,1.9621975E-5,2.2097078E-5,4.656774E-4,21.074162,4.4359014E-4,8.4091465E-5,9.4699084E-5,8.3394593E-4,8.8062725,7.3931686E-4,0.0010233327,0.0011524865,0.0021371064,1.8543439,9.857558E-4,0.01018633,0.011478408,0.012988792,1.1315848,0.0015279215
6.1,1.9621975E-5,2.2097078E-5,4.656774E-4,21.074162,4.4359014E-4,8.4091465E-5,9.4699084E-5,8.3394593E-4,8.8062725,7.3931686E-4,0.0010233327,0.0011524865,0.0021371064,1.8543439,9.857558E-4,0.01018633,0.011478408,0.012988792,1.1315848,0.0015279215
6.2,9.9971285E-6,1.125564E-5,3.0697905E-4,27.273355,2.9572676E-4,4.2844134E-5,4.8237856E-5,5.41092E-4,11.217165,4.928779E-4,5.2150246E-4,5.871897E-4,0.0012768136,2.1744483,6.9002906E-4,0.0052028033,0.005861487,0.00703746,1.2006272,0.001182907
6.3,9.589428E-6,1.0798346E-5,3.065219E-4,28.386003,2.9572676E-4,4.10969E-5,4.62781E-5,5.391332E-4,11.649857,4.928779E-4,5.002399E-4,5.6334207E-4,0.0012529824,2.2241948,6.9002906E-4,0.0049911533,0.0056242296,0.006751473,1.2004263,0.0011336192
6.4,9.589428E-6,1.0798346E-5,3.065219E-4,28.386003,2.9572676E-4,4.10969E-5,4.62781E-5,5.391332E-4,11.649857,4.928779E-4,5.002399E-4,5.6334207E-4,0.0012529824,2.2241948,6.9002906E-4,0.0049911533,0.0056242296,0.006751473,1.2004263,0.0011336192
6.5,5.557707E-6,6.2856016E-6,1.5414805E-4,24.523993,1.4786338E-4,2.3818526E-5,2.6938165E-5,2.2408403E-4,8.318459,1.9715117E-4,2.8995197E-4,3.279497E-4,6.728511E-4,2.0516899,3.4501453E-4,0.0028957394,0.0032772934,0.003915935,1.1948686,6.407413E-4
6.6,4.8742945E-6,5.5132896E-6,1.5337585E-4,27.819298,1.4786338E-4,2.0889667E-5,2.3628318E-5,2.2077482E-4,9.343654,1.9715117E-4,2.54302E-4,2.87663E-4,6.325783E-4,2.1990256,3.4501453E-4,0.002540112,0.0028754752,0.003416082,1.188006,5.421657E-4
6.7,3.991108E-6,4.5159104E-6,1.5237862E-4,33.742615,1.4786338E-4,1.7104636E-5,1.9353902E-5,2.1650126E-4,11.1864395,1.9715117E-4,2.0822904E-4,2.3563375E-4,5.80567E-4,2.4638534,3.4501453E-4,0.0020803404,0.0023563374,0.002848054,1.2086784,4.928779E-4
