Magnitude,UCERF3-TI Prob,UCERF3-TD Prob,UCERF3-ETAS Prob
6.0,0.07852618,0.06261541,0.039
6.1,0.07852618,0.06261541,0.039
6.2,0.07852618,0.06261541,0.039
6.3,0.07852618,0.06261541,0.039
6.4,0.07852618,0.06261541,0.039
6.5,0.068596974,0.054206114,0.032
