Magnitude,UCERF3-TI Prob,UCERF3-TD Prob,UCERF3-ETAS Prob
6.0,0.1348652,0.14327157,0.068
6.1,0.080875784,0.0854856,0.042
6.2,0.080875784,0.0854856,0.042
6.3,0.049582355,0.052232306,0.034
6.4,0.049582355,0.052232306,0.034
6.5,0.03732436,0.03926931,0.025
6.6,0.029197918,0.030695906,0.019
6.7,0.018021958,0.018935157,0.01
6.8,0.014264758,0.0149895465,0.007
6.9,0.008621197,0.009065956,0.007
7.0,0.0026586892,0.0028012926,0.001
