Magnitude,UCERF3-TI Prob,UCERF3-TD Prob,UCERF3-ETAS Prob
6.0,0.10724113,0.11359452,0.062
6.1,0.10724113,0.11359452,0.062
6.2,0.050023004,0.05273132,0.03
6.3,0.050023004,0.05273132,0.03
6.4,0.03115757,0.032781485,0.025
6.5,0.03115757,0.032781485,0.025
6.6,0.021840915,0.022956645,0.021
6.7,0.016490016,0.017339379,0.018
6.8,0.012342347,0.012984271,0.014
6.9,0.00464782,0.0048966003,0.007
