Magnitude,UCERF3-TI Prob,UCERF3-TD Prob,UCERF3-ETAS Prob
6.0,0.0054180063,0.0054578087,0.004
6.1,0.0054180063,0.0054578087,0.004
6.2,0.0054180063,0.0054578087,0.004
6.3,0.0054180063,0.0054578087,0.004
6.4,0.0027962495,0.002817451,0.003
6.5,0.0027962495,0.002817451,0.003
