Magnitude,1 yr TI Prob,TD Prob,ETAS Prob,ETAS/TD Gain,ETAS Triggered Only,10 yr TI Prob,TD Prob,ETAS Prob,ETAS/TD Gain,ETAS Triggered Only
6.0,0.0010233327,0.0011524865,0.00257085,2.2306986,0.00142,0.01018633,0.011478408,0.013771778,1.1997986,0.00232
6.1,0.0010233327,0.0011524865,0.00257085,2.2306986,0.00142,0.01018633,0.011478408,0.013771778,1.1997986,0.00232
6.2,5.2150246E-4,5.871896E-4,0.0014266964,2.429703,8.4E-4,0.0052028033,0.005861487,0.0072035734,1.228967,0.00135
6.3,5.002399E-4,5.6334207E-4,0.0013828801,2.454779,8.2E-4,0.0049911533,0.0056242296,0.006936806,1.2333788,0.00132
6.4,5.002399E-4,5.6334207E-4,0.0013828801,2.454779,8.2E-4,0.0049911533,0.0056242296,0.006936806,1.2333788,0.00132
6.5,2.8995197E-4,3.2794967E-4,8.4777916E-4,2.585089,5.2E-4,0.0028957394,0.0032772934,0.004074672,1.2433039,8.0E-4
6.6,2.54302E-4,2.87663E-4,7.2753645E-4,2.5291276,4.4E-4,0.002540112,0.0028754752,0.00355352,1.2358027,6.8E-4
6.7,2.0822904E-4,2.3563375E-4,6.2554184E-4,2.654721,3.9E-4,0.0020803404,0.0023563374,0.0029549238,1.2540325,6.0E-4
