Magnitude,1 yr TI Prob,TD Prob,ETAS Prob,ETAS/TD Gain,ETAS Triggered Only,10 yr TI Prob,TD Prob,ETAS Prob,ETAS/TD Gain,ETAS Triggered Only
6.0,0.0018293047,0.0021042528,0.0051079188,2.4274266,0.00301,0.018143194,0.020869201,0.025666943,1.2298957,0.0049
6.1,0.0018293047,0.0021042528,0.0051079188,2.4274266,0.00301,0.018143194,0.020869201,0.025666943,1.2298957,0.0049
6.2,9.606133E-4,0.001098387,0.0025368053,2.3095734,0.00144,0.0095647145,0.010939667,0.013333193,1.2187933,0.00242
6.3,9.606133E-4,0.001098387,0.0025368053,2.3095734,0.00144,0.0095647145,0.010939667,0.013333193,1.2187933,0.00242
6.4,8.930107E-4,0.0010204813,0.0023890832,2.3411338,0.00137,0.008894307,0.010167871,0.012444484,1.2239027,0.0023
6.5,7.6907943E-4,8.7825063E-4,0.0021571266,2.4561627,0.00128,0.007664232,0.008756994,0.0108485175,1.2388402,0.00211
6.6,6.268809E-4,7.159466E-4,0.0017751877,2.4794974,0.00106,0.0062511545,0.0071450938,0.00888259,1.2431734,0.00175
6.7,5.266384E-4,6.017178E-4,0.0015211642,2.5280359,9.2E-4,0.005253921,0.0060094125,0.0075103384,1.2497625,0.00151
