Magnitude,1 wk TI Prob,1 wk TD Prob,1 wk ETAS Prob,1 wk ETAS/TD Gain,1 wk ETAS Triggered Only,1 mo TI Prob,1 mo TD Prob,1 mo ETAS Prob,1 mo ETAS/TD Gain,1 mo ETAS Triggered Only,1 yr TI Prob,1 yr TD Prob,1 yr ETAS Prob,1 yr ETAS/TD Gain,1 yr ETAS Triggered Only,10 yr TI Prob,10 yr TD Prob,10 yr ETAS Prob,10 yr ETAS/TD Gain,10 yr ETAS Triggered Only
6.0,3.5090034E-5,4.0364324E-5,0.0010903219,27.01202,0.00105,1.503772E-4,1.7297994E-4,0.0017427084,10.074627,0.00157,0.0018293047,0.0021042528,0.0051079188,2.4274266,0.00301,0.018143194,0.020869201,0.025666943,1.2298957,0.0049
6.1,3.5090034E-5,4.0364324E-5,0.0010903219,27.01202,0.00105,1.503772E-4,1.7297994E-4,0.0017427084,10.074627,0.00157,0.0018293047,0.0021042528,0.0051079188,2.4274266,0.00301,0.018143194,0.020869201,0.025666943,1.2298957,0.0049
6.2,1.841879E-5,2.1059794E-5,5.2104925E-4,24.741423,5.0E-4,7.8935285E-5,9.0253714E-5,7.9019053E-4,8.755214,7.0E-4,9.606133E-4,0.001098387,0.0025368053,2.3095734,0.00144,0.0095647145,0.010939667,0.013333193,1.2187933,0.00242
6.3,1.841879E-5,2.1059794E-5,5.2104925E-4,24.741423,5.0E-4,7.8935285E-5,9.0253714E-5,7.9019053E-4,8.755214,7.0E-4,9.606133E-4,0.001098387,0.0025368053,2.3095734,0.00144,0.0095647145,0.010939667,0.013333193,1.2187933,0.00242
6.4,1.712201E-5,1.9565212E-5,4.9955584E-4,25.53286,4.8E-4,7.337798E-5,8.3848776E-5,7.4379344E-4,8.870653,6.6E-4,8.930107E-4,0.0010204813,0.0023890832,2.3411338,0.00137,0.008894307,0.010167871,0.012444484,1.2239027,0.0023
6.5,1.4744935E-5,1.6836972E-5,4.4682974E-4,26.538605,4.3E-4,6.3191044E-5,7.215698E-5,6.82113E-4,9.45318,6.1E-4,7.6907943E-4,8.7825063E-4,0.0021571266,2.4561627,0.00128,0.007664232,0.008756994,0.0108485175,1.2388402,0.00211
6.6,1.2017839E-5,1.37240895E-5,3.4371956E-4,25.044981,3.3E-4,5.150401E-5,5.88167E-5,5.3878844E-4,9.160468,4.8E-4,6.268809E-4,7.159466E-4,0.0017751877,2.4794974,0.00106,0.0062511545,0.0071450938,0.00888259,1.2431734,0.00175
6.7,1.00956095E-5,1.1533517E-5,3.0153018E-4,26.14382,2.9E-4,4.326618E-5,4.942891E-5,4.4940913E-4,9.092031,4.0E-4,5.266384E-4,6.017178E-4,0.0015211642,2.5280359,9.2E-4,0.005253921,0.0060094125,0.0075103384,1.2497625,0.00151
