Magnitude,1 wk TI Prob,1 wk TD Prob,1 wk ETAS Prob,1 wk ETAS/TD Gain,1 wk ETAS Triggered Only,1 mo TI Prob,1 mo TD Prob,1 mo ETAS Prob,1 mo ETAS/TD Gain,1 mo ETAS Triggered Only,1 yr TI Prob,1 yr TD Prob,1 yr ETAS Prob,1 yr ETAS/TD Gain,1 yr ETAS Triggered Only,10 yr TI Prob,10 yr TD Prob,10 yr ETAS Prob,10 yr ETAS/TD Gain,10 yr ETAS Triggered Only
6.0,1.0181528E-5,1.067471E-5,6.096713E-5,5.7113614,5.0292958E-5,4.3634387E-5,4.5748224E-5,1.2118421E-4,2.648938,7.5439435E-5,5.311192E-4,5.568896E-4,6.5741944E-4,1.1805203,1.00585916E-4,0.005298516,0.0055595795,0.005684613,1.0224897,1.2573239E-4
6.1,1.0181528E-5,1.067471E-5,6.096713E-5,5.7113614,5.0292958E-5,4.3634387E-5,4.5748224E-5,1.2118421E-4,2.648938,7.5439435E-5,5.311192E-4,5.568896E-4,6.5741944E-4,1.1805203,1.00585916E-4,0.005298516,0.0055595795,0.005684613,1.0224897,1.2573239E-4
6.2,2.2925276E-6,2.4036651E-6,2.4036651E-6,1.0,0.0,9.825081E-6,1.0301409E-5,1.0301409E-5,1.0,0.0,1.19613804E-4,1.2541727E-4,1.2541727E-4,1.0,0.0,0.0011954944,0.0012539396,0.0012539396,1.0,0.0
6.3,2.2925276E-6,2.4036651E-6,2.4036651E-6,1.0,0.0,9.825081E-6,1.0301409E-5,1.0301409E-5,1.0,0.0,1.19613804E-4,1.2541727E-4,1.2541727E-4,1.0,0.0,0.0011954944,0.0012539396,0.0012539396,1.0,0.0
6.4,1.85127E-6,1.9408885E-6,1.9408885E-6,1.0,0.0,7.93399E-6,8.318094E-6,8.318094E-6,1.0,0.0,9.659205E-5,1.0127279E-4,1.0127279E-4,1.0,0.0,9.655007E-4,0.0010127279,0.0010127279,1.0,0.0
