Magnitude,1 wk TI Prob,1 wk TD Prob,1 wk ETAS Prob,1 wk ETAS/TD Gain,1 wk ETAS Triggered Only,1 mo TI Prob,1 mo TD Prob,1 mo ETAS Prob,1 mo ETAS/TD Gain,1 mo ETAS Triggered Only,1 yr TI Prob,1 yr TD Prob,1 yr ETAS Prob,1 yr ETAS/TD Gain,1 yr ETAS Triggered Only,10 yr TI Prob,10 yr TD Prob,10 yr ETAS Prob,10 yr ETAS/TD Gain,10 yr ETAS Triggered Only
6.0,3.343805E-5,3.8189948E-5,9.2815596E-4,24.303673,8.9E-4,1.4329806E-4,1.636621E-4,0.0016934117,10.347,0.00153,0.0017432576,0.0019909712,0.0047055557,2.3634474,0.00272,0.017296458,0.019752184,0.02396725,1.2133975,0.0043
6.1,3.343805E-5,3.8189948E-5,9.2815596E-4,24.303673,8.9E-4,1.4329806E-4,1.636621E-4,0.0016934117,10.347,0.00153,0.0017432576,0.0019909712,0.0047055557,2.3634474,0.00272,0.017296458,0.019752184,0.02396725,1.2133975,0.0043
6.2,1.8832037E-5,2.1413021E-5,4.8140317E-4,22.481794,4.6E-4,8.070623E-5,9.176735E-5,8.916939E-4,9.716897,8.0E-4,9.821554E-4,0.0011167814,0.0026051174,2.3327012,0.00149,0.009778259,0.01112027,0.013434249,1.2080865,0.00234
6.3,1.8832037E-5,2.1413021E-5,4.8140317E-4,22.481794,4.6E-4,8.070623E-5,9.176735E-5,8.916939E-4,9.716897,8.0E-4,9.821554E-4,0.0011167814,0.0026051174,2.3327012,0.00149,0.009778259,0.01112027,0.013434249,1.2080865,0.00234
6.4,1.6844657E-5,1.9139026E-5,4.591306E-4,23.989235,4.4E-4,7.218939E-5,8.2022285E-5,8.3196076E-4,10.143106,7.5E-4,8.785514E-4,9.98247E-4,0.0023868594,2.391051,0.00139,0.0087508615,0.009945833,0.012104151,1.2170073,0.00218
6.5,1.404799E-5,1.5950454E-5,4.0594424E-4,25.450325,3.9E-4,6.020428E-5,6.835771E-5,7.383119E-4,10.800712,6.7E-4,7.3274056E-4,8.3201047E-4,0.002060987,2.4771168,0.00123,0.007303292,0.008296155,0.010200227,1.2295125,0.00192
6.6,1.0775264E-5,1.2236732E-5,3.1223305E-4,25.51605,3.0E-4,4.6178888E-5,5.2442454E-5,5.724152E-4,10.915111,5.2E-4,5.620829E-4,6.3836604E-4,0.0016377277,2.5654993,0.001,0.005606633,0.0063718185,0.007951687,1.2479463,0.00159
6.7,8.79852E-6,9.996745E-6,2.6999414E-4,27.008207,2.6E-4,3.7707396E-5,4.284285E-5,5.0282315E-4,11.736454,4.6E-4,4.5899083E-4,5.215514E-4,0.0014010924,2.6863937,8.8E-4,0.0045804395,0.0052096015,0.006532673,1.2539679,0.00133
