Magnitude,1 wk TI Prob,1 wk TD Prob,1 wk ETAS Prob,1 wk ETAS/TD Gain,1 wk ETAS Triggered Only,1 mo TI Prob,1 mo TD Prob,1 mo ETAS Prob,1 mo ETAS/TD Gain,1 mo ETAS Triggered Only,1 yr TI Prob,1 yr TD Prob,1 yr ETAS Prob,1 yr ETAS/TD Gain,1 yr ETAS Triggered Only,10 yr TI Prob,10 yr TD Prob,10 yr ETAS Prob,10 yr ETAS/TD Gain,10 yr ETAS Triggered Only
6.0,5.955091E-6,6.2077897E-6,6.2077897E-6,1.0,0.0,2.5521571E-5,2.660469E-5,2.660469E-5,1.0,0.0,3.106808E-4,3.2389045E-4,3.3388723E-4,1.0308646,1.0E-5,0.003102468,0.0032367825,0.0032467502,1.0030795,1.0E-5
6.1,5.955091E-6,6.2077897E-6,6.2077897E-6,1.0,0.0,2.5521571E-5,2.660469E-5,2.660469E-5,1.0,0.0,3.106808E-4,3.2389045E-4,3.3388723E-4,1.0308646,1.0E-5,0.003102468,0.0032367825,0.0032467502,1.0030795,1.0E-5
6.2,5.955091E-6,6.2077897E-6,6.2077897E-6,1.0,0.0,2.5521571E-5,2.660469E-5,2.660469E-5,1.0,0.0,3.106808E-4,3.2389045E-4,3.3388723E-4,1.0308646,1.0E-5,0.003102468,0.0032367825,0.0032467502,1.0030795,1.0E-5
6.3,5.955091E-6,6.2077897E-6,6.2077897E-6,1.0,0.0,2.5521571E-5,2.660469E-5,2.660469E-5,1.0,0.0,3.106808E-4,3.2389045E-4,3.3388723E-4,1.0308646,1.0E-5,0.003102468,0.0032367825,0.0032467502,1.0030795,1.0E-5
6.4,5.955091E-6,6.2077897E-6,6.2077897E-6,1.0,0.0,2.5521571E-5,2.660469E-5,2.660469E-5,1.0,0.0,3.106808E-4,3.2389045E-4,3.3388723E-4,1.0308646,1.0E-5,0.003102468,0.0032367825,0.0032467502,1.0030795,1.0E-5
6.5,4.2519378E-6,4.4309936E-6,4.4309936E-6,1.0,0.0,1.8222463E-5,1.8989973E-5,1.8989973E-5,1.0,0.0,2.218359E-4,2.3120292E-4,2.4120061E-4,1.0432421,1.0E-5,0.0022161459,0.0023120292,0.002322006,1.0043153,1.0E-5
6.6,4.2519378E-6,4.4309936E-6,4.4309936E-6,1.0,0.0,1.8222463E-5,1.8989973E-5,1.8989973E-5,1.0,0.0,2.218359E-4,2.3120292E-4,2.4120061E-4,1.0432421,1.0E-5,0.0022161459,0.0023120292,0.002322006,1.0043153,1.0E-5
