Magnitude,1 wk TI Prob,1 wk TD Prob,1 wk ETAS Prob,1 wk ETAS/TD Gain,1 wk ETAS Triggered Only,1 mo TI Prob,1 mo TD Prob,1 mo ETAS Prob,1 mo ETAS/TD Gain,1 mo ETAS Triggered Only,1 yr TI Prob,1 yr TD Prob,1 yr ETAS Prob,1 yr ETAS/TD Gain,1 yr ETAS Triggered Only,10 yr TI Prob,10 yr TD Prob,10 yr ETAS Prob,10 yr ETAS/TD Gain,10 yr ETAS Triggered Only
6.0,1.384928E-5,1.531553E-5,4.4279912E-4,28.91177,4.2749013E-4,5.9352704E-5,6.563687E-5,6.9425756E-4,10.57725,6.2866195E-4,7.223796E-4,7.9893094E-4,0.0019547448,2.4467006,0.001156738,0.0072003584,0.007969917,0.009741087,1.222232,0.0017854
6.1,1.10442625E-5,1.2194862E-5,3.8938742E-4,31.930449,3.7719717E-4,4.7331694E-5,5.2263134E-5,5.551664E-4,10.622524,5.0292956E-4,5.76111E-4,6.362041E-4,0.0015660318,2.4615242,9.304197E-4,0.0057461974,0.006352282,0.0077765263,1.2242099,0.0014333492
6.2,1.10442625E-5,1.2194862E-5,3.8938742E-4,31.930449,3.7719717E-4,4.7331694E-5,5.2263134E-5,5.551664E-4,10.622524,5.0292956E-4,5.76111E-4,6.362041E-4,0.0015660318,2.4615242,9.304197E-4,0.0057461974,0.006352282,0.0077765263,1.2242099,0.0014333492
6.3,4.7583235E-6,5.2367127E-6,1.3096844E-4,25.009666,1.2573239E-4,2.0392656E-5,2.2443008E-5,1.7331849E-4,7.722605,1.5087887E-4,2.482523E-4,2.732351E-4,5.497708E-4,2.0120797,2.7661127E-4,0.0024797514,0.0027315174,0.0032079953,1.1744372,4.777831E-4
6.4,4.7583235E-6,5.2367127E-6,1.3096844E-4,25.009666,1.2573239E-4,2.0392656E-5,2.2443008E-5,1.7331849E-4,7.722605,1.5087887E-4,2.482523E-4,2.732351E-4,5.497708E-4,2.0120797,2.7661127E-4,0.0024797514,0.0027315174,0.0032079953,1.1744372,4.777831E-4
6.5,4.7583235E-6,5.2367127E-6,1.3096844E-4,25.009666,1.2573239E-4,2.0392656E-5,2.2443008E-5,1.7331849E-4,7.722605,1.5087887E-4,2.482523E-4,2.732351E-4,5.497708E-4,2.0120797,2.7661127E-4,0.0024797514,0.0027315174,0.0032079953,1.1744372,4.777831E-4
6.6,4.741348E-6,5.218E-6,1.3094973E-4,25.095772,1.2573239E-4,2.0319907E-5,2.236281E-5,1.7323831E-4,7.7467146,1.5087887E-4,2.4736678E-4,2.7225894E-4,5.487949E-4,2.0157094,2.7661127E-4,0.002470916,0.0027217797,0.0031982623,1.1750629,4.777831E-4
6.7,4.081021E-6,4.4893595E-6,5.478209E-5,12.202652,5.0292958E-5,1.7489972E-5,1.9240113E-5,6.95321E-5,3.6139135,5.0292958E-5,2.1291962E-4,2.3424836E-4,3.850919E-4,1.643947,1.5087887E-4,0.0021271573,0.0023424837,0.0026686222,1.1392276,3.269042E-4
