Magnitude,1 wk TI Prob,1 wk TD Prob,1 wk ETAS Prob,1 wk ETAS/TD Gain,1 wk ETAS Triggered Only,1 mo TI Prob,1 mo TD Prob,1 mo ETAS Prob,1 mo ETAS/TD Gain,1 mo ETAS Triggered Only,1 yr TI Prob,1 yr TD Prob,1 yr ETAS Prob,1 yr ETAS/TD Gain,1 yr ETAS Triggered Only,10 yr TI Prob,10 yr TD Prob,10 yr ETAS Prob,10 yr ETAS/TD Gain,10 yr ETAS Triggered Only
6.0,1.651994E-5,1.8021321E-5,1.8021321E-5,1.0,0.0,7.079782E-5,7.723233E-5,7.723233E-5,1.0,0.0,8.6162257E-4,9.3996583E-4,9.3996583E-4,1.0,0.0,0.008582895,0.009366605,0.009386417,1.0021152,2.0E-5
6.1,7.953946E-6,8.670426E-6,8.670426E-6,1.0,0.0,3.4087894E-5,3.715855E-5,3.715855E-5,1.0,0.0,4.1494108E-4,4.523309E-4,4.523309E-4,1.0,0.0,0.0041416716,0.004516017,0.004525972,1.0022043,1.0E-5
6.2,3.2744306E-6,3.5710764E-6,3.5710764E-6,1.0,0.0,1.4033198E-5,1.5304546E-5,1.5304546E-5,1.0,0.0,1.708408E-4,1.8632087E-4,1.8632087E-4,1.0,0.0,0.0017070951,0.0018620361,0.0018720174,1.0053605,1.0E-5
6.3,1.913362E-6,2.0869538E-6,2.0869538E-6,1.0,0.0,8.200097E-6,8.944072E-6,8.944072E-6,1.0,0.0,9.98316E-5,1.08891276E-4,1.08891276E-4,1.0,0.0,9.978677E-4,0.0010886382,0.0010986273,1.0091758,1.0E-5
6.4,1.2471386E-6,1.3600626E-6,1.3600626E-6,1.0,0.0,5.3448684E-6,5.8288397E-6,5.8288397E-6,1.0,0.0,6.507183E-5,7.0966125E-5,7.0966125E-5,1.0,0.0,6.505278E-4,7.096612E-4,7.1965414E-4,1.0140812,1.0E-5
