Magnitude,1 wk TI Prob,1 wk TD Prob,1 wk ETAS Prob,1 wk ETAS/TD Gain,1 wk ETAS Triggered Only,1 mo TI Prob,1 mo TD Prob,1 mo ETAS Prob,1 mo ETAS/TD Gain,1 mo ETAS Triggered Only,1 yr TI Prob,1 yr TD Prob,1 yr ETAS Prob,1 yr ETAS/TD Gain,1 yr ETAS Triggered Only,10 yr TI Prob,10 yr TD Prob,10 yr ETAS Prob,10 yr ETAS/TD Gain,10 yr ETAS Triggered Only
6.0,2.0554013E-5,2.4095898E-5,4.4095417E-5,1.8299968,2.0E-5,8.808565E-5,1.03267004E-4,1.2326494E-4,1.1936527,2.0E-5,0.0010719151,0.0012570745,0.0012970242,1.0317799,4.0E-5,0.010667594,0.012551007,0.012610253,1.0047204,6.0E-5
6.1,2.0554013E-5,2.4095898E-5,4.4095417E-5,1.8299968,2.0E-5,8.808565E-5,1.03267004E-4,1.2326494E-4,1.1936527,2.0E-5,0.0010719151,0.0012570745,0.0012970242,1.0317799,4.0E-5,0.010667594,0.012551007,0.012610253,1.0047204,6.0E-5
6.2,2.0554013E-5,2.4095898E-5,4.4095417E-5,1.8299968,2.0E-5,8.808565E-5,1.03267004E-4,1.2326494E-4,1.1936527,2.0E-5,0.0010719151,0.0012570745,0.0012970242,1.0317799,4.0E-5,0.010667594,0.012551007,0.012610253,1.0047204,6.0E-5
6.3,2.0554013E-5,2.4095898E-5,4.4095417E-5,1.8299968,2.0E-5,8.808565E-5,1.03267004E-4,1.2326494E-4,1.1936527,2.0E-5,0.0010719151,0.0012570745,0.0012970242,1.0317799,4.0E-5,0.010667594,0.012551007,0.012610253,1.0047204,6.0E-5
6.4,1.7333385E-5,2.0312427E-5,4.031202E-5,1.9845989,2.0E-5,7.428382E-5,8.705326E-5,1.0705152E-4,1.2297244,2.0E-5,9.0403017E-4,0.0010598731,0.0010998307,1.0377004,4.0E-5,0.009003613,0.0105986865,0.0106481565,1.0046675,5.0E-5
6.5,1.7333385E-5,2.0312427E-5,4.031202E-5,1.9845989,2.0E-5,7.428382E-5,8.705326E-5,1.0705152E-4,1.2297244,2.0E-5,9.0403017E-4,0.0010598731,0.0010998307,1.0377004,4.0E-5,0.009003613,0.0105986865,0.0106481565,1.0046675,5.0E-5
