Magnitude,1 wk TI Prob,1 wk TD Prob,1 wk ETAS Prob,1 wk ETAS/TD Gain,1 wk ETAS Triggered Only,1 mo TI Prob,1 mo TD Prob,1 mo ETAS Prob,1 mo ETAS/TD Gain,1 mo ETAS Triggered Only,1 yr TI Prob,1 yr TD Prob,1 yr ETAS Prob,1 yr ETAS/TD Gain,1 yr ETAS Triggered Only,10 yr TI Prob,10 yr TD Prob,10 yr ETAS Prob,10 yr ETAS/TD Gain,10 yr ETAS Triggered Only
6.0,3.5090034E-5,4.0364324E-5,0.0012103171,29.984823,0.00117,1.503772E-4,1.7297994E-4,0.0019326755,11.172831,0.00176,0.0018293047,0.0021042528,0.0054671615,2.5981486,0.00337,0.018143194,0.020869201,0.026215255,1.2561696,0.00546
6.1,3.5090034E-5,4.0364324E-5,0.0012103171,29.984823,0.00117,1.503772E-4,1.7297994E-4,0.0019326755,11.172831,0.00176,0.0018293047,0.0021042528,0.0054671615,2.5981486,0.00337,0.018143194,0.020869201,0.026215255,1.2561696,0.00546
6.2,1.841879E-5,2.1059794E-5,5.81048E-4,27.590395,5.6E-4,7.8935285E-5,9.0253714E-5,9.7017427E-4,10.749412,8.8E-4,9.606133E-4,0.001098387,0.0027865306,2.5369298,0.00169,0.0095647145,0.010939667,0.013867286,1.267615,0.00296
6.3,1.841879E-5,2.1059794E-5,5.81048E-4,27.590395,5.6E-4,7.8935285E-5,9.0253714E-5,9.7017427E-4,10.749412,8.8E-4,9.606133E-4,0.001098387,0.0027865306,2.5369298,0.00169,0.0095647145,0.010939667,0.013867286,1.267615,0.00296
6.4,1.712201E-5,1.9565212E-5,5.495548E-4,28.088367,5.3E-4,7.337798E-5,8.3848776E-5,9.2377834E-4,11.017195,8.4E-4,8.930107E-4,0.0010204813,0.0025788895,2.5271304,0.00156,0.008894307,0.010167871,0.012870112,1.2657628,0.00273
6.5,1.4744935E-5,1.6836972E-5,5.068287E-4,30.10213,4.9E-4,6.3191044E-5,7.215698E-5,8.521007E-4,11.808985,7.8E-4,7.6907943E-4,8.7825063E-4,0.0023269772,2.6495593,0.00145,0.007664232,0.008756994,0.011254927,1.28525,0.00252
6.6,1.2017839E-5,1.37240895E-5,4.637179E-4,33.788612,4.5E-4,5.150401E-5,5.88167E-5,7.387767E-4,12.560662,6.8E-4,6.268809E-4,7.159466E-4,0.0019150875,2.6749027,0.0012,0.0062511545,0.0071450938,0.009220161,1.2904184,0.00209
6.7,1.00956095E-5,1.1533517E-5,3.415297E-4,29.611933,3.3E-4,4.326618E-5,4.942891E-5,5.6940323E-4,11.519639,5.2E-4,5.266384E-4,6.017178E-4,0.0015811281,2.6276906,9.8E-4,0.005253921,0.0060094125,0.0078085354,1.2993841,0.00181
