Magnitude,1 wk TI Prob,1 wk TD Prob,1 wk ETAS Prob,1 wk ETAS/TD Gain,1 wk ETAS Triggered Only,1 mo TI Prob,1 mo TD Prob,1 mo ETAS Prob,1 mo ETAS/TD Gain,1 mo ETAS Triggered Only,1 yr TI Prob,1 yr TD Prob,1 yr ETAS Prob,1 yr ETAS/TD Gain,1 yr ETAS Triggered Only,10 yr TI Prob,10 yr TD Prob,10 yr ETAS Prob,10 yr ETAS/TD Gain,10 yr ETAS Triggered Only
6.0,9.102099E-5,8.952015E-5,8.952015E-5,1.0,0.0,3.9003167E-4,3.8361453E-4,3.8361453E-4,1.0,0.0,0.0047383,0.004662009,0.0046719625,1.002135,1.0E-5,0.046385348,0.045870975,0.0458996,1.0006241,3.0E-5
6.1,3.8306698E-5,4.1498504E-5,4.1498504E-5,1.0,0.0,1.6416123E-4,1.7784268E-4,1.7784268E-4,1.0,0.0,0.0019968306,0.0021631396,0.0021631396,1.0,0.0,0.019789828,0.021628205,0.021647772,1.0009047,2.0E-5
6.2,3.8306698E-5,4.1498504E-5,4.1498504E-5,1.0,0.0,1.6416123E-4,1.7784268E-4,1.7784268E-4,1.0,0.0,0.0019968306,0.0021631396,0.0021631396,1.0,0.0,0.019789828,0.021628205,0.021647772,1.0009047,2.0E-5
6.3,3.3197924E-5,3.6554302E-5,3.6554302E-5,1.0,0.0,1.4226905E-4,1.5665586E-4,1.5665586E-4,1.0,0.0,0.0017307495,0.001905917,0.001905917,1.0,0.0,0.017173318,0.01908996,0.019109577,1.0010277,2.0E-5
6.4,2.5148964E-5,2.7420487E-5,2.7420487E-5,1.0,0.0,1.0777682E-4,1.17514726E-4,1.17514726E-4,1.0,0.0,0.0013113929,0.0014304507,0.0014304507,1.0,0.0,0.01303681,0.014387194,0.014406906,1.0013701,2.0E-5
6.5,2.5148964E-5,2.7420487E-5,2.7420487E-5,1.0,0.0,1.0777682E-4,1.17514726E-4,1.17514726E-4,1.0,0.0,0.0013113929,0.0014304507,0.0014304507,1.0,0.0,0.01303681,0.014387194,0.014406906,1.0013701,2.0E-5
