Magnitude,1 wk TI Prob,1 wk TD Prob,1 wk ETAS Prob,1 wk ETAS/TD Gain,1 wk ETAS Triggered Only,1 mo TI Prob,1 mo TD Prob,1 mo ETAS Prob,1 mo ETAS/TD Gain,1 mo ETAS Triggered Only,1 yr TI Prob,1 yr TD Prob,1 yr ETAS Prob,1 yr ETAS/TD Gain,1 yr ETAS Triggered Only,10 yr TI Prob,10 yr TD Prob,10 yr ETAS Prob,10 yr ETAS/TD Gain,10 yr ETAS Triggered Only
6.0,1.9621975E-5,2.2097078E-5,0.0012134647,54.915165,0.0011913939,8.4091465E-5,9.4699084E-5,0.0017765077,18.759502,0.0016819679,0.0010233327,0.0011524865,0.0033225245,2.8829184,0.0021725418,0.01018633,0.011478408,0.013903122,1.2112414,0.00245287
6.1,1.9621975E-5,2.2097078E-5,0.0012134647,54.915165,0.0011913939,8.4091465E-5,9.4699084E-5,0.0017765077,18.759502,0.0016819679,0.0010233327,0.0011524865,0.0033225245,2.8829184,0.0021725418,0.01018633,0.011478408,0.013903122,1.2112414,0.00245287
6.2,9.9971285E-6,1.1255639E-5,5.719053E-4,50.810555,5.6065596E-4,4.2844134E-5,4.8237856E-5,6.789454E-4,14.074949,6.30738E-4,5.2150246E-4,5.871896E-4,0.0014977206,2.5506592,9.1106596E-4,0.0052028033,0.005861487,0.006976226,1.1901803,0.0011213119
6.3,9.589428E-6,1.0798346E-5,5.7144824E-4,52.91998,5.6065596E-4,4.10969E-5,4.62781E-5,6.769869E-4,14.628667,6.30738E-4,5.002399E-4,5.6334207E-4,0.0014738947,2.6163409,9.1106596E-4,0.0049911533,0.0056242296,0.0066695474,1.1858597,0.0010512299
6.4,9.589428E-6,1.0798346E-5,5.7144824E-4,52.91998,5.6065596E-4,4.10969E-5,4.62781E-5,6.769869E-4,14.628667,6.30738E-4,5.002399E-4,5.6334207E-4,0.0014738947,2.6163409,9.1106596E-4,0.0049911533,0.0056242296,0.0066695474,1.1858597,0.0010512299
6.5,5.557707E-6,6.2856016E-6,3.5669337E-4,56.747692,3.5040997E-4,2.3818526E-5,2.6938165E-5,3.773387E-4,14.007587,3.5040997E-4,2.8995197E-4,3.2794967E-4,9.584808E-4,2.9226458,6.30738E-4,0.0028957394,0.0032772934,0.004045669,1.2344543,7.7090197E-4
6.6,4.8742945E-6,5.5132896E-6,2.8583972E-4,51.845585,2.8032798E-4,2.0889667E-5,2.3628318E-5,3.0394967E-4,12.863788,2.8032798E-4,2.54302E-4,2.87663E-4,8.481577E-4,2.948442,5.6065596E-4,0.002540112,0.0028754752,0.00357428,1.2430223,7.0081995E-4
6.7,3.991108E-6,4.5159104E-6,2.8484262E-4,63.07535,2.8032798E-4,1.7104636E-5,1.9353902E-5,2.9967647E-4,15.484034,2.8032798E-4,2.0822904E-4,2.3563375E-4,7.9615763E-4,3.3787928,5.6065596E-4,0.0020803404,0.0023563374,0.0030555062,1.2967184,7.0081995E-4
