Magnitude,1 wk TI Prob,1 wk TD Prob,1 wk ETAS Prob,1 wk ETAS/TD Gain,1 wk ETAS Triggered Only,1 mo TI Prob,1 mo TD Prob,1 mo ETAS Prob,1 mo ETAS/TD Gain,1 mo ETAS Triggered Only,1 yr TI Prob,1 yr TD Prob,1 yr ETAS Prob,1 yr ETAS/TD Gain,1 yr ETAS Triggered Only,10 yr TI Prob,10 yr TD Prob,10 yr ETAS Prob,10 yr ETAS/TD Gain,10 yr ETAS Triggered Only
6.0,1.9621975E-5,2.2097078E-5,0.0012151983,54.993618,0.0011931276,8.4091465E-5,9.4699084E-5,0.0016853852,17.79727,0.0015908368,0.0010233327,0.0011524865,0.003218191,2.7923892,0.002068088,0.01018633,0.011478408,0.0137586435,1.1986544,0.0023067133
6.1,1.9621975E-5,2.2097078E-5,0.0012151983,54.993618,0.0011931276,8.4091465E-5,9.4699084E-5,0.0016853852,17.79727,0.0015908368,0.0010233327,0.0011524865,0.003218191,2.7923892,0.002068088,0.01018633,0.011478408,0.0137586435,1.1986544,0.0023067133
6.2,9.9971285E-6,1.1255639E-5,5.680422E-4,50.467346,5.567929E-4,4.2844134E-5,4.8237856E-5,6.845419E-4,14.190968,6.363347E-4,5.2150246E-4,5.871896E-4,0.0015411313,2.6245885,9.545021E-4,0.0052028033,0.005861487,0.0069685453,1.18887,0.0011135858
6.3,9.589428E-6,1.0798346E-5,5.6758523E-4,52.562237,5.567929E-4,4.10969E-5,4.62781E-5,6.8258337E-4,14.7495985,6.363347E-4,5.002399E-4,5.6334207E-4,0.0015173064,2.6934016,9.545021E-4,0.0049911533,0.0056242296,0.0066524576,1.1828212,0.001034044
6.4,9.589428E-6,1.0798346E-5,5.6758523E-4,52.562237,5.567929E-4,4.10969E-5,4.62781E-5,6.8258337E-4,14.7495985,6.363347E-4,5.002399E-4,5.6334207E-4,0.0015173064,2.6934016,9.545021E-4,0.0049911533,0.0056242296,0.0066524576,1.1828212,0.001034044
6.5,5.557707E-6,6.2856016E-6,3.2445096E-4,51.618126,3.1816735E-4,2.3818526E-5,2.6938165E-5,3.4509695E-4,12.810707,3.1816735E-4,2.8995197E-4,3.2794967E-4,9.6407573E-4,2.939706,6.363347E-4,0.0028957394,0.0032772934,0.003990824,1.2177194,7.158765E-4
6.6,4.8742945E-6,5.5132896E-6,2.441375E-4,44.281635,2.3862552E-4,2.0889667E-5,2.3628318E-5,2.6224818E-4,11.098894,2.3862552E-4,2.54302E-4,2.87663E-4,8.442957E-4,2.9350166,5.567929E-4,0.002540112,0.0028754752,0.0035099802,1.2206609,6.363347E-4
6.7,3.991108E-6,4.5159104E-6,2.4314036E-4,53.840828,2.3862552E-4,1.7104636E-5,1.9353902E-5,2.579748E-4,13.329344,2.3862552E-4,2.0822904E-4,2.3563375E-4,7.9229544E-4,3.3624022,5.567929E-4,0.0020803404,0.0023563374,0.0029911727,1.2694161,6.363347E-4
