Magnitude,1 wk TI Prob,1 wk TD Prob,1 wk ETAS Prob,1 wk ETAS/TD Gain,1 wk ETAS Triggered Only,1 mo TI Prob,1 mo TD Prob,1 mo ETAS Prob,1 mo ETAS/TD Gain,1 mo ETAS Triggered Only,1 yr TI Prob,1 yr TD Prob,1 yr ETAS Prob,1 yr ETAS/TD Gain,1 yr ETAS Triggered Only,10 yr TI Prob,10 yr TD Prob,10 yr ETAS Prob,10 yr ETAS/TD Gain,10 yr ETAS Triggered Only
6.0,3.5090034E-5,4.0364324E-5,0.001392521,34.498806,0.0013522112,1.503772E-4,1.7297994E-4,0.002161182,12.49383,0.001988546,0.0018293047,0.0021042528,0.0051998566,2.471118,0.0031021317,0.018143194,0.020869201,0.024373885,1.1679357,0.0035793828
6.1,3.5090034E-5,4.0364324E-5,0.001392521,34.498806,0.0013522112,1.503772E-4,1.7297994E-4,0.002161182,12.49383,0.001988546,0.0018293047,0.0021042528,0.0051998566,2.471118,0.0031021317,0.018143194,0.020869201,0.024373885,1.1679357,0.0035793828
6.2,1.841879E-5,2.1059794E-5,7.3692127E-4,34.991856,7.158765E-4,7.8935285E-5,9.0253714E-5,0.0011242043,12.456045,0.001034044,9.606133E-4,0.001098387,0.0028463854,2.591423,0.0017499204,0.0095647145,0.010939667,0.012906459,1.1797854,0.001988546
6.3,1.841879E-5,2.1059794E-5,7.3692127E-4,34.991856,7.158765E-4,7.8935285E-5,9.0253714E-5,0.0011242043,12.456045,0.001034044,9.606133E-4,0.001098387,0.0028463854,2.591423,0.0017499204,0.0095647145,0.010939667,0.012906459,1.1797854,0.001988546
6.4,1.712201E-5,1.9565212E-5,6.558875E-4,33.523148,6.363347E-4,7.337798E-5,8.3848776E-5,9.5873565E-4,11.434104,8.749602E-4,8.930107E-4,0.0010204813,0.0026096946,2.5573175,0.0015908368,0.008894307,0.010167871,0.0119787315,1.1780963,0.0018294622
6.5,1.4744935E-5,1.6836972E-5,6.5316097E-4,38.79326,6.363347E-4,6.3191044E-5,7.215698E-5,9.4705407E-4,13.124912,8.749602E-4,7.6907943E-4,8.7825063E-4,0.0023882182,2.71929,0.001511295,0.007664232,0.008756994,0.010491591,1.1980813,0.0017499204
6.6,1.2017839E-5,1.37240895E-5,5.705093E-4,41.569923,5.567929E-4,5.150401E-5,5.88167E-5,6.9511397E-4,11.81831,6.363347E-4,6.268809E-4,7.159466E-4,0.00190822,2.6653104,0.0011931276,0.0062511545,0.0071450938,0.008408669,1.1768453,0.0012726694
6.7,1.00956095E-5,1.1533517E-5,5.6832E-4,49.275517,5.567929E-4,4.326618E-5,4.942891E-5,6.857322E-4,13.873099,6.363347E-4,5.266384E-4,6.017178E-4,0.0017941274,2.9816759,0.0011931276,0.005253921,0.0060094125,0.007274434,1.2105067,0.0012726694
