Magnitude,1 wk TI Prob,1 wk TD Prob,1 wk ETAS Prob,1 wk ETAS/TD Gain,1 wk ETAS Triggered Only,1 mo TI Prob,1 mo TD Prob,1 mo ETAS Prob,1 mo ETAS/TD Gain,1 mo ETAS Triggered Only,1 yr TI Prob,1 yr TD Prob,1 yr ETAS Prob,1 yr ETAS/TD Gain,1 yr ETAS Triggered Only,10 yr TI Prob,10 yr TD Prob,10 yr ETAS Prob,10 yr ETAS/TD Gain,10 yr ETAS Triggered Only
6.0,1.9810619E-5,2.311252E-5,2.311252E-5,1.0,0.0,8.489989E-5,9.905276E-5,3.4207158E-4,3.453428,2.430429E-4,0.001033166,0.0012058079,0.0014485578,1.2013172,2.430429E-4,0.010283757,0.012042425,0.012282541,1.0199392,2.430429E-4
6.1,1.9810619E-5,2.311252E-5,2.311252E-5,1.0,0.0,8.489989E-5,9.905276E-5,3.4207158E-4,3.453428,2.430429E-4,0.001033166,0.0012058079,0.0014485578,1.2013172,2.430429E-4,0.010283757,0.012042425,0.012282541,1.0199392,2.430429E-4
6.2,1.9810619E-5,2.311252E-5,2.311252E-5,1.0,0.0,8.489989E-5,9.905276E-5,3.4207158E-4,3.453428,2.430429E-4,0.001033166,0.0012058079,0.0014485578,1.2013172,2.430429E-4,0.010283757,0.012042425,0.012282541,1.0199392,2.430429E-4
6.3,1.9810619E-5,2.311252E-5,2.311252E-5,1.0,0.0,8.489989E-5,9.905276E-5,3.4207158E-4,3.453428,2.430429E-4,0.001033166,0.0012058079,0.0014485578,1.2013172,2.430429E-4,0.010283757,0.012042425,0.012282541,1.0199392,2.430429E-4
6.4,1.9810619E-5,2.311252E-5,2.311252E-5,1.0,0.0,8.489989E-5,9.905276E-5,3.4207158E-4,3.453428,2.430429E-4,0.001033166,0.0012058079,0.0014485578,1.2013172,2.430429E-4,0.010283757,0.012042425,0.012282541,1.0199392,2.430429E-4
6.5,1.7190405E-5,2.0050555E-5,2.0050555E-5,1.0,0.0,7.367108E-5,8.593095E-5,3.2895297E-4,3.828108,2.430429E-4,8.9657627E-4,0.0010462094,0.0012889979,1.2320651,2.430429E-4,0.008929676,0.010462056,0.010702556,1.0229878,2.430429E-4
6.6,1.7190405E-5,2.0050555E-5,2.0050555E-5,1.0,0.0,7.367108E-5,8.593095E-5,3.2895297E-4,3.828108,2.430429E-4,8.9657627E-4,0.0010462094,0.0012889979,1.2320651,2.430429E-4,0.008929676,0.010462056,0.010702556,1.0229878,2.430429E-4
