Magnitude,1 wk TI Prob,1 wk TD Prob,1 wk ETAS Prob,1 wk ETAS/TD Gain,1 wk ETAS Triggered Only,1 mo TI Prob,1 mo TD Prob,1 mo ETAS Prob,1 mo ETAS/TD Gain,1 mo ETAS Triggered Only,1 yr TI Prob,1 yr TD Prob,1 yr ETAS Prob,1 yr ETAS/TD Gain,1 yr ETAS Triggered Only,10 yr TI Prob,10 yr TD Prob,10 yr ETAS Prob,10 yr ETAS/TD Gain,10 yr ETAS Triggered Only
6.0,6.222801E-6,6.439381E-6,4.6439123E-5,7.211737,4.0E-5,2.6668875E-5,2.7597147E-5,7.759577E-5,2.8117316,5.0E-5,3.2464517E-4,3.3595937E-4,3.9593922E-4,1.1785331,6.0E-5,0.0032417132,0.0033560768,0.0034158754,1.017818,6.0E-5
6.1,6.222801E-6,6.439381E-6,4.6439123E-5,7.211737,4.0E-5,2.6668875E-5,2.7597147E-5,7.759577E-5,2.8117316,5.0E-5,3.2464517E-4,3.3595937E-4,3.9593922E-4,1.1785331,6.0E-5,0.0032417132,0.0033560768,0.0034158754,1.017818,6.0E-5
6.2,6.222801E-6,6.439381E-6,4.6439123E-5,7.211737,4.0E-5,2.6668875E-5,2.7597147E-5,7.759577E-5,2.8117316,5.0E-5,3.2464517E-4,3.3595937E-4,3.9593922E-4,1.1785331,6.0E-5,0.0032417132,0.0033560768,0.0034158754,1.017818,6.0E-5
6.3,6.222801E-6,6.439381E-6,4.6439123E-5,7.211737,4.0E-5,2.6668875E-5,2.7597147E-5,7.759577E-5,2.8117316,5.0E-5,3.2464517E-4,3.3595937E-4,3.9593922E-4,1.1785331,6.0E-5,0.0032417132,0.0033560768,0.0034158754,1.017818,6.0E-5
6.4,6.222801E-6,6.439381E-6,4.6439123E-5,7.211737,4.0E-5,2.6668875E-5,2.7597147E-5,7.759577E-5,2.8117316,5.0E-5,3.2464517E-4,3.3595937E-4,3.9593922E-4,1.1785331,6.0E-5,0.0032417132,0.0033560768,0.0034158754,1.017818,6.0E-5
6.5,2.8528623E-6,2.9521684E-6,3.295208E-5,11.161992,3.0E-5,1.22264955E-5,1.2652138E-5,5.265163E-5,4.161481,4.0E-5,1.4884741E-4,1.540376E-4,1.9403143E-4,1.2596369,4.0E-5,0.0014874774,0.0015401616,0.0015801,1.0259314,4.0E-5
6.6,2.8528623E-6,2.9521684E-6,3.295208E-5,11.161992,3.0E-5,1.22264955E-5,1.2652138E-5,5.265163E-5,4.161481,4.0E-5,1.4884741E-4,1.540376E-4,1.9403143E-4,1.2596369,4.0E-5,0.0014874774,0.0015401616,0.0015801,1.0259314,4.0E-5
6.7,2.541E-6,2.6293578E-6,1.2629332E-5,4.8032,1.0E-5,1.0889954E-5,1.1268677E-5,3.126845E-5,2.7748113,2.0E-5,1.3257713E-4,1.3719614E-4,1.571934E-4,1.1457567,2.0E-5,0.0013249806,0.0013719613,0.0013919339,1.0145577,2.0E-5
