Magnitude,1 wk TI Prob,1 wk TD Prob,1 wk ETAS Prob,1 wk ETAS/TD Gain,1 wk ETAS Triggered Only,1 mo TI Prob,1 mo TD Prob,1 mo ETAS Prob,1 mo ETAS/TD Gain,1 mo ETAS Triggered Only,1 yr TI Prob,1 yr TD Prob,1 yr ETAS Prob,1 yr ETAS/TD Gain,1 yr ETAS Triggered Only,10 yr TI Prob,10 yr TD Prob,10 yr ETAS Prob,10 yr ETAS/TD Gain,10 yr ETAS Triggered Only
6.0,1.6760017E-5,1.8776833E-5,0.0010699871,56.98443,0.0010512299,7.182667E-5,8.0470316E-5,0.0014819974,18.416697,0.0014016399,8.7413884E-4,9.794032E-4,0.0025897103,2.644172,0.001611886,0.008707083,0.009762413,0.011497359,1.1777169,0.0017520499
6.1,9.852767E-6,1.09735865E-5,7.1178586E-4,64.863556,7.0081995E-4,4.222546E-5,4.702921E-5,0.0010982098,23.35165,0.0010512299,5.139737E-4,5.7250116E-4,0.0016231292,2.8351545,0.0010512299,0.005127866,0.005717221,0.006901804,1.2071955,0.0011913939
6.2,9.852767E-6,1.09735865E-5,7.1178586E-4,64.863556,7.0081995E-4,4.222546E-5,4.702921E-5,0.0010982098,23.35165,0.0010512299,5.139737E-4,5.7250116E-4,0.0016231292,2.8351545,0.0010512299,0.005127866,0.005717221,0.006901804,1.2071955,0.0011913939
6.3,4.3167724E-6,4.7780286E-6,2.1502301E-4,45.002453,2.1024598E-4,1.8500323E-5,2.0477235E-5,3.0079947E-4,14.689458,2.8032798E-4,2.2521814E-4,2.4930484E-4,5.2956294E-4,2.1241584,2.8032798E-4,0.0022499003,0.00249251,0.0028420466,1.1402348,3.5040997E-4
6.4,4.3167724E-6,4.7780286E-6,2.1502301E-4,45.002453,2.1024598E-4,1.8500323E-5,2.0477235E-5,3.0079947E-4,14.689458,2.8032798E-4,2.2521814E-4,2.4930484E-4,5.2956294E-4,2.1241584,2.8032798E-4,0.0022499003,0.00249251,0.0028420466,1.1402348,3.5040997E-4
6.5,4.3167724E-6,4.7780286E-6,2.1502301E-4,45.002453,2.1024598E-4,1.8500323E-5,2.0477235E-5,3.0079947E-4,14.689458,2.8032798E-4,2.2521814E-4,2.4930484E-4,5.2956294E-4,2.1241584,2.8032798E-4,0.0022499003,0.00249251,0.0028420466,1.1402348,3.5040997E-4
6.6,4.301311E-6,4.760897E-6,2.1500589E-4,45.160793,2.1024598E-4,1.8434059E-5,2.0403815E-5,3.0072607E-4,14.738718,2.8032798E-4,2.2441156E-4,2.4841115E-4,5.286695E-4,2.1282036,2.8032798E-4,0.0022418506,0.002483593,0.0028331329,1.1407396,3.5040997E-4
6.7,3.8599724E-6,4.27106E-6,1.4443445E-4,33.817005,1.4016399E-4,1.6542634E-5,1.8304541E-5,1.5846596E-4,8.657194,1.4016399E-4,2.0138794E-4,2.228578E-4,3.6299057E-4,1.628799,1.4016399E-4,0.0020120554,0.002228578,0.0023684297,1.0627538,1.4016399E-4
