Magnitude,UCERF3-TI Prob,UCERF3-TD Prob,UCERF3-ETAS Prob
6.0,0.27615035,0.2854939,0.125
6.1,0.27615035,0.2854939,0.125
6.2,0.27615035,0.2854939,0.125
6.3,0.27615035,0.2854939,0.125
6.4,0.27615035,0.2854939,0.125
6.5,0.16675177,0.17039835,0.077
6.6,0.16675177,0.17039835,0.077
6.7,0.13315807,0.1360586,0.068
6.8,0.09898019,0.10115399,0.048
6.9,0.07424423,0.07595335,0.031
7.0,0.037275415,0.038144555,0.015
7.1,0.01808444,0.018565644,0.005
