Magnitude,UCERF3-TI Prob,UCERF3-TD Prob,UCERF3-ETAS Prob
6.0,0.5996796,0.63132524,0.52
6.1,0.5996796,0.63132524,0.52
6.2,0.38154912,0.40490973,0.325
6.3,0.38154912,0.40490973,0.325
6.4,0.36026728,0.38382944,0.314
6.5,0.3193368,0.34250838,0.283
6.6,0.26914394,0.2921078,0.242
6.7,0.23155676,0.25457945,0.201
