Magnitude,UCERF3-TI Prob,UCERF3-TD Prob,UCERF3-ETAS Prob
6.0,0.66460174,0.7028373,0.478
6.1,0.66460174,0.7028373,0.478
6.2,0.36411613,0.3947691,0.224
6.3,0.36411613,0.3947691,0.224
6.4,0.30650038,0.34264013,0.182
