Magnitude,UCERF3-TI Prob,UCERF3-TD Prob,UCERF3-ETAS Prob
6.0,0.5390878,0.5561087,0.485
6.1,0.5390878,0.5561087,0.413
6.2,0.39452472,0.40561563,0.302
6.3,0.29222164,0.30003324,0.206
6.4,0.18452431,0.18948086,0.123
6.5,0.12931353,0.13290825,0.098
6.6,0.08965436,0.09228206,0.061
6.7,0.064025715,0.06602371,0.044
6.8,0.031115005,0.032192554,0.022
