Magnitude,UCERF3-TI Prob,UCERF3-TD Prob,UCERF3-ETAS Prob
6.0,0.48487183,0.50712395,0.243
6.1,0.48487183,0.50712395,0.243
6.2,0.48487183,0.50712395,0.243
6.3,0.48487183,0.50712395,0.243
6.4,0.2652208,0.27304628,0.119
6.5,0.2652208,0.27304628,0.119
6.6,0.21629946,0.22291997,0.094
6.7,0.1683573,0.17371738,0.071
6.8,0.1178587,0.12178251,0.054
6.9,0.085272916,0.08838593,0.042
7.0,0.06380569,0.066395484,0.03
