Magnitude,UCERF3-TI Prob,UCERF3-TD Prob,UCERF3-ETAS Prob
6.0,0.41180977,0.50157887,0.252
6.1,0.41180977,0.50157887,0.252
6.2,0.41180977,0.50157887,0.252
6.3,0.41180977,0.50157887,0.252
6.4,0.36651555,0.46197835,0.229
6.5,0.36651555,0.46197835,0.229
