Magnitude,1 wk TI Prob,1 wk TD Prob,1 wk ETAS Prob,1 wk ETAS/TD Gain,1 wk ETAS Triggered+TD,1 wk ETAS Triggered Only,1 mo TI Prob,1 mo TD Prob,1 mo ETAS Prob,1 mo ETAS/TD Gain,1 mo ETAS Triggered+TD,1 mo ETAS Triggered Only,1 yr TI Prob,1 yr TD Prob,1 yr ETAS Prob,1 yr ETAS/TD Gain,1 yr ETAS Triggered+TD,1 yr ETAS Triggered Only,10 yr TI Prob,10 yr TD Prob,10 yr ETAS Prob,10 yr ETAS/TD Gain,10 yr ETAS Triggered+TD,10 yr ETAS Triggered Only
6.0,9.102099E-5,8.916474E-5,0.0,0.0,8.916474E-5,0.0,3.9003167E-4,3.82064E-4,0.0,0.0,3.82064E-4,0.0,0.0047383,0.004642422,5.4495916E-4,0.117386825,0.0051848507,5.4495916E-4,0.046385348,0.045659773,5.4495916E-4,0.011935214,0.04617985,5.4495916E-4
6.1,3.8306698E-5,4.1321364E-5,0.0,0.0,4.1321364E-5,0.0,1.6416123E-4,1.7708354E-4,0.0,0.0,1.7708354E-4,0.0,0.0019968306,0.0021543251,5.4495916E-4,0.25296047,0.0026981104,5.4495916E-4,0.019789828,0.021515239,5.4495916E-4,0.025328983,0.022048473,5.4495916E-4
6.2,3.8306698E-5,4.1321364E-5,0.0,0.0,4.1321364E-5,0.0,1.6416123E-4,1.7708354E-4,0.0,0.0,1.7708354E-4,0.0,0.0019968306,0.0021543251,5.4495916E-4,0.25296047,0.0026981104,5.4495916E-4,0.019789828,0.021515239,5.4495916E-4,0.025328983,0.022048473,5.4495916E-4
6.3,3.3197924E-5,3.6413116E-5,0.0,0.0,3.6413116E-5,0.0,1.4226905E-4,1.5605082E-4,0.0,0.0,1.5605082E-4,0.0,0.0017307495,0.0018988051,5.4495916E-4,0.28700107,0.0024427294,5.4495916E-4,0.017173318,0.018994208,5.4495916E-4,0.028690806,0.019528816,5.4495916E-4
6.4,2.5148964E-5,2.7331169E-5,0.0,0.0,2.7331169E-5,0.0,1.0777682E-4,1.1713195E-4,0.0,0.0,1.1713195E-4,0.0,0.0013113929,0.0014257922,5.4495916E-4,0.38221496,0.0019699743,5.4495916E-4,0.01303681,0.014326015,5.4495916E-4,0.03803983,0.014863166,5.4495916E-4
6.5,2.5148964E-5,2.7331169E-5,0.0,0.0,2.7331169E-5,0.0,1.0777682E-4,1.1713195E-4,0.0,0.0,1.1713195E-4,0.0,0.0013113929,0.0014257922,5.4495916E-4,0.38221496,0.0019699743,5.4495916E-4,0.01303681,0.014326015,5.4495916E-4,0.03803983,0.014863166,5.4495916E-4
