Magnitude,1 wk TI Prob,1 wk TD Prob,1 wk ETAS Prob,1 wk ETAS/TD Gain,1 wk ETAS Triggered+TD,1 wk ETAS Triggered Only,1 mo TI Prob,1 mo TD Prob,1 mo ETAS Prob,1 mo ETAS/TD Gain,1 mo ETAS Triggered+TD,1 mo ETAS Triggered Only,1 yr TI Prob,1 yr TD Prob,1 yr ETAS Prob,1 yr ETAS/TD Gain,1 yr ETAS Triggered+TD,1 yr ETAS Triggered Only,10 yr TI Prob,10 yr TD Prob,10 yr ETAS Prob,10 yr ETAS/TD Gain,10 yr ETAS Triggered+TD,10 yr ETAS Triggered Only
6.0,8.258278E-6,8.548098E-6,0.0,0.0,8.548098E-6,0.0,3.539214E-5,3.6634294E-5,1.0E-4,2.729683,1.3663062E-4,1.0E-4,4.308141E-4,4.459491E-4,2.0E-4,0.44848168,6.458599E-4,2.0E-4,0.0042997985,0.0044522984,0.004,0.8984124,0.0056469557,0.0012
6.1,3.649988E-6,3.773963E-6,0.0,0.0,3.773963E-6,0.0,1.5642712E-5,1.6174054E-5,0.0,0.0,1.6174054E-5,0.0,1.9043336E-4,1.9690607E-4,0.0,0.0,1.9690607E-4,0.0,0.0019027026,0.001967783,0.0018,0.914735,0.002466799,5.0E-4
6.2,3.649988E-6,3.773963E-6,0.0,0.0,3.773963E-6,0.0,1.5642712E-5,1.6174054E-5,0.0,0.0,1.6174054E-5,0.0,1.9043336E-4,1.9690607E-4,0.0,0.0,1.9690607E-4,0.0,0.0019027026,0.001967783,0.0018,0.914735,0.002466799,5.0E-4
6.3,1.3924937E-6,1.4405914E-6,0.0,0.0,1.4405914E-6,0.0,5.9678164E-6,6.1739565E-6,0.0,0.0,6.1739565E-6,0.0,7.265574E-5,7.516674E-5,0.0,0.0,7.516674E-5,0.0,7.263199E-4,7.515518E-4,5.0E-4,0.6652901,7.515518E-4,0.0
6.4,1.3924937E-6,1.4405914E-6,0.0,0.0,1.4405914E-6,0.0,5.9678164E-6,6.1739565E-6,0.0,0.0,6.1739565E-6,0.0,7.265574E-5,7.516674E-5,0.0,0.0,7.516674E-5,0.0,7.263199E-4,7.515518E-4,5.0E-4,0.6652901,7.515518E-4,0.0
6.5,9.876812E-7,1.0218184E-6,0.0,0.0,1.0218184E-6,0.0,4.2329125E-6,4.379222E-6,0.0,0.0,4.379222E-6,0.0,5.153449E-5,5.3317024E-5,0.0,0.0,5.3317024E-5,0.0,5.1522546E-4,5.3317024E-4,3.0E-4,0.5626721,5.3317024E-4,0.0
