Magnitude,1 wk TI Prob,1 wk TD Prob,1 wk ETAS Prob,1 wk ETAS/TD Gain,1 wk ETAS Triggered Only,1 mo TI Prob,1 mo TD Prob,1 mo ETAS Prob,1 mo ETAS/TD Gain,1 mo ETAS Triggered Only,1 yr TI Prob,1 yr TD Prob,1 yr ETAS Prob,1 yr ETAS/TD Gain,1 yr ETAS Triggered Only,10 yr TI Prob,10 yr TD Prob,10 yr ETAS Prob,10 yr ETAS/TD Gain,10 yr ETAS Triggered Only
6.0,2.196852E-5,2.360472E-5,2.360472E-5,1.0,0.0,9.4147406E-5,1.0115966E-4,1.0115966E-4,1.0,0.0,0.0011456419,0.0012310119,0.0012409997,1.0081134,1.0E-5,0.011397537,0.01225079,0.012260667,1.0008063,1.0E-5
6.1,9.992795E-6,1.0711992E-5,1.0711992E-5,1.0,0.0,4.2825563E-5,4.5907833E-5,4.5907833E-5,1.0,0.0,5.2127644E-4,5.5880286E-4,5.5880286E-4,1.0,0.0,0.0052005537,0.0055757877,0.0055757877,1.0,0.0
6.2,9.992795E-6,1.0711992E-5,1.0711992E-5,1.0,0.0,4.2825563E-5,4.5907833E-5,4.5907833E-5,1.0,0.0,5.2127644E-4,5.5880286E-4,5.5880286E-4,1.0,0.0,0.0052005537,0.0055757877,0.0055757877,1.0,0.0
6.3,4.6127884E-6,4.942704E-6,4.942704E-6,1.0,0.0,1.9768944E-5,2.118287E-5,2.118287E-5,1.0,0.0,2.406603E-4,2.5787536E-4,2.5787536E-4,1.0,0.0,0.0024039985,0.0025761996,0.0025761996,1.0,0.0
6.4,4.6127884E-6,4.942704E-6,4.942704E-6,1.0,0.0,1.9768944E-5,2.118287E-5,2.118287E-5,1.0,0.0,2.406603E-4,2.5787536E-4,2.5787536E-4,1.0,0.0,0.0024039985,0.0025761996,0.0025761996,1.0,0.0
6.5,2.716712E-6,2.911139E-6,2.911139E-6,1.0,0.0,1.1643E-5,1.2476264E-5,1.2476264E-5,1.0,0.0,1.417443E-4,1.5189036E-4,1.5189036E-4,1.0,0.0,0.0014165393,0.0015181034,0.0015181034,1.0,0.0
6.6,1.3818255E-6,1.4820831E-6,1.4820831E-6,1.0,0.0,5.922096E-6,6.3517764E-6,6.3517764E-6,1.0,0.0,7.209913E-5,7.7331366E-5,7.7331366E-5,1.0,0.0,7.2075747E-4,7.731655E-4,7.731655E-4,1.0,0.0
