Magnitude,UCERF3-TI Prob,UCERF3-TD Prob,UCERF3-ETAS Prob
6.0,0.781003,0.75785154,0.787
6.1,0.781003,0.75785154,0.787
6.2,0.781003,0.75785154,0.787
6.3,0.781003,0.75785154,0.787
6.4,0.72994804,0.71741533,0.739
6.5,0.72994804,0.71741533,0.739
6.6,0.6980793,0.69293123,0.7
6.7,0.6408199,0.6487098,0.621
6.8,0.5540666,0.57675076,0.49
6.9,0.46678874,0.50292975,0.386
7.0,0.3853411,0.42988572,0.299
7.1,0.23083489,0.27630028,0.176
7.2,3.4142533E-4,3.432419E-4,0.0
