Magnitude,1 wk TI Prob,1 wk TD Prob,1 wk ETAS Prob,1 wk ETAS/TD Gain,1 wk ETAS Triggered Only,1 mo TI Prob,1 mo TD Prob,1 mo ETAS Prob,1 mo ETAS/TD Gain,1 mo ETAS Triggered Only,1 yr TI Prob,1 yr TD Prob,1 yr ETAS Prob,1 yr ETAS/TD Gain,1 yr ETAS Triggered Only,10 yr TI Prob,10 yr TD Prob,10 yr ETAS Prob,10 yr ETAS/TD Gain,10 yr ETAS Triggered Only
6.0,1.9621975E-5,2.2099668E-5,2.2099668E-5,1.0,0.0,8.4091465E-5,9.471019E-5,9.471019E-5,1.0,0.0,0.0010233327,0.0011526216,0.0013876169,1.203879,2.3526645E-4,0.01018633,0.0114797475,0.012293727,1.0709057,8.234325E-4
6.1,1.9621975E-5,2.2099668E-5,2.2099668E-5,1.0,0.0,8.4091465E-5,9.471019E-5,9.471019E-5,1.0,0.0,0.0010233327,0.0011526216,0.0013876169,1.203879,2.3526645E-4,0.01018633,0.0114797475,0.012293727,1.0709057,8.234325E-4
6.2,9.9971285E-6,1.1256955E-5,1.1256955E-5,1.0,0.0,4.2844134E-5,4.8243495E-5,4.8243495E-5,1.0,0.0,5.2150246E-4,5.872583E-4,8.223866E-4,1.4003831,2.3526645E-4,0.0052028033,0.0058621704,0.0064468887,1.0997443,5.881661E-4
6.3,9.589428E-6,1.079961E-5,1.079961E-5,1.0,0.0,4.10969E-5,4.6283516E-5,4.6283516E-5,1.0,0.0,5.002399E-4,5.6340796E-4,7.985419E-4,1.4173422,2.3526645E-4,0.0049911533,0.005624887,0.0062097446,1.1039768,5.881661E-4
6.4,9.589428E-6,1.079961E-5,1.079961E-5,1.0,0.0,4.10969E-5,4.6283516E-5,4.6283516E-5,1.0,0.0,5.002399E-4,5.6340796E-4,7.985419E-4,1.4173422,2.3526645E-4,0.0049911533,0.005624887,0.0062097446,1.1039768,5.881661E-4
6.5,5.557707E-6,6.286366E-6,6.286366E-6,1.0,0.0,2.3818526E-5,2.6941441E-5,2.6941441E-5,1.0,0.0,2.8995197E-4,3.2798958E-4,5.6317885E-4,1.7170633,2.3526645E-4,0.0028957394,0.0032776915,0.0037466823,1.1430856,4.705329E-4
6.6,4.8742945E-6,5.513961E-6,5.513961E-6,1.0,0.0,2.0889667E-5,2.3631193E-5,2.3631193E-5,1.0,0.0,2.54302E-4,2.87698E-4,5.2289676E-4,1.8175195,2.3526645E-4,0.002540112,0.002875825,0.0033450047,1.1631461,4.705329E-4
6.7,3.991108E-6,4.5164616E-6,4.5164616E-6,1.0,0.0,1.7104636E-5,1.9356265E-5,1.9356265E-5,1.0,0.0,2.0822904E-4,2.3566252E-4,3.5326803E-4,1.499042,1.1763322E-4,0.0020803404,0.0023566252,0.0027086933,1.149395,3.5289966E-4
