Magnitude,1 wk TI Prob,1 wk TD Prob,1 wk ETAS Prob,1 wk ETAS/TD Gain,1 wk ETAS Triggered Only,1 mo TI Prob,1 mo TD Prob,1 mo ETAS Prob,1 mo ETAS/TD Gain,1 mo ETAS Triggered Only,1 yr TI Prob,1 yr TD Prob,1 yr ETAS Prob,1 yr ETAS/TD Gain,1 yr ETAS Triggered Only,10 yr TI Prob,10 yr TD Prob,10 yr ETAS Prob,10 yr ETAS/TD Gain,10 yr ETAS Triggered Only
6.0,3.5090034E-5,4.0369956E-5,6.0369148E-5,1.4953979,2.0E-5,1.503772E-4,1.7300407E-4,2.7298677E-4,1.5779212,1.0E-4,0.0018293047,0.002104547,0.0026434106,1.2560472,5.4E-4,0.018143194,0.020872094,0.022321202,1.0694281,0.00148
6.1,3.5090034E-5,4.0369956E-5,6.0369148E-5,1.4953979,2.0E-5,1.503772E-4,1.7300407E-4,2.7298677E-4,1.5779212,1.0E-4,0.0018293047,0.002104547,0.0026434106,1.2560472,5.4E-4,0.018143194,0.020872094,0.022321202,1.0694281,0.00148
6.2,1.841879E-5,2.1062599E-5,2.1062599E-5,1.0,0.0,7.8935285E-5,9.026573E-5,1.2026302E-4,1.332322,3.0E-5,9.606133E-4,0.0010985333,0.0014081927,1.2818844,3.1E-4,0.0095647145,0.010941118,0.011762037,1.0750306,8.3E-4
6.3,1.841879E-5,2.1062599E-5,2.1062599E-5,1.0,0.0,7.8935285E-5,9.026573E-5,1.2026302E-4,1.332322,3.0E-5,9.606133E-4,0.0010985333,0.0014081927,1.2818844,3.1E-4,0.0095647145,0.010941118,0.011762037,1.0750306,8.3E-4
6.4,1.712201E-5,1.9567804E-5,1.9567804E-5,1.0,0.0,7.337798E-5,8.385989E-5,1.1385738E-4,1.3577095,3.0E-5,8.930107E-4,0.0010206165,0.0013303001,1.3034279,3.1E-4,0.008894307,0.010169214,0.010980874,1.0798155,8.2E-4
6.5,1.4744935E-5,1.683919E-5,1.683919E-5,1.0,0.0,6.3191044E-5,7.216649E-5,1.02164326E-4,1.4156754,3.0E-5,7.6907943E-4,8.7836635E-4,0.0011681117,1.3298683,2.9E-4,0.007664232,0.008758145,0.0095214015,1.0871482,7.7E-4
6.6,1.2017839E-5,1.3725899E-5,1.3725899E-5,1.0,0.0,5.150401E-5,5.8824455E-5,6.8823865E-5,1.1699873,1.0E-5,6.268809E-4,7.16041E-4,9.358835E-4,1.307025,2.2E-4,0.0062511545,0.007146034,0.0077814604,1.0889201,6.4E-4
6.7,1.00956095E-5,1.1535042E-5,1.1535042E-5,1.0,0.0,4.326618E-5,4.943545E-5,5.9434955E-5,1.202274,1.0E-5,5.266384E-4,6.0179736E-4,7.9168304E-4,1.3155309,1.9E-4,0.005253921,0.0060102064,0.0065767807,1.0942687,5.7E-4
