Magnitude,1 wk TI Prob,1 wk TD Prob,1 wk ETAS Prob,1 wk ETAS/TD Gain,1 wk ETAS Triggered Only,1 mo TI Prob,1 mo TD Prob,1 mo ETAS Prob,1 mo ETAS/TD Gain,1 mo ETAS Triggered Only,1 yr TI Prob,1 yr TD Prob,1 yr ETAS Prob,1 yr ETAS/TD Gain,1 yr ETAS Triggered Only,10 yr TI Prob,10 yr TD Prob,10 yr ETAS Prob,10 yr ETAS/TD Gain,10 yr ETAS Triggered Only
6.0,3.5090034E-5,4.0369963E-5,4.0369963E-5,1.0,0.0,1.503772E-4,1.7300405E-4,2.4347396E-4,1.407331,7.04821E-5,0.0018293047,0.0021045462,0.0025617157,1.2172295,4.5813364E-4,0.018143194,0.02087209,0.022183299,1.0628211,0.0013391599
6.1,3.5090034E-5,4.0369963E-5,4.0369963E-5,1.0,0.0,1.503772E-4,1.7300405E-4,2.4347396E-4,1.407331,7.04821E-5,0.0018293047,0.0021045462,0.0025617157,1.2172295,4.5813364E-4,0.018143194,0.02087209,0.022183299,1.0628211,0.0013391599
6.2,1.841879E-5,2.1062599E-5,2.1062599E-5,1.0,0.0,7.8935285E-5,9.0265734E-5,1.255036E-4,1.3903792,3.524105E-5,9.606133E-4,0.0010985332,0.0013801518,1.2563589,2.819284E-4,0.0095647145,0.010941117,0.011638227,1.0637146,7.0482097E-4
6.3,1.841879E-5,2.1062599E-5,2.1062599E-5,1.0,0.0,7.8935285E-5,9.0265734E-5,1.255036E-4,1.3903792,3.524105E-5,9.606133E-4,0.0010985332,0.0013801518,1.2563589,2.819284E-4,0.0095647145,0.010941117,0.011638227,1.0637146,7.0482097E-4
6.4,1.712201E-5,1.9567804E-5,1.9567804E-5,1.0,0.0,7.337798E-5,8.385989E-5,1.1909799E-4,1.420202,3.524105E-5,8.930107E-4,0.0010206165,0.0013022572,1.2759515,2.819284E-4,0.008894307,0.010169213,0.010831984,1.0651742,6.6957995E-4
6.5,1.4744935E-5,1.683919E-5,1.683919E-5,1.0,0.0,6.3191044E-5,7.216649E-5,1.07404994E-4,1.4882946,3.524105E-5,7.6907943E-4,8.7836635E-4,0.0011600471,1.320687,2.819284E-4,0.007664232,0.008758144,0.009386928,1.0717942,6.343389E-4
6.6,1.2017839E-5,1.3725899E-5,1.3725899E-5,1.0,0.0,5.150401E-5,5.8824455E-5,5.8824455E-5,1.0,0.0,6.268809E-4,7.16041E-4,9.273359E-4,1.2950877,2.114463E-4,0.0062511545,0.007146034,0.007670872,1.0734447,5.286157E-4
6.7,1.00956095E-5,1.1535042E-5,1.1535042E-5,1.0,0.0,4.326618E-5,4.943545E-5,4.943545E-5,1.0,0.0,5.266384E-4,6.0179736E-4,7.778966E-4,1.2926221,1.7620524E-4,0.005253921,0.0060102064,0.0064655864,1.0757678,4.5813364E-4
