Magnitude,1 wk TI Prob,1 wk TD Prob,1 wk ETAS Prob,1 wk ETAS/TD Gain,1 wk ETAS Triggered Only,1 mo TI Prob,1 mo TD Prob,1 mo ETAS Prob,1 mo ETAS/TD Gain,1 mo ETAS Triggered Only,1 yr TI Prob,1 yr TD Prob,1 yr ETAS Prob,1 yr ETAS/TD Gain,1 yr ETAS Triggered Only,10 yr TI Prob,10 yr TD Prob,10 yr ETAS Prob,10 yr ETAS/TD Gain,10 yr ETAS Triggered Only
6.0,1.980352E-5,2.1708682E-5,2.1708682E-5,1.0,0.0,8.486947E-5,9.30343E-5,9.30343E-5,1.0,0.0,0.0010327959,0.001132176,0.0012511645,1.105097,1.1912325E-4,0.010280091,0.011271259,0.01150682,1.0208993,2.382465E-4
6.1,1.980352E-5,2.1708682E-5,2.1708682E-5,1.0,0.0,8.486947E-5,9.30343E-5,9.30343E-5,1.0,0.0,0.0010327959,0.001132176,0.0012511645,1.105097,1.1912325E-4,0.010280091,0.011271259,0.01150682,1.0208993,2.382465E-4
6.2,1.980352E-5,2.1708682E-5,2.1708682E-5,1.0,0.0,8.486947E-5,9.30343E-5,9.30343E-5,1.0,0.0,0.0010327959,0.001132176,0.0012511645,1.105097,1.1912325E-4,0.010280091,0.011271259,0.01150682,1.0208993,2.382465E-4
6.3,1.5344787E-5,1.6822172E-5,1.6822172E-5,1.0,0.0,6.576172E-5,7.2093375E-5,7.2093375E-5,1.0,0.0,8.003548E-4,8.7744463E-4,9.964634E-4,1.1356424,1.1912325E-4,0.007974784,0.008745847,0.00898201,1.0270028,2.382465E-4
6.4,1.5344787E-5,1.6822172E-5,1.6822172E-5,1.0,0.0,6.576172E-5,7.2093375E-5,7.2093375E-5,1.0,0.0,8.003548E-4,8.7744463E-4,9.964634E-4,1.1356424,1.1912325E-4,0.007974784,0.008745847,0.00898201,1.0270028,2.382465E-4
6.5,1.4189697E-5,1.555938E-5,1.555938E-5,1.0,0.0,6.081157E-5,6.668169E-5,6.668169E-5,1.0,0.0,7.401293E-4,8.116075E-4,9.306341E-4,1.1466553,1.1912325E-4,0.0073766913,0.008092378,0.008328697,1.0292026,2.382465E-4
6.6,1.3469301E-5,1.4772904E-5,1.4772904E-5,1.0,0.0,5.7724297E-5,6.331125E-5,6.331125E-5,1.0,0.0,7.025667E-4,7.706018E-4,8.8963326E-4,1.1544656,1.1912325E-4,0.0070034964,0.007685202,0.0079216175,1.0307624,2.382465E-4
6.7,1.3027966E-5,1.4283021E-5,1.4283021E-5,1.0,0.0,5.5832945E-5,6.121185E-5,6.121185E-5,1.0,0.0,6.7955407E-4,7.450592E-4,8.640937E-4,1.1597651,1.1912325E-4,0.006774798,0.0074314913,0.007667967,1.0318208,2.382465E-4
6.8,5.695434E-6,6.2249546E-6,6.2249546E-6,1.0,0.0,2.4408775E-5,2.6678274E-5,2.6678274E-5,1.0,0.0,2.971363E-4,3.2478955E-4,3.644844E-4,1.1222172,3.970775E-5,0.0029673933,0.0032460901,0.003325248,1.0243856,7.94155E-5
6.9,4.385688E-6,4.7934686E-6,4.7934686E-6,1.0,0.0,1.879567E-5,2.0543437E-5,2.0543437E-5,1.0,0.0,2.2881327E-4,2.5011634E-4,2.8981417E-4,1.1587174,3.970775E-5,0.002285778,0.0025011634,0.0025803803,1.031672,7.94155E-5
