Magnitude,1 wk TI Prob,1 wk TD Prob,1 wk ETAS Prob,1 wk ETAS/TD Gain,1 wk ETAS Triggered Only,1 mo TI Prob,1 mo TD Prob,1 mo ETAS Prob,1 mo ETAS/TD Gain,1 mo ETAS Triggered Only,1 yr TI Prob,1 yr TD Prob,1 yr ETAS Prob,1 yr ETAS/TD Gain,1 yr ETAS Triggered Only,10 yr TI Prob,10 yr TD Prob,10 yr ETAS Prob,10 yr ETAS/TD Gain,10 yr ETAS Triggered Only
6.0,3.5090034E-5,4.0369963E-5,4.0369963E-5,1.0,0.0,1.503772E-4,1.7300405E-4,2.1070919E-4,1.2179437,3.7711656E-5,0.0018293047,0.0021045462,0.0025561338,1.2145771,4.5253988E-4,0.018143194,0.02087209,0.022238297,1.0654562,0.0013953313
6.1,3.5090034E-5,4.0369963E-5,4.0369963E-5,1.0,0.0,1.503772E-4,1.7300405E-4,2.1070919E-4,1.2179437,3.7711656E-5,0.0018293047,0.0021045462,0.0025561338,1.2145771,4.5253988E-4,0.018143194,0.02087209,0.022238297,1.0654562,0.0013953313
6.2,1.841879E-5,2.1062599E-5,2.1062599E-5,1.0,0.0,7.8935285E-5,9.0265734E-5,1.2797398E-4,1.4177471,3.7711656E-5,9.606133E-4,0.0010985332,0.001399895,1.2743311,3.0169325E-4,0.0095647145,0.010941117,0.011687098,1.0681814,7.5423316E-4
6.3,1.841879E-5,2.1062599E-5,2.1062599E-5,1.0,0.0,7.8935285E-5,9.0265734E-5,1.2797398E-4,1.4177471,3.7711656E-5,9.606133E-4,0.0010985332,0.001399895,1.2743311,3.0169325E-4,0.0095647145,0.010941117,0.011687098,1.0681814,7.5423316E-4
6.4,1.712201E-5,1.9567804E-5,1.9567804E-5,1.0,0.0,7.337798E-5,8.385989E-5,1.2156839E-4,1.4496607,3.7711656E-5,8.930107E-4,0.0010206165,0.0013220018,1.2952974,3.0169325E-4,0.008894307,0.010169213,0.010878447,1.0697434,7.1652146E-4
6.5,1.4744935E-5,1.683919E-5,1.683919E-5,1.0,0.0,6.3191044E-5,7.216649E-5,1.0987542E-4,1.522527,3.7711656E-5,7.6907943E-4,8.7836635E-4,0.0011797947,1.3431692,3.0169325E-4,0.007664232,0.008758144,0.009431009,1.0768273,6.788098E-4
6.6,1.2017839E-5,1.3725899E-5,1.3725899E-5,1.0,0.0,5.150401E-5,5.8824455E-5,5.8824455E-5,1.0,0.0,6.268809E-4,7.16041E-4,9.421489E-4,1.3157752,2.2626994E-4,0.0062511545,0.007146034,0.0077076666,1.0785936,5.6567485E-4
6.7,1.00956095E-5,1.1535042E-5,1.1535042E-5,1.0,0.0,4.326618E-5,4.943545E-5,4.943545E-5,1.0,0.0,5.266384E-4,6.0179736E-4,7.902422E-4,1.3131367,1.8855829E-4,0.005253921,0.0060102064,0.0064975116,1.0810796,4.902515E-4
