Magnitude,1 wk TI Prob,1 wk TD Prob,1 wk ETAS Prob,1 wk ETAS/TD Gain,1 wk ETAS Triggered Only,1 mo TI Prob,1 mo TD Prob,1 mo ETAS Prob,1 mo ETAS/TD Gain,1 mo ETAS Triggered Only,1 yr TI Prob,1 yr TD Prob,1 yr ETAS Prob,1 yr ETAS/TD Gain,1 yr ETAS Triggered Only,10 yr TI Prob,10 yr TD Prob,10 yr ETAS Prob,10 yr ETAS/TD Gain,10 yr ETAS Triggered Only
6.0,1.9810619E-5,2.3116098E-5,2.3116098E-5,1.0,0.0,8.489989E-5,9.9068086E-5,9.9068086E-5,1.0,0.0,0.001033166,0.0012059944,0.001241193,1.0291864,3.524105E-5,0.010283757,0.0120442845,0.012113918,1.0057814,7.04821E-5
6.1,1.9810619E-5,2.3116098E-5,2.3116098E-5,1.0,0.0,8.489989E-5,9.9068086E-5,9.9068086E-5,1.0,0.0,0.001033166,0.0012059944,0.001241193,1.0291864,3.524105E-5,0.010283757,0.0120442845,0.012113918,1.0057814,7.04821E-5
6.2,1.9810619E-5,2.3116098E-5,2.3116098E-5,1.0,0.0,8.489989E-5,9.9068086E-5,9.9068086E-5,1.0,0.0,0.001033166,0.0012059944,0.001241193,1.0291864,3.524105E-5,0.010283757,0.0120442845,0.012113918,1.0057814,7.04821E-5
6.3,1.9810619E-5,2.3116098E-5,2.3116098E-5,1.0,0.0,8.489989E-5,9.9068086E-5,9.9068086E-5,1.0,0.0,0.001033166,0.0012059944,0.001241193,1.0291864,3.524105E-5,0.010283757,0.0120442845,0.012113918,1.0057814,7.04821E-5
6.4,1.9810619E-5,2.3116098E-5,2.3116098E-5,1.0,0.0,8.489989E-5,9.9068086E-5,9.9068086E-5,1.0,0.0,0.001033166,0.0012059944,0.001241193,1.0291864,3.524105E-5,0.010283757,0.0120442845,0.012113918,1.0057814,7.04821E-5
6.5,1.7190405E-5,2.0053652E-5,2.0053652E-5,1.0,0.0,7.367108E-5,8.594423E-5,8.594423E-5,1.0,0.0,8.9657627E-4,0.001046371,0.0010815752,1.0336441,3.524105E-5,0.008929676,0.010463671,0.010533416,1.0066653,7.04821E-5
6.6,1.7190405E-5,2.0053652E-5,2.0053652E-5,1.0,0.0,7.367108E-5,8.594423E-5,8.594423E-5,1.0,0.0,8.9657627E-4,0.001046371,0.0010815752,1.0336441,3.524105E-5,0.008929676,0.010463671,0.010533416,1.0066653,7.04821E-5
