Magnitude,1 wk TI Prob,1 wk TD Prob,1 wk ETAS Prob,1 wk ETAS/TD Gain,1 wk ETAS Triggered Only,1 mo TI Prob,1 mo TD Prob,1 mo ETAS Prob,1 mo ETAS/TD Gain,1 mo ETAS Triggered Only,1 yr TI Prob,1 yr TD Prob,1 yr ETAS Prob,1 yr ETAS/TD Gain,1 yr ETAS Triggered Only,10 yr TI Prob,10 yr TD Prob,10 yr ETAS Prob,10 yr ETAS/TD Gain,10 yr ETAS Triggered Only
6.0,1.6760017E-5,1.8778932E-5,1.8778932E-5,1.0,0.0,7.182667E-5,8.0479316E-5,1.2480593E-4,1.5507826,4.4330172E-5,8.7413884E-4,9.795127E-4,0.0012452331,1.2712783,2.65981E-4,0.008707083,0.009763501,0.010421961,1.067441,6.6495256E-4
6.1,9.852767E-6,1.0974746E-5,1.0974746E-5,1.0,0.0,4.222546E-5,4.703418E-5,4.703418E-5,1.0,0.0,5.139737E-4,5.7256164E-4,7.497808E-4,1.3095198,1.7732069E-4,0.005127866,0.0057178247,0.006202668,1.0847951,4.8763189E-4
6.2,9.852767E-6,1.0974746E-5,1.0974746E-5,1.0,0.0,4.222546E-5,4.703418E-5,4.703418E-5,1.0,0.0,5.139737E-4,5.7256164E-4,7.497808E-4,1.3095198,1.7732069E-4,0.005127866,0.0057178247,0.006202668,1.0847951,4.8763189E-4
6.3,4.3167724E-6,4.7785024E-6,4.7785024E-6,1.0,0.0,1.8500323E-5,2.0479267E-5,2.0479267E-5,1.0,0.0,2.2521814E-4,2.4932958E-4,2.9364869E-4,1.1777532,4.4330172E-5,0.0022499003,0.002492757,0.0025811964,1.0354785,8.8660345E-5
6.4,4.3167724E-6,4.7785024E-6,4.7785024E-6,1.0,0.0,1.8500323E-5,2.0479267E-5,2.0479267E-5,1.0,0.0,2.2521814E-4,2.4932958E-4,2.9364869E-4,1.1777532,4.4330172E-5,0.0022499003,0.002492757,0.0025811964,1.0354785,8.8660345E-5
6.5,4.3167724E-6,4.7785024E-6,4.7785024E-6,1.0,0.0,1.8500323E-5,2.0479267E-5,2.0479267E-5,1.0,0.0,2.2521814E-4,2.4932958E-4,2.9364869E-4,1.1777532,4.4330172E-5,0.0022499003,0.002492757,0.0025811964,1.0354785,8.8660345E-5
6.6,4.301311E-6,4.7613694E-6,4.7613694E-6,1.0,0.0,1.8434059E-5,2.040584E-5,2.040584E-5,1.0,0.0,2.2441156E-4,2.484358E-4,2.9275496E-4,1.1783928,4.4330172E-5,0.0022418506,0.0024838394,0.0025722794,1.0356063,8.8660345E-5
6.7,3.8599724E-6,4.2714823E-6,4.2714823E-6,1.0,0.0,1.6542634E-5,1.8306351E-5,1.8306351E-5,1.0,0.0,2.0138794E-4,2.2287984E-4,2.672001E-4,1.1988529,4.4330172E-5,0.0020120554,0.0022287983,0.0023172612,1.0396907,8.8660345E-5
