Magnitude,UCERF3-TI Prob,UCERF3-TD Prob,UCERF3-ETAS Prob
6.0,0.16731344,0.17553239,0.2857143
6.1,0.16731344,0.17553239,0.2857143
6.2,0.09163364,0.09593823,0.16071428
6.3,0.09163364,0.09593823,0.16071428
6.4,0.0854663,0.08952937,0.16071428
6.5,0.074052304,0.07764051,0.16071428
6.6,0.06078208,0.06385765,0.10714286
6.7,0.051314287,0.054039508,0.10714286
