Magnitude,UCERF3-TI Prob,UCERF3-TD Prob,UCERF3-ETAS Prob
6.0,0.110008486,0.11501324,0.08928572
6.1,0.110008486,0.11501324,0.08928572
6.2,0.110008486,0.11501324,0.08928572
6.3,0.110008486,0.11501324,0.08928572
6.4,0.06210559,0.064986765,0.08928572
6.5,0.06210559,0.064986765,0.08928572
6.6,0.043796066,0.04602035,0.05357143
6.7,0.036900327,0.03889047,0.035714287
