Magnitude,1 wk TI Prob,1 wk TD Prob,1 wk ETAS Prob,1 wk ETAS/TD Gain,1 wk ETAS Triggered Only,1 mo TI Prob,1 mo TD Prob,1 mo ETAS Prob,1 mo ETAS/TD Gain,1 mo ETAS Triggered Only,1 yr TI Prob,1 yr TD Prob,1 yr ETAS Prob,1 yr ETAS/TD Gain,1 yr ETAS Triggered Only,10 yr TI Prob,10 yr TD Prob,10 yr ETAS Prob,10 yr ETAS/TD Gain,10 yr ETAS Triggered Only
6.0,1.6760017E-5,1.8776833E-5,2.9877157E-4,15.911714,2.8E-4,7.182667E-5,8.0470316E-5,5.104357E-4,6.3431554,4.3E-4,8.7413884E-4,9.794032E-4,0.0018485511,1.8874261,8.7E-4,0.008707083,0.009762413,0.011237867,1.1511362,0.00149
6.1,9.852767E-6,1.09735865E-5,1.8097172E-4,16.491573,1.7E-4,4.222546E-5,4.702921E-5,2.8701793E-4,6.1029716,2.4E-4,5.139737E-4,5.7250116E-4,0.0010422322,1.820489,4.7E-4,0.005127866,0.005717221,0.006562362,1.1478236,8.5E-4
6.2,9.852767E-6,1.09735865E-5,1.8097172E-4,16.491573,1.7E-4,4.222546E-5,4.702921E-5,2.8701793E-4,6.1029716,2.4E-4,5.139737E-4,5.7250116E-4,0.0010422322,1.820489,4.7E-4,0.005127866,0.005717221,0.006562362,1.1478236,8.5E-4
6.3,4.3167724E-6,4.7780286E-6,1.2477745E-4,26.114841,1.2E-4,1.8500323E-5,2.0477235E-5,1.7047416E-4,8.325058,1.5E-4,2.2521814E-4,2.4930484E-4,4.89245E-4,1.9624369,2.4E-4,0.0022499003,0.00249251,0.0028615878,1.1480747,3.7E-4
6.4,4.3167724E-6,4.7780286E-6,1.2477745E-4,26.114841,1.2E-4,1.8500323E-5,2.0477235E-5,1.7047416E-4,8.325058,1.5E-4,2.2521814E-4,2.4930484E-4,4.89245E-4,1.9624369,2.4E-4,0.0022499003,0.00249251,0.0028615878,1.1480747,3.7E-4
6.5,4.3167724E-6,4.7780286E-6,1.2477745E-4,26.114841,1.2E-4,1.8500323E-5,2.0477235E-5,1.7047416E-4,8.325058,1.5E-4,2.2521814E-4,2.4930484E-4,4.89245E-4,1.9624369,2.4E-4,0.0022499003,0.00249251,0.0028615878,1.1480747,3.7E-4
6.6,4.301311E-6,4.760897E-6,1.2476032E-4,26.205214,1.2E-4,1.8434059E-5,2.0403815E-5,1.7040076E-4,8.351417,1.5E-4,2.2441156E-4,2.4841115E-4,4.8835156E-4,1.9659002,2.4E-4,0.0022418506,0.002483593,0.002852674,1.1486077,3.7E-4
6.7,3.8599724E-6,4.27106E-6,9.4270676E-5,22.071962,9.0E-5,1.6542634E-5,1.8304541E-5,1.3830235E-4,7.5556297,1.2E-4,2.0138794E-4,2.228578E-4,4.2281323E-4,1.8972332,2.0E-4,0.0020120554,0.002228578,0.002537887,1.1387922,3.1E-4
