Magnitude,1 wk TI Prob,1 wk TD Prob,1 wk ETAS Prob,1 wk ETAS/TD Gain,1 wk ETAS Triggered Only,1 mo TI Prob,1 mo TD Prob,1 mo ETAS Prob,1 mo ETAS/TD Gain,1 mo ETAS Triggered Only,1 yr TI Prob,1 yr TD Prob,1 yr ETAS Prob,1 yr ETAS/TD Gain,1 yr ETAS Triggered Only,10 yr TI Prob,10 yr TD Prob,10 yr ETAS Prob,10 yr ETAS/TD Gain,10 yr ETAS Triggered Only
6.0,1.9621975E-5,2.2097078E-5,4.5679134E-4,20.672024,4.3470386E-4,8.4091465E-5,9.4699084E-5,5.6558364E-4,5.97243,4.7092917E-4,0.0010233327,0.0011524865,0.0016590565,1.4395453,5.071545E-4,0.01018633,0.011478408,0.01201555,1.046796,5.433798E-4
6.1,1.9621975E-5,2.2097078E-5,4.5679134E-4,20.672024,4.3470386E-4,8.4091465E-5,9.4699084E-5,5.6558364E-4,5.97243,4.7092917E-4,0.0010233327,0.0011524865,0.0016590565,1.4395453,5.071545E-4,0.01018633,0.011478408,0.01201555,1.046796,5.433798E-4
6.2,9.9971285E-6,1.1255639E-5,1.5615529E-4,13.873516,1.4490129E-4,4.2844134E-5,4.8237856E-5,2.2935573E-4,4.754683,1.8112661E-4,5.2150246E-4,5.871896E-4,7.682099E-4,1.3082824,1.8112661E-4,0.0052028033,0.005861487,0.0060775643,1.036864,2.1735193E-4
6.3,9.589428E-6,1.0798346E-5,1.5569807E-4,14.418695,1.4490129E-4,4.10969E-5,4.62781E-5,2.2739632E-4,4.913692,1.8112661E-4,5.002399E-4,5.6334207E-4,7.443666E-4,1.3213404,1.8112661E-4,0.0049911533,0.0056242296,0.0058403593,1.0384283,2.1735193E-4
6.4,9.589428E-6,1.0798346E-5,1.5569807E-4,14.418695,1.4490129E-4,4.10969E-5,4.62781E-5,2.2739632E-4,4.913692,1.8112661E-4,5.002399E-4,5.6334207E-4,7.443666E-4,1.3213404,1.8112661E-4,0.0049911533,0.0056242296,0.0058403593,1.0384283,2.1735193E-4
6.5,5.557707E-6,6.2856016E-6,4.2510695E-5,6.7631865,3.6225323E-5,2.3818526E-5,2.6938165E-5,6.316251E-5,2.344722,3.6225323E-5,2.8995197E-4,3.2794967E-4,3.6416313E-4,1.1104238,3.6225323E-5,0.0028957394,0.0032772934,0.0033495065,1.0220344,7.2450646E-5
6.6,4.8742945E-6,5.5132896E-6,5.5132896E-6,1.0,0.0,2.0889667E-5,2.3628318E-5,2.3628318E-5,1.0,0.0,2.54302E-4,2.87663E-4,2.87663E-4,1.0,0.0,0.002540112,0.0028754752,0.0029115963,1.0125618,3.6225323E-5
6.7,3.991108E-6,4.5159104E-6,4.5159104E-6,1.0,0.0,1.7104636E-5,1.9353902E-5,1.9353902E-5,1.0,0.0,2.0822904E-4,2.3563375E-4,2.3563375E-4,1.0,0.0,0.0020803404,0.0023563374,0.0023924774,1.0153373,3.6225323E-5
