Magnitude,1 wk TI Prob,1 wk TD Prob,1 wk ETAS Prob,1 wk ETAS/TD Gain,1 wk ETAS Triggered Only,1 mo TI Prob,1 mo TD Prob,1 mo ETAS Prob,1 mo ETAS/TD Gain,1 mo ETAS Triggered Only,1 yr TI Prob,1 yr TD Prob,1 yr ETAS Prob,1 yr ETAS/TD Gain,1 yr ETAS Triggered Only,10 yr TI Prob,10 yr TD Prob,10 yr ETAS Prob,10 yr ETAS/TD Gain,10 yr ETAS Triggered Only
6.0,1.9621975E-5,2.2097078E-5,4.9031415E-4,22.189095,4.6822743E-4,8.4091465E-5,9.4699084E-5,5.6288217E-4,5.943903,4.6822743E-4,0.0010233327,0.0011524865,0.0016869869,1.4637802,5.3511705E-4,0.01018633,0.011478408,0.012073505,1.0518448,6.020067E-4
6.1,1.9621975E-5,2.2097078E-5,4.9031415E-4,22.189095,4.6822743E-4,8.4091465E-5,9.4699084E-5,5.6288217E-4,5.943903,4.6822743E-4,0.0010233327,0.0011524865,0.0016869869,1.4637802,5.3511705E-4,0.01018633,0.011478408,0.012073505,1.0518448,6.020067E-4
6.2,9.9971285E-6,1.1255639E-5,1.450334E-4,12.885398,1.3377926E-4,4.2844134E-5,4.8237856E-5,1.8201067E-4,3.7731915,1.3377926E-4,5.2150246E-4,5.871896E-4,7.2089036E-4,1.227696,1.3377926E-4,0.0052028033,0.005861487,0.0060609793,1.0340345,2.006689E-4
6.3,9.589428E-6,1.0798346E-5,1.4457616E-4,13.388733,1.3377926E-4,4.10969E-5,4.62781E-5,1.8005117E-4,3.8906348,1.3377926E-4,5.002399E-4,5.6334207E-4,6.9704594E-4,1.2373406,1.3377926E-4,0.0049911533,0.0056242296,0.00582377,1.0354787,2.006689E-4
6.4,9.589428E-6,1.0798346E-5,1.4457616E-4,13.388733,1.3377926E-4,4.10969E-5,4.62781E-5,1.8005117E-4,3.8906348,1.3377926E-4,5.002399E-4,5.6334207E-4,6.9704594E-4,1.2373406,1.3377926E-4,0.0049911533,0.0056242296,0.00582377,1.0354787,2.006689E-4
6.5,5.557707E-6,6.2856016E-6,7.3174815E-5,11.641657,6.688963E-5,2.3818526E-5,2.6938165E-5,9.3826E-5,3.4830136,6.688963E-5,2.8995197E-4,3.2794967E-4,3.9481738E-4,1.2038962,6.688963E-5,0.0028957394,0.0032772934,0.0034106344,1.0406862,1.3377926E-4
6.6,4.8742945E-6,5.5132896E-6,5.5132896E-6,1.0,0.0,2.0889667E-5,2.3628318E-5,2.3628318E-5,1.0,0.0,2.54302E-4,2.87663E-4,2.87663E-4,1.0,0.0,0.002540112,0.0028754752,0.0029421726,1.0231953,6.688963E-5
6.7,3.991108E-6,4.5159104E-6,4.5159104E-6,1.0,0.0,1.7104636E-5,1.9353902E-5,1.9353902E-5,1.0,0.0,2.0822904E-4,2.3563375E-4,2.3563375E-4,1.0,0.0,0.0020803404,0.0023563374,0.0024230694,1.0283202,6.688963E-5
