Magnitude,1 wk TI Prob,1 wk TD Prob,1 wk ETAS Prob,1 wk ETAS/TD Gain,1 wk ETAS Triggered Only,1 mo TI Prob,1 mo TD Prob,1 mo ETAS Prob,1 mo ETAS/TD Gain,1 mo ETAS Triggered Only,1 yr TI Prob,1 yr TD Prob,1 yr ETAS Prob,1 yr ETAS/TD Gain,1 yr ETAS Triggered Only,10 yr TI Prob,10 yr TD Prob,10 yr ETAS Prob,10 yr ETAS/TD Gain,10 yr ETAS Triggered Only
6.0,1.9621975E-5,2.2097078E-5,5.007335E-4,22.660622,4.7864704E-4,8.4091465E-5,9.4699084E-5,5.7330076E-4,6.0539207,4.7864704E-4,0.0010233327,0.0011524865,0.0016837036,1.4609313,5.3183E-4,0.01018633,0.011478408,0.012056706,1.0503814,5.85013E-4
6.1,1.9621975E-5,2.2097078E-5,5.007335E-4,22.660622,4.7864704E-4,8.4091465E-5,9.4699084E-5,5.7330076E-4,6.0539207,4.7864704E-4,0.0010233327,0.0011524865,0.0016837036,1.4609313,5.3183E-4,0.01018633,0.011478408,0.012056706,1.0503814,5.85013E-4
6.2,9.9971285E-6,1.1255639E-5,2.2398526E-4,19.899824,2.12732E-4,4.2844134E-5,4.8237856E-5,2.609596E-4,5.4098506,2.12732E-4,5.2150246E-4,5.871896E-4,7.997968E-4,1.3620757,2.12732E-4,0.0052028033,0.005861487,0.006125843,1.0451006,2.65915E-4
6.3,9.589428E-6,1.0798346E-5,2.2352806E-4,20.700212,2.12732E-4,4.10969E-5,4.62781E-5,2.5900026E-4,5.596606,2.12732E-4,5.002399E-4,5.6334207E-4,7.759542E-4,1.3774122,2.12732E-4,0.0049911533,0.0056242296,0.0058886493,1.0470144,2.65915E-4
6.4,9.589428E-6,1.0798346E-5,2.2352806E-4,20.700212,2.12732E-4,4.10969E-5,4.62781E-5,2.5900026E-4,5.596606,2.12732E-4,5.002399E-4,5.6334207E-4,7.759542E-4,1.3774122,2.12732E-4,0.0049911533,0.0056242296,0.0058886493,1.0470144,2.65915E-4
6.5,5.557707E-6,6.2856016E-6,5.946827E-5,9.461031,5.3183E-5,2.3818526E-5,2.6938165E-5,8.011974E-5,2.974209,5.3183E-5,2.8995197E-4,3.2794967E-4,3.8111524E-4,1.162115,5.3183E-5,0.0028957394,0.0032772934,0.0033833107,1.0323491,1.06366E-4
6.6,4.8742945E-6,5.5132896E-6,5.5132896E-6,1.0,0.0,2.0889667E-5,2.3628318E-5,2.3628318E-5,1.0,0.0,2.54302E-4,2.87663E-4,2.87663E-4,1.0,0.0,0.002540112,0.0028754752,0.0029285052,1.0184422,5.3183E-5
6.7,3.991108E-6,4.5159104E-6,4.5159104E-6,1.0,0.0,1.7104636E-5,1.9353902E-5,1.9353902E-5,1.0,0.0,2.0822904E-4,2.3563375E-4,2.3563375E-4,1.0,0.0,0.0020803404,0.0023563374,0.002409395,1.022517,5.3183E-5
