Magnitude,1 wk TI Prob,1 wk TD Prob,1 wk ETAS Prob,1 wk ETAS/TD Gain,1 wk ETAS Triggered Only,1 mo TI Prob,1 mo TD Prob,1 mo ETAS Prob,1 mo ETAS/TD Gain,1 mo ETAS Triggered Only,1 yr TI Prob,1 yr TD Prob,1 yr ETAS Prob,1 yr ETAS/TD Gain,1 yr ETAS Triggered Only,10 yr TI Prob,10 yr TD Prob,10 yr ETAS Prob,10 yr ETAS/TD Gain,10 yr ETAS Triggered Only
6.0,1.9621975E-5,2.2097078E-5,4.4666696E-4,20.213848,4.2457928E-4,8.4091465E-5,9.4699084E-5,5.578326E-4,5.8905807,4.631774E-4,0.0010233327,0.0011524865,0.0016536837,1.4348834,5.0177553E-4,0.01018633,0.011478408,0.012012579,1.046537,5.403736E-4
6.1,1.9621975E-5,2.2097078E-5,4.4666696E-4,20.213848,4.2457928E-4,8.4091465E-5,9.4699084E-5,5.578326E-4,5.8905807,4.631774E-4,0.0010233327,0.0011524865,0.0016536837,1.4348834,5.0177553E-4,0.01018633,0.011478408,0.012012579,1.046537,5.403736E-4
6.2,9.9971285E-6,1.1255639E-5,1.6564637E-4,14.716744,1.5439246E-4,4.2844134E-5,4.8237856E-5,2.4121912E-4,5.000619,1.9299058E-4,5.2150246E-4,5.871896E-4,7.8006694E-4,1.3284752,1.9299058E-4,0.0052028033,0.005861487,0.0060917176,1.0392786,2.315887E-4
6.3,9.589428E-6,1.0798346E-5,1.6518915E-4,15.297634,1.5439246E-4,4.10969E-5,4.62781E-5,2.3925975E-4,5.170043,1.9299058E-4,5.002399E-4,5.6334207E-4,7.562239E-4,1.3423885,1.9299058E-4,0.0049911533,0.0056242296,0.005854516,1.0409454,2.315887E-4
6.4,9.589428E-6,1.0798346E-5,1.6518915E-4,15.297634,1.5439246E-4,4.10969E-5,4.62781E-5,2.3925975E-4,5.170043,1.9299058E-4,5.002399E-4,5.6334207E-4,7.562239E-4,1.3423885,1.9299058E-4,0.0049911533,0.0056242296,0.005854516,1.0409454,2.315887E-4
6.5,5.557707E-6,6.2856016E-6,4.4883476E-5,7.1406813,3.8598115E-5,2.3818526E-5,2.6938165E-5,6.553524E-5,2.4328027,3.8598115E-5,2.8995197E-4,3.2794967E-4,3.6653515E-4,1.1176566,3.8598115E-5,0.0028957394,0.0032772934,0.0033542367,1.0234777,7.719623E-5
6.6,4.8742945E-6,5.5132896E-6,5.5132896E-6,1.0,0.0,2.0889667E-5,2.3628318E-5,2.3628318E-5,1.0,0.0,2.54302E-4,2.87663E-4,2.87663E-4,1.0,0.0,0.002540112,0.0028754752,0.0029139624,1.0133846,3.8598115E-5
6.7,3.991108E-6,4.5159104E-6,4.5159104E-6,1.0,0.0,1.7104636E-5,1.9353902E-5,1.9353902E-5,1.0,0.0,2.0822904E-4,2.3563375E-4,2.3563375E-4,1.0,0.0,0.0020803404,0.0023563374,0.0023948445,1.0163419,3.8598115E-5
