Magnitude,1 wk TI Prob,1 wk TD Prob,1 wk ETAS Prob,1 wk ETAS/TD Gain,1 wk ETAS Triggered Only,1 mo TI Prob,1 mo TD Prob,1 mo ETAS Prob,1 mo ETAS/TD Gain,1 mo ETAS Triggered Only,1 yr TI Prob,1 yr TD Prob,1 yr ETAS Prob,1 yr ETAS/TD Gain,1 yr ETAS Triggered Only,10 yr TI Prob,10 yr TD Prob,10 yr ETAS Prob,10 yr ETAS/TD Gain,10 yr ETAS Triggered Only
6.0,1.9621975E-5,2.2097078E-5,4.2387212E-4,19.18227,4.017839E-4,8.4091465E-5,9.4699084E-5,5.3661957E-4,5.666576,4.419623E-4,0.0010233327,0.0011524865,0.0016340716,1.4178661,4.821407E-4,0.01018633,0.011478408,0.011994732,1.0449822,5.223191E-4
6.1,1.9621975E-5,2.2097078E-5,4.2387212E-4,19.18227,4.017839E-4,8.4091465E-5,9.4699084E-5,5.3661957E-4,5.666576,4.419623E-4,0.0010233327,0.0011524865,0.0016340716,1.4178661,4.821407E-4,0.01018633,0.011478408,0.011994732,1.0449822,5.223191E-4
6.2,9.9971285E-6,1.1255639E-5,1.719674E-4,15.278332,1.6071356E-4,4.2844134E-5,4.8237856E-5,2.4912012E-4,5.164411,2.0089195E-4,5.2150246E-4,5.871896E-4,7.879636E-4,1.3419236,2.0089195E-4,0.0052028033,0.005861487,0.006101144,1.0408868,2.4107035E-4
6.3,9.589428E-6,1.0798346E-5,1.7151018E-4,15.883004,1.6071356E-4,4.10969E-5,4.62781E-5,2.4716076E-4,5.3407717,2.0089195E-4,5.002399E-4,5.6334207E-4,7.6412084E-4,1.3564066,2.0089195E-4,0.0049911533,0.0056242296,0.005863944,1.0426217,2.4107035E-4
6.4,9.589428E-6,1.0798346E-5,1.7151018E-4,15.883004,1.6071356E-4,4.10969E-5,4.62781E-5,2.4716076E-4,5.3407717,2.0089195E-4,5.002399E-4,5.6334207E-4,7.6412084E-4,1.3564066,2.0089195E-4,0.0049911533,0.0056242296,0.005863944,1.0426217,2.4107035E-4
6.5,5.557707E-6,6.2856016E-6,4.646374E-5,7.3920913,4.017839E-5,2.3818526E-5,2.6938165E-5,6.711548E-5,2.4914641,4.017839E-5,2.8995197E-4,3.2794967E-4,3.681149E-4,1.1224737,4.017839E-5,0.0028957394,0.0032772934,0.003357387,1.0244389,8.035678E-5
6.6,4.8742945E-6,5.5132896E-6,5.5132896E-6,1.0,0.0,2.0889667E-5,2.3628318E-5,2.3628318E-5,1.0,0.0,2.54302E-4,2.87663E-4,2.87663E-4,1.0,0.0,0.002540112,0.0028754752,0.0029155381,1.0139326,4.017839E-5
6.7,3.991108E-6,4.5159104E-6,4.5159104E-6,1.0,0.0,1.7104636E-5,1.9353902E-5,1.9353902E-5,1.0,0.0,2.0822904E-4,2.3563375E-4,2.3563375E-4,1.0,0.0,0.0020803404,0.0023563374,0.0023964213,1.017011,4.017839E-5
