Magnitude,1 wk TI Prob,1 wk TD Prob,1 wk ETAS Prob,1 wk ETAS/TD Gain,1 wk ETAS Triggered Only,1 mo TI Prob,1 mo TD Prob,1 mo ETAS Prob,1 mo ETAS/TD Gain,1 mo ETAS Triggered Only,1 yr TI Prob,1 yr TD Prob,1 yr ETAS Prob,1 yr ETAS/TD Gain,1 yr ETAS Triggered Only,10 yr TI Prob,10 yr TD Prob,10 yr ETAS Prob,10 yr ETAS/TD Gain,10 yr ETAS Triggered Only
6.0,3.5090034E-5,4.0364324E-5,5.807161E-4,14.386867,5.403736E-4,1.503772E-4,1.7297994E-4,7.5185153E-4,4.3464665,5.7897175E-4,0.0018293047,0.0021042528,0.0027975568,1.3294775,6.947661E-4,0.018143194,0.020869201,0.021625053,1.0362185,7.7196234E-4
6.1,3.5090034E-5,4.0364324E-5,5.807161E-4,14.386867,5.403736E-4,1.503772E-4,1.7297994E-4,7.5185153E-4,4.3464665,5.7897175E-4,0.0018293047,0.0021042528,0.0027975568,1.3294775,6.947661E-4,0.018143194,0.020869201,0.021625053,1.0362185,7.7196234E-4
6.2,1.841879E-5,2.1059794E-5,3.2983822E-4,15.661987,3.0878492E-4,7.8935285E-5,9.0253714E-5,4.376054E-4,4.848614,3.4738306E-4,9.606133E-4,0.001098387,0.0014453884,1.3159192,3.4738306E-4,0.0095647145,0.010939667,0.011359601,1.0383865,4.2457928E-4
6.3,1.841879E-5,2.1059794E-5,3.2983822E-4,15.661987,3.0878492E-4,7.8935285E-5,9.0253714E-5,4.376054E-4,4.848614,3.4738306E-4,9.606133E-4,0.001098387,0.0014453884,1.3159192,3.4738306E-4,0.0095647145,0.010939667,0.011359601,1.0383865,4.2457928E-4
6.4,1.712201E-5,1.9565212E-5,2.8974673E-4,14.809282,2.701868E-4,7.337798E-5,8.3848776E-5,3.9260782E-4,4.682332,3.0878492E-4,8.930107E-4,0.0010204813,0.0013289511,1.3022788,3.0878492E-4,0.008894307,0.010167871,0.010549927,1.0375749,3.8598117E-4
6.5,1.4744935E-5,1.6836972E-5,2.098243E-4,12.462116,1.9299058E-4,6.3191044E-5,7.215698E-5,3.0372897E-4,4.2092805,2.315887E-4,7.6907943E-4,8.7825063E-4,0.0011096359,1.2634616,2.315887E-4,0.007664232,0.008756994,0.009063075,1.0349528,3.0878492E-4
6.6,1.2017839E-5,1.37240895E-5,9.091926E-5,6.624794,7.719623E-5,5.150401E-5,5.88167E-5,1.3600838E-4,2.312411,7.719623E-5,6.268809E-4,7.159466E-4,7.930876E-4,1.1077468,7.719623E-5,0.0062511545,0.0071450938,0.007298383,1.0214537,1.5439246E-4
6.7,1.00956095E-5,1.1533517E-5,5.0131188E-5,4.3465657,3.8598115E-5,4.326618E-5,4.942891E-5,8.802512E-5,1.7808428,3.8598115E-5,5.266384E-4,6.017178E-4,6.4029265E-4,1.0641079,3.8598115E-5,0.005253921,0.0060094125,0.006124511,1.019153,1.1579435E-4
