Magnitude,1 wk TI Prob,1 wk TD Prob,1 wk ETAS Prob,1 wk ETAS/TD Gain,1 wk ETAS Triggered Only,1 mo TI Prob,1 mo TD Prob,1 mo ETAS Prob,1 mo ETAS/TD Gain,1 mo ETAS Triggered Only,1 yr TI Prob,1 yr TD Prob,1 yr ETAS Prob,1 yr ETAS/TD Gain,1 yr ETAS Triggered Only,10 yr TI Prob,10 yr TD Prob,10 yr ETAS Prob,10 yr ETAS/TD Gain,10 yr ETAS Triggered Only
6.0,3.5090034E-5,4.0364324E-5,5.6626677E-4,14.0288925,5.259237E-4,1.503772E-4,1.7297994E-4,7.42632E-4,4.2931685,5.697506E-4,0.0018293047,0.0021042528,0.0027602739,1.3117597,6.5740454E-4,0.018143194,0.020869201,0.021598712,1.0349563,7.450585E-4
6.1,3.5090034E-5,4.0364324E-5,5.6626677E-4,14.0288925,5.259237E-4,1.503772E-4,1.7297994E-4,7.42632E-4,4.2931685,5.697506E-4,0.0018293047,0.0021042528,0.0027602739,1.3117597,6.5740454E-4,0.018143194,0.020869201,0.021598712,1.0349563,7.450585E-4
6.2,1.841879E-5,2.1059794E-5,2.8401607E-4,13.4861765,2.6296184E-4,7.8935285E-5,9.0253714E-5,3.970148E-4,4.398875,3.067888E-4,9.606133E-4,0.001098387,0.0014048388,1.2790017,3.067888E-4,0.0095647145,0.010939667,0.011329794,1.0356617,3.9444273E-4
6.3,1.841879E-5,2.1059794E-5,2.8401607E-4,13.4861765,2.6296184E-4,7.8935285E-5,9.0253714E-5,3.970148E-4,4.398875,3.067888E-4,9.606133E-4,0.001098387,0.0014048388,1.2790017,3.067888E-4,0.0095647145,0.010939667,0.011329794,1.0356617,3.9444273E-4
6.4,1.712201E-5,1.9565212E-5,2.3869578E-4,12.20001,2.1913486E-4,7.337798E-5,8.3848776E-5,3.4678855E-4,4.135881,2.6296184E-4,8.930107E-4,0.0010204813,0.0012831748,1.2574211,2.6296184E-4,0.008894307,0.010167871,0.0105149215,1.0341321,3.5061577E-4
6.5,1.4744935E-5,1.6836972E-5,1.921419E-4,11.411904,1.7530788E-4,6.3191044E-5,7.215698E-5,2.9127602E-4,4.0366993,2.1913486E-4,7.6907943E-4,8.7825063E-4,0.0010971931,1.2492938,2.1913486E-4,0.007664232,0.008756994,0.009061096,1.0347267,3.067888E-4
6.6,1.2017839E-5,1.37240895E-5,1.0137683E-4,7.3867803,8.765394E-5,5.150401E-5,5.88167E-5,1.4646549E-4,2.4902024,8.765394E-5,6.268809E-4,7.159466E-4,8.035378E-4,1.1223432,8.765394E-5,0.0062511545,0.0071450938,0.007319149,1.0243601,1.7530788E-4
6.7,1.00956095E-5,1.1533517E-5,5.5359982E-5,4.799922,4.382697E-5,4.326618E-5,4.942891E-5,9.3253715E-5,1.8866229,4.382697E-5,5.266384E-4,6.017178E-4,6.4551836E-4,1.0727926,4.382697E-5,0.005253921,0.0060094125,0.006140103,1.0217477,1.3148092E-4
