Magnitude,1 wk TI Prob,1 wk TD Prob,1 wk ETAS Prob,1 wk ETAS/TD Gain,1 wk ETAS Triggered Only,1 mo TI Prob,1 mo TD Prob,1 mo ETAS Prob,1 mo ETAS/TD Gain,1 mo ETAS Triggered Only,1 yr TI Prob,1 yr TD Prob,1 yr ETAS Prob,1 yr ETAS/TD Gain,1 yr ETAS Triggered Only,10 yr TI Prob,10 yr TD Prob,10 yr ETAS Prob,10 yr ETAS/TD Gain,10 yr ETAS Triggered Only
6.0,3.5090034E-5,4.0364324E-5,5.4749835E-4,13.563917,5.071545E-4,1.503772E-4,1.7297994E-4,7.1626576E-4,4.1407447,5.433798E-4,0.0018293047,0.0021042528,0.0027549365,1.3092232,6.520558E-4,0.018143194,0.020869201,0.021578588,1.033992,7.2450645E-4
6.1,3.5090034E-5,4.0364324E-5,5.4749835E-4,13.563917,5.071545E-4,1.503772E-4,1.7297994E-4,7.1626576E-4,4.1407447,5.433798E-4,0.0018293047,0.0021042528,0.0027549365,1.3092232,6.520558E-4,0.018143194,0.020869201,0.021578588,1.033992,7.2450645E-4
6.2,1.841879E-5,2.1059794E-5,3.1085627E-4,14.760651,2.8980259E-4,7.8935285E-5,9.0253714E-5,4.1625218E-4,4.612023,3.260279E-4,9.606133E-4,0.001098387,0.0014240567,1.2964982,3.260279E-4,0.0095647145,0.010939667,0.011333786,1.0360266,3.9847853E-4
6.3,1.841879E-5,2.1059794E-5,3.1085627E-4,14.760651,2.8980259E-4,7.8935285E-5,9.0253714E-5,4.1625218E-4,4.612023,3.260279E-4,9.606133E-4,0.001098387,0.0014240567,1.2964982,3.260279E-4,0.0095647145,0.010939667,0.011333786,1.0360266,3.9847853E-4
6.4,1.712201E-5,1.9565212E-5,2.731375E-4,13.960365,2.5357725E-4,7.337798E-5,8.3848776E-5,3.7362706E-4,4.455963,2.8980259E-4,8.930107E-4,0.0010204813,0.0013099882,1.2836964,2.8980259E-4,0.008894307,0.010167871,0.01052644,1.035265,3.6225322E-4
6.5,1.4744935E-5,1.6836972E-5,1.9796053E-4,11.75749,1.8112661E-4,6.3191044E-5,7.215698E-5,2.8949324E-4,4.011992,2.1735193E-4,7.6907943E-4,8.7825063E-4,0.0010954117,1.2472655,2.1735193E-4,0.007664232,0.008756994,0.009044259,1.032804,2.8980259E-4
6.6,1.2017839E-5,1.37240895E-5,8.6173735E-5,6.279013,7.2450646E-5,5.150401E-5,5.88167E-5,1.3126308E-4,2.2317314,7.2450646E-5,6.268809E-4,7.159466E-4,7.8834535E-4,1.1011231,7.2450646E-5,0.0062511545,0.0071450938,0.00728896,1.0201349,1.4490129E-4
6.7,1.00956095E-5,1.1533517E-5,4.775842E-5,4.1408377,3.6225323E-5,4.326618E-5,4.942891E-5,8.565244E-5,1.732841,3.6225323E-5,5.266384E-4,6.017178E-4,6.3792133E-4,1.060167,3.6225323E-5,0.005253921,0.0060094125,0.006117435,1.0179756,1.08675966E-4
