Magnitude,1 wk TI Prob,1 wk TD Prob,1 wk ETAS Prob,1 wk ETAS/TD Gain,1 wk ETAS Triggered Only,1 mo TI Prob,1 mo TD Prob,1 mo ETAS Prob,1 mo ETAS/TD Gain,1 mo ETAS Triggered Only,1 yr TI Prob,1 yr TD Prob,1 yr ETAS Prob,1 yr ETAS/TD Gain,1 yr ETAS Triggered Only,10 yr TI Prob,10 yr TD Prob,10 yr ETAS Prob,10 yr ETAS/TD Gain,10 yr ETAS Triggered Only
6.0,3.5090034E-5,4.0364324E-5,6.4424117E-4,15.960658,6.039012E-4,1.503772E-4,1.7297994E-4,8.069665E-4,4.665087,6.340963E-4,0.0018293047,0.0021042528,0.0028575407,1.3579836,7.548765E-4,0.018143194,0.020869201,0.021667454,1.0382503,8.152666E-4
6.1,3.5090034E-5,4.0364324E-5,6.4424117E-4,15.960658,6.039012E-4,1.503772E-4,1.7297994E-4,8.069665E-4,4.665087,6.340963E-4,0.0018293047,0.0021042528,0.0028575407,1.3579836,7.548765E-4,0.018143194,0.020869201,0.021667454,1.0382503,8.152666E-4
6.2,1.841879E-5,2.1059794E-5,4.1358732E-4,19.638716,3.925358E-4,7.8935285E-5,9.0253714E-5,5.129464E-4,5.683383,4.2273084E-4,9.606133E-4,0.001098387,0.0015206535,1.3844424,4.2273084E-4,0.0095647145,0.010939667,0.011417503,1.0436792,4.8312097E-4
6.3,1.841879E-5,2.1059794E-5,4.1358732E-4,19.638716,3.925358E-4,7.8935285E-5,9.0253714E-5,5.129464E-4,5.683383,4.2273084E-4,9.606133E-4,0.001098387,0.0015206535,1.3844424,4.2273084E-4,0.0095647145,0.010939667,0.011417503,1.0436792,4.8312097E-4
6.4,1.712201E-5,1.9565212E-5,3.8189883E-4,19.51928,3.623407E-4,7.337798E-5,8.3848776E-5,4.7635165E-4,5.6810803,3.925358E-4,8.930107E-4,0.0010204813,0.0014126166,1.384265,3.925358E-4,0.008894307,0.010167871,0.010616191,1.0440919,4.529259E-4
6.5,1.4744935E-5,1.6836972E-5,2.5839338E-4,15.346786,2.4156048E-4,6.3191044E-5,7.215698E-5,3.4389293E-4,4.765899,2.7175553E-4,7.6907943E-4,8.7825063E-4,0.0011497675,1.3091564,2.7175553E-4,0.007664232,0.008756994,0.009086232,1.0375971,3.3214566E-4
6.6,1.2017839E-5,1.37240895E-5,1.6469731E-4,12.000601,1.509753E-4,5.150401E-5,5.88167E-5,2.0978312E-4,3.5667272,1.509753E-4,6.268809E-4,7.159466E-4,8.668138E-4,1.2107241,1.509753E-4,0.0062511545,0.0071450938,0.0073549487,1.0293705,2.1136542E-4
6.7,1.00956095E-5,1.1533517E-5,1.0211765E-4,8.8539915,9.058518E-5,4.326618E-5,4.942891E-5,1.4000961E-4,2.832545,9.058518E-5,5.266384E-4,6.017178E-4,6.9224846E-4,1.1504537,9.058518E-5,0.005253921,0.0060094125,0.0061594807,1.0249722,1.509753E-4
