Magnitude,1 wk TI Prob,1 wk TD Prob,1 wk ETAS Prob,1 wk ETAS/TD Gain,1 wk ETAS Triggered Only,1 mo TI Prob,1 mo TD Prob,1 mo ETAS Prob,1 mo ETAS/TD Gain,1 mo ETAS Triggered Only,1 yr TI Prob,1 yr TD Prob,1 yr ETAS Prob,1 yr ETAS/TD Gain,1 yr ETAS Triggered Only,10 yr TI Prob,10 yr TD Prob,10 yr ETAS Prob,10 yr ETAS/TD Gain,10 yr ETAS Triggered Only
6.0,1.9810619E-5,2.311252E-5,1.2030775E-4,5.2053065,9.719747E-5,8.489989E-5,9.905276E-5,1.9624061E-4,1.9811726,9.719747E-5,0.001033166,0.0012058079,0.0013028883,1.0805106,9.719747E-5,0.010283757,0.012042425,0.012138451,1.007974,9.719747E-5
6.1,1.9810619E-5,2.311252E-5,1.2030775E-4,5.2053065,9.719747E-5,8.489989E-5,9.905276E-5,1.9624061E-4,1.9811726,9.719747E-5,0.001033166,0.0012058079,0.0013028883,1.0805106,9.719747E-5,0.010283757,0.012042425,0.012138451,1.007974,9.719747E-5
6.2,1.9810619E-5,2.311252E-5,1.2030775E-4,5.2053065,9.719747E-5,8.489989E-5,9.905276E-5,1.9624061E-4,1.9811726,9.719747E-5,0.001033166,0.0012058079,0.0013028883,1.0805106,9.719747E-5,0.010283757,0.012042425,0.012138451,1.007974,9.719747E-5
6.3,1.9810619E-5,2.311252E-5,1.2030775E-4,5.2053065,9.719747E-5,8.489989E-5,9.905276E-5,1.9624061E-4,1.9811726,9.719747E-5,0.001033166,0.0012058079,0.0013028883,1.0805106,9.719747E-5,0.010283757,0.012042425,0.012138451,1.007974,9.719747E-5
6.4,1.9810619E-5,2.311252E-5,1.2030775E-4,5.2053065,9.719747E-5,8.489989E-5,9.905276E-5,1.9624061E-4,1.9811726,9.719747E-5,0.001033166,0.0012058079,0.0013028883,1.0805106,9.719747E-5,0.010283757,0.012042425,0.012138451,1.007974,9.719747E-5
6.5,1.7190405E-5,2.0050555E-5,1.17246076E-4,5.8475227,9.719747E-5,7.367108E-5,8.593095E-5,1.8312008E-4,2.131014,9.719747E-5,8.9657627E-4,0.0010462094,0.0011433051,1.0928072,9.719747E-5,0.008929676,0.010462056,0.010558236,1.0091933,9.719747E-5
6.6,1.7190405E-5,2.0050555E-5,1.17246076E-4,5.8475227,9.719747E-5,7.367108E-5,8.593095E-5,1.8312008E-4,2.131014,9.719747E-5,8.9657627E-4,0.0010462094,0.0011433051,1.0928072,9.719747E-5,0.008929676,0.010462056,0.010558236,1.0091933,9.719747E-5
