Magnitude,1 wk TI Prob,1 wk TD Prob,1 wk ETAS Prob,1 wk ETAS/TD Gain,1 wk ETAS Triggered Only,1 mo TI Prob,1 mo TD Prob,1 mo ETAS Prob,1 mo ETAS/TD Gain,1 mo ETAS Triggered Only,1 yr TI Prob,1 yr TD Prob,1 yr ETAS Prob,1 yr ETAS/TD Gain,1 yr ETAS Triggered Only,10 yr TI Prob,10 yr TD Prob,10 yr ETAS Prob,10 yr ETAS/TD Gain,10 yr ETAS Triggered Only
6.0,1.6760017E-5,1.8776833E-5,1.8076958E-4,9.627267,1.6199579E-4,7.182667E-5,8.0470316E-5,3.0724617E-4,3.8181305,2.267941E-4,8.7413884E-4,9.794032E-4,0.0012383426,1.2643849,2.5919327E-4,0.008707083,0.009762413,0.010051158,1.0295773,2.915924E-4
6.1,9.852767E-6,1.09735865E-5,7.577119E-5,6.90487,6.479832E-5,4.222546E-5,4.702921E-5,1.4422211E-4,3.0666497,9.719747E-5,5.139737E-4,5.7250116E-4,7.020236E-4,1.2262396,1.2959664E-4,0.005127866,0.005717221,0.005846077,1.0225382,1.2959664E-4
6.2,9.852767E-6,1.09735865E-5,7.577119E-5,6.90487,6.479832E-5,4.222546E-5,4.702921E-5,1.4422211E-4,3.0666497,9.719747E-5,5.139737E-4,5.7250116E-4,7.020236E-4,1.2262396,1.2959664E-4,0.005127866,0.005717221,0.005846077,1.0225382,1.2959664E-4
6.3,4.3167724E-6,4.7780286E-6,3.7177033E-5,7.780831,3.239916E-5,1.8500323E-5,2.0477235E-5,8.527422E-5,4.164343,6.479832E-5,2.2521814E-4,2.4930484E-4,3.14087E-4,1.2598512,6.479832E-5,0.0022499003,0.00249251,0.0025571468,1.0259324,6.479832E-5
6.4,4.3167724E-6,4.7780286E-6,3.7177033E-5,7.780831,3.239916E-5,1.8500323E-5,2.0477235E-5,8.527422E-5,4.164343,6.479832E-5,2.2521814E-4,2.4930484E-4,3.14087E-4,1.2598512,6.479832E-5,0.0022499003,0.00249251,0.0025571468,1.0259324,6.479832E-5
6.5,4.3167724E-6,4.7780286E-6,3.7177033E-5,7.780831,3.239916E-5,1.8500323E-5,2.0477235E-5,8.527422E-5,4.164343,6.479832E-5,2.2521814E-4,2.4930484E-4,3.14087E-4,1.2598512,6.479832E-5,0.0022499003,0.00249251,0.0025571468,1.0259324,6.479832E-5
6.6,4.301311E-6,4.760897E-6,3.71599E-5,7.8052306,3.239916E-5,1.8434059E-5,2.0403815E-5,8.520081E-5,4.1757293,6.479832E-5,2.2441156E-4,2.4841115E-4,3.1319336E-4,1.2607863,6.479832E-5,0.0022418506,0.002483593,0.0025482306,1.0260258,6.479832E-5
6.7,3.8599724E-6,4.27106E-6,3.667008E-5,8.58571,3.239916E-5,1.6542634E-5,1.8304541E-5,8.310167E-5,4.539948,6.479832E-5,2.0138794E-4,2.228578E-4,2.8764168E-4,1.290696,6.479832E-5,0.0020120554,0.002228578,0.002293232,1.0290112,6.479832E-5
