Magnitude,1 wk TI Prob,1 wk TD Prob,1 wk ETAS Prob,1 wk ETAS/TD Gain,1 wk ETAS Triggered Only,1 mo TI Prob,1 mo TD Prob,1 mo ETAS Prob,1 mo ETAS/TD Gain,1 mo ETAS Triggered Only,1 yr TI Prob,1 yr TD Prob,1 yr ETAS Prob,1 yr ETAS/TD Gain,1 yr ETAS Triggered Only,10 yr TI Prob,10 yr TD Prob,10 yr ETAS Prob,10 yr ETAS/TD Gain,10 yr ETAS Triggered Only
6.0,2.0341662E-5,2.3828166E-5,4.8205937E-5,2.0230653,2.4378352E-5,8.717564E-5,1.0211971E-4,1.386835E-4,1.3580483,3.656753E-5,0.0010608466,0.0012431298,0.0012918259,1.0391722,4.8756705E-5,0.010557966,0.012413835,0.012461986,1.0038788,4.8756705E-5
6.1,2.0341662E-5,2.3828166E-5,4.8205937E-5,2.0230653,2.4378352E-5,8.717564E-5,1.0211971E-4,1.386835E-4,1.3580483,3.656753E-5,0.0010608466,0.0012431298,0.0012918259,1.0391722,4.8756705E-5,0.010557966,0.012413835,0.012461986,1.0038788,4.8756705E-5
6.2,2.0341662E-5,2.3828166E-5,4.8205937E-5,2.0230653,2.4378352E-5,8.717564E-5,1.0211971E-4,1.386835E-4,1.3580483,3.656753E-5,0.0010608466,0.0012431298,0.0012918259,1.0391722,4.8756705E-5,0.010557966,0.012413835,0.012461986,1.0038788,4.8756705E-5
6.3,2.0341662E-5,2.3828166E-5,4.8205937E-5,2.0230653,2.4378352E-5,8.717564E-5,1.0211971E-4,1.386835E-4,1.3580483,3.656753E-5,0.0010608466,0.0012431298,0.0012918259,1.0391722,4.8756705E-5,0.010557966,0.012413835,0.012461986,1.0038788,4.8756705E-5
6.4,1.749821E-5,2.0490985E-5,4.4868837E-5,2.1896868,2.4378352E-5,7.499018E-5,8.781851E-5,1.2438283E-4,1.4163623,3.656753E-5,9.1262296E-4,0.0010691903,0.0011178949,1.0455527,4.8756705E-5,0.009088841,0.010691865,0.0107401,1.0045114,4.8756705E-5
6.5,1.749821E-5,2.0490985E-5,4.4868837E-5,2.1896868,2.4378352E-5,7.499018E-5,8.781851E-5,1.2438283E-4,1.4163623,3.656753E-5,9.1262296E-4,0.0010691903,0.0011178949,1.0455527,4.8756705E-5,0.009088841,0.010691865,0.0107401,1.0045114,4.8756705E-5
