Magnitude,1 wk TI Prob,1 wk TD Prob,1 wk ETAS Prob,1 wk ETAS/TD Gain,1 wk ETAS Triggered Only,1 mo TI Prob,1 mo TD Prob,1 mo ETAS Prob,1 mo ETAS/TD Gain,1 mo ETAS Triggered Only,1 yr TI Prob,1 yr TD Prob,1 yr ETAS Prob,1 yr ETAS/TD Gain,1 yr ETAS Triggered Only,10 yr TI Prob,10 yr TD Prob,10 yr ETAS Prob,10 yr ETAS/TD Gain,10 yr ETAS Triggered Only
6.0,8.258278E-6,8.551265E-6,1.5854998E-4,18.541115,1.5E-4,3.539214E-5,3.6647863E-5,2.1664127E-4,5.9114294,1.8E-4,4.308141E-4,4.4611428E-4,6.26034E-4,1.4033041,1.8E-4,0.0042997985,0.004453945,0.004633143,1.0402336,1.8E-4
6.1,3.649988E-6,3.7753161E-6,9.377498E-5,24.838974,9.0E-5,1.5642712E-5,1.6179853E-5,1.16178235E-4,7.180426,1.0E-4,1.9043336E-4,1.9697666E-4,2.9695698E-4,1.5075743,1.0E-4,0.0019027026,0.001968488,0.0020682912,1.0507004,1.0E-4
6.2,3.649988E-6,3.7753161E-6,9.377498E-5,24.838974,9.0E-5,1.5642712E-5,1.6179853E-5,1.16178235E-4,7.180426,1.0E-4,1.9043336E-4,1.9697666E-4,2.9695698E-4,1.5075743,1.0E-4,0.0019027026,0.001968488,0.0020682912,1.0507004,1.0E-4
6.3,1.3924937E-6,1.4411166E-6,1.1441102E-5,7.9390535,1.0E-5,5.9678164E-6,6.1762075E-6,1.6176145E-5,2.6191065,1.0E-5,7.265574E-5,7.519415E-5,8.5193395E-5,1.132979,1.0E-5,7.263199E-4,7.518258E-4,7.6181826E-4,1.013291,1.0E-5
6.4,1.3924937E-6,1.4411166E-6,1.1441102E-5,7.9390535,1.0E-5,5.9678164E-6,6.1762075E-6,1.6176145E-5,2.6191065,1.0E-5,7.265574E-5,7.519415E-5,8.5193395E-5,1.132979,1.0E-5,7.263199E-4,7.518258E-4,7.6181826E-4,1.013291,1.0E-5
6.5,9.876812E-7,1.0221912E-6,1.1022181E-5,10.782895,1.0E-5,4.2329125E-6,4.3808195E-6,1.4380776E-5,3.2826679,1.0E-5,5.153449E-5,5.3336476E-5,6.3335945E-5,1.1874789,1.0E-5,5.1522546E-4,5.333648E-4,5.4335943E-4,1.0187389,1.0E-5
