Magnitude,UCERF3-TI Prob,UCERF3-TD Prob,UCERF3-ETAS Prob
6.0,0.11558291,0.11834761,0.12
6.1,0.11558291,0.11834761,0.12
6.2,0.11558291,0.11834761,0.12
6.3,0.04988863,0.05082007,0.049
6.4,0.04988863,0.05082007,0.049
6.5,0.031792615,0.0323502,0.037
6.6,0.022540906,0.022921285,0.027
6.7,0.017383514,0.017677434,0.021
6.8,0.013365341,0.013592248,0.016
6.9,0.0051979506,0.0052890973,0.006
