Magnitude,1 wk TI Prob,1 wk TD Prob,1 wk ETAS Prob,1 wk ETAS/TD Gain,1 wk ETAS Triggered Only,1 mo TI Prob,1 mo TD Prob,1 mo ETAS Prob,1 mo ETAS/TD Gain,1 mo ETAS Triggered Only,1 yr TI Prob,1 yr TD Prob,1 yr ETAS Prob,1 yr ETAS/TD Gain,1 yr ETAS Triggered Only,10 yr TI Prob,10 yr TD Prob,10 yr ETAS Prob,10 yr ETAS/TD Gain,10 yr ETAS Triggered Only
6.0,1.9810619E-5,2.3115075E-5,2.3115075E-5,1.0,0.0,8.489989E-5,9.9063705E-5,9.9063705E-5,1.0,0.0,0.001033166,0.0012059412,0.0012182572,1.0102128,1.2330913E-5,0.010283757,0.012043753,0.012055935,1.0010115,1.2330913E-5
6.1,1.9810619E-5,2.3115075E-5,2.3115075E-5,1.0,0.0,8.489989E-5,9.9063705E-5,9.9063705E-5,1.0,0.0,0.001033166,0.0012059412,0.0012182572,1.0102128,1.2330913E-5,0.010283757,0.012043753,0.012055935,1.0010115,1.2330913E-5
6.2,1.9810619E-5,2.3115075E-5,2.3115075E-5,1.0,0.0,8.489989E-5,9.9063705E-5,9.9063705E-5,1.0,0.0,0.001033166,0.0012059412,0.0012182572,1.0102128,1.2330913E-5,0.010283757,0.012043753,0.012055935,1.0010115,1.2330913E-5
6.3,1.9810619E-5,2.3115075E-5,2.3115075E-5,1.0,0.0,8.489989E-5,9.9063705E-5,9.9063705E-5,1.0,0.0,0.001033166,0.0012059412,0.0012182572,1.0102128,1.2330913E-5,0.010283757,0.012043753,0.012055935,1.0010115,1.2330913E-5
6.4,1.9810619E-5,2.3115075E-5,2.3115075E-5,1.0,0.0,8.489989E-5,9.9063705E-5,9.9063705E-5,1.0,0.0,0.001033166,0.0012059412,0.0012182572,1.0102128,1.2330913E-5,0.010283757,0.012043753,0.012055935,1.0010115,1.2330913E-5
6.5,1.7190405E-5,2.0052768E-5,2.0052768E-5,1.0,0.0,7.367108E-5,8.594043E-5,8.594043E-5,1.0,0.0,8.9657627E-4,0.0010463247,0.0010586428,1.0117726,1.2330913E-5,0.008929676,0.01046321,0.010475412,1.0011662,1.2330913E-5
6.6,1.7190405E-5,2.0052768E-5,2.0052768E-5,1.0,0.0,7.367108E-5,8.594043E-5,8.594043E-5,1.0,0.0,8.9657627E-4,0.0010463247,0.0010586428,1.0117726,1.2330913E-5,0.008929676,0.01046321,0.010475412,1.0011662,1.2330913E-5
