Magnitude,1 wk TI Prob,1 wk TD Prob,1 wk ETAS Prob,1 wk ETAS/TD Gain,1 wk ETAS Triggered Only,1 mo TI Prob,1 mo TD Prob,1 mo ETAS Prob,1 mo ETAS/TD Gain,1 mo ETAS Triggered Only,1 yr TI Prob,1 yr TD Prob,1 yr ETAS Prob,1 yr ETAS/TD Gain,1 yr ETAS Triggered Only,10 yr TI Prob,10 yr TD Prob,10 yr ETAS Prob,10 yr ETAS/TD Gain,10 yr ETAS Triggered Only
6.0,2.196852E-5,2.3605651E-5,2.3605651E-5,1.0,0.0,9.4147406E-5,1.01163656E-4,1.01163656E-4,1.0,0.0,0.0011456419,0.0012310606,0.0012410482,1.008113,1.0E-5,0.011397537,0.012251272,0.012271026,1.0016124,2.0E-5
6.1,9.992795E-6,1.07124015E-5,1.07124015E-5,1.0,0.0,4.2825563E-5,4.5909586E-5,4.5909586E-5,1.0,0.0,5.2127644E-4,5.5882416E-4,5.688186E-4,1.0178847,1.0E-5,0.0052005537,0.005576,0.0055958885,1.0035667,2.0E-5
6.2,9.992795E-6,1.07124015E-5,1.07124015E-5,1.0,0.0,4.2825563E-5,4.5909586E-5,4.5909586E-5,1.0,0.0,5.2127644E-4,5.5882416E-4,5.688186E-4,1.0178847,1.0E-5,0.0052005537,0.005576,0.0055958885,1.0035667,2.0E-5
6.3,4.6127884E-6,4.9428913E-6,4.9428913E-6,1.0,0.0,1.9768944E-5,2.1183674E-5,2.1183674E-5,1.0,0.0,2.406603E-4,2.5788517E-4,2.6788257E-4,1.038767,1.0E-5,0.0024039985,0.0025762971,0.0025862714,1.0038716,1.0E-5
6.4,4.6127884E-6,4.9428913E-6,4.9428913E-6,1.0,0.0,1.9768944E-5,2.1183674E-5,2.1183674E-5,1.0,0.0,2.406603E-4,2.5788517E-4,2.6788257E-4,1.038767,1.0E-5,0.0024039985,0.0025762971,0.0025862714,1.0038716,1.0E-5
6.5,2.716712E-6,2.9112496E-6,2.9112496E-6,1.0,0.0,1.1643E-5,1.24767375E-5,1.24767375E-5,1.0,0.0,1.417443E-4,1.5189612E-4,1.5189612E-4,1.0,0.0,0.0014165393,0.001518161,0.001518161,1.0,0.0
6.6,1.3818255E-6,1.4821402E-6,1.4821402E-6,1.0,0.0,5.922096E-6,6.352021E-6,6.352021E-6,1.0,0.0,7.209913E-5,7.733434E-5,7.733434E-5,1.0,0.0,7.2075747E-4,7.7319524E-4,7.7319524E-4,1.0,0.0
