Magnitude,1 wk TI Prob,1 wk TD Prob,1 wk ETAS Prob,1 wk ETAS/TD Gain,1 wk ETAS Triggered Only,1 mo TI Prob,1 mo TD Prob,1 mo ETAS Prob,1 mo ETAS/TD Gain,1 mo ETAS Triggered Only,1 yr TI Prob,1 yr TD Prob,1 yr ETAS Prob,1 yr ETAS/TD Gain,1 yr ETAS Triggered Only,10 yr TI Prob,10 yr TD Prob,10 yr ETAS Prob,10 yr ETAS/TD Gain,10 yr ETAS Triggered Only
6.0,2.233523E-5,2.5108648E-5,2.5108648E-5,1.0,0.0,9.571891E-5,1.07605E-4,1.19934586E-4,1.114582,1.2330913E-5,0.0011647546,0.0013094717,0.0013217864,1.0094044,1.2330913E-5,0.011586686,0.013034157,0.0130584985,1.0018674,2.4661826E-5
6.1,2.233523E-5,2.5108648E-5,2.5108648E-5,1.0,0.0,9.571891E-5,1.07605E-4,1.19934586E-4,1.114582,1.2330913E-5,0.0011647546,0.0013094717,0.0013217864,1.0094044,1.2330913E-5,0.011586686,0.013034157,0.0130584985,1.0018674,2.4661826E-5
6.2,2.233523E-5,2.5108648E-5,2.5108648E-5,1.0,0.0,9.571891E-5,1.07605E-4,1.19934586E-4,1.114582,1.2330913E-5,0.0011647546,0.0013094717,0.0013217864,1.0094044,1.2330913E-5,0.011586686,0.013034157,0.0130584985,1.0018674,2.4661826E-5
6.3,2.233523E-5,2.5108648E-5,2.5108648E-5,1.0,0.0,9.571891E-5,1.07605E-4,1.19934586E-4,1.114582,1.2330913E-5,0.0011647546,0.0013094717,0.0013217864,1.0094044,1.2330913E-5,0.011586686,0.013034157,0.0130584985,1.0018674,2.4661826E-5
6.4,1.2288092E-5,1.3782218E-5,1.3782218E-5,1.0,0.0,5.2662188E-5,5.906584E-5,5.906584E-5,1.0,0.0,6.409735E-4,7.189831E-4,7.189831E-4,1.0,0.0,0.006391279,0.0071757776,0.0071880203,1.0017061,1.2330913E-5
6.5,1.2288092E-5,1.3782218E-5,1.3782218E-5,1.0,0.0,5.2662188E-5,5.906584E-5,5.906584E-5,1.0,0.0,6.409735E-4,7.189831E-4,7.189831E-4,1.0,0.0,0.006391279,0.0071757776,0.0071880203,1.0017061,1.2330913E-5
6.6,8.58281E-6,9.634552E-6,9.634552E-6,1.0,0.0,3.6782953E-5,4.1290754E-5,4.1290754E-5,1.0,0.0,4.4774043E-4,5.026822E-4,5.026822E-4,1.0,0.0,0.0044683935,0.0050236126,0.005035882,1.0024422,1.2330913E-5
6.7,7.205685E-6,8.088959E-6,8.088959E-6,1.0,0.0,3.088114E-5,3.4666966E-5,3.4666966E-5,1.0,0.0,3.7591302E-4,4.220703E-4,4.220703E-4,1.0,0.0,0.0037527776,0.004220703,0.004220703,1.0,0.0
