Magnitude,1 wk TI Prob,1 wk TD Prob,1 wk ETAS Prob,1 wk ETAS/TD Gain,1 wk ETAS Triggered Only,1 mo TI Prob,1 mo TD Prob,1 mo ETAS Prob,1 mo ETAS/TD Gain,1 mo ETAS Triggered Only,1 yr TI Prob,1 yr TD Prob,1 yr ETAS Prob,1 yr ETAS/TD Gain,1 yr ETAS Triggered Only,10 yr TI Prob,10 yr TD Prob,10 yr ETAS Prob,10 yr ETAS/TD Gain,10 yr ETAS Triggered Only
6.0,8.258278E-6,8.551466E-6,8.551466E-6,1.0,0.0,3.539214E-5,3.6648726E-5,4.664836E-5,1.2728508,1.0E-5,4.308141E-4,4.4612476E-4,5.2608905E-4,1.179242,8.0E-5,0.0042997985,0.0044540493,0.0046033813,1.0335273,1.5E-4
6.1,3.649988E-6,3.775402E-6,3.775402E-6,1.0,0.0,1.5642712E-5,1.6180222E-5,1.6180222E-5,1.0,0.0,1.9043336E-4,1.9698114E-4,2.2697524E-4,1.1522689,3.0E-5,0.0019027026,0.0019685328,0.0020184345,1.0253496,5.0E-5
6.2,3.649988E-6,3.775402E-6,3.775402E-6,1.0,0.0,1.5642712E-5,1.6180222E-5,1.6180222E-5,1.0,0.0,1.9043336E-4,1.9698114E-4,2.2697524E-4,1.1522689,3.0E-5,0.0019027026,0.0019685328,0.0020184345,1.0253496,5.0E-5
6.3,1.3924937E-6,1.44115E-6,1.44115E-6,1.0,0.0,5.9678164E-6,6.1763503E-6,6.1763503E-6,1.0,0.0,7.265574E-5,7.519589E-5,9.519438E-5,1.265952,2.0E-5,7.263199E-4,7.518432E-4,7.818207E-4,1.0398719,3.0E-5
6.4,1.3924937E-6,1.44115E-6,1.44115E-6,1.0,0.0,5.9678164E-6,6.1763503E-6,6.1763503E-6,1.0,0.0,7.265574E-5,7.519589E-5,9.519438E-5,1.265952,2.0E-5,7.263199E-4,7.518432E-4,7.818207E-4,1.0398719,3.0E-5
6.5,9.876812E-7,1.0222149E-6,1.0222149E-6,1.0,0.0,4.2329125E-6,4.380921E-6,4.380921E-6,1.0,0.0,5.153449E-5,5.3337713E-5,7.333665E-5,1.3749492,2.0E-5,5.1522546E-4,5.333771E-4,5.5336644E-4,1.0374769,2.0E-5
