Magnitude,1 wk TI Prob,1 wk TD Prob,1 wk ETAS Prob,1 wk ETAS/TD Gain,1 wk ETAS Triggered Only,1 mo TI Prob,1 mo TD Prob,1 mo ETAS Prob,1 mo ETAS/TD Gain,1 mo ETAS Triggered Only,1 yr TI Prob,1 yr TD Prob,1 yr ETAS Prob,1 yr ETAS/TD Gain,1 yr ETAS Triggered Only,10 yr TI Prob,10 yr TD Prob,10 yr ETAS Prob,10 yr ETAS/TD Gain,10 yr ETAS Triggered Only
6.0,1.6760017E-5,1.8776773E-5,6.7624256E-5,3.6014845,4.88484E-5,7.182667E-5,8.047006E-5,1.2931453E-4,1.6069894,4.88484E-5,8.7413884E-4,9.794E-4,0.0010770011,1.099654,9.76968E-5,0.008707083,0.009762381,0.009980054,1.022297,2.198178E-4
6.1,9.852767E-6,1.0973554E-5,3.5397486E-5,3.2257085,2.44242E-5,4.222546E-5,4.702907E-5,7.1452116E-5,1.5193182,2.44242E-5,5.139737E-4,5.724994E-4,6.2131986E-4,1.085276,4.88484E-5,0.005127866,0.005717204,0.005850769,1.0233619,1.343331E-4
6.2,9.852767E-6,1.0973554E-5,3.5397486E-5,3.2257085,2.44242E-5,4.222546E-5,4.702907E-5,7.1452116E-5,1.5193182,2.44242E-5,5.139737E-4,5.724994E-4,6.2131986E-4,1.085276,4.88484E-5,0.005127866,0.005717204,0.005850769,1.0233619,1.343331E-4
6.3,4.3167724E-6,4.778015E-6,1.6990056E-5,3.5558817,1.22121E-5,1.8500323E-5,2.0477177E-5,3.2689026E-5,1.5963639,1.22121E-5,2.2521814E-4,2.4930414E-4,2.8593128E-4,1.1469176,3.66363E-5,0.0022499003,0.0024925028,0.0025412296,1.0195493,4.88484E-5
6.4,4.3167724E-6,4.778015E-6,1.6990056E-5,3.5558817,1.22121E-5,1.8500323E-5,2.0477177E-5,3.2689026E-5,1.5963639,1.22121E-5,2.2521814E-4,2.4930414E-4,2.8593128E-4,1.1469176,3.66363E-5,0.0022499003,0.0024925028,0.0025412296,1.0195493,4.88484E-5
6.5,4.3167724E-6,4.778015E-6,1.6990056E-5,3.5558817,1.22121E-5,1.8500323E-5,2.0477177E-5,3.2689026E-5,1.5963639,1.22121E-5,2.2521814E-4,2.4930414E-4,2.8593128E-4,1.1469176,3.66363E-5,0.0022499003,0.0024925028,0.0025412296,1.0195493,4.88484E-5
6.6,4.301311E-6,4.7608837E-6,1.6972925E-5,3.565079,1.22121E-5,1.8434059E-5,2.0403757E-5,3.2615608E-5,1.5985099,1.22121E-5,2.2441156E-4,2.4841045E-4,2.8503765E-4,1.1474463,3.66363E-5,0.0022418506,0.002483586,0.002532313,1.0196197,4.88484E-5
6.7,3.8599724E-6,4.2710476E-6,1.6483094E-5,3.8592627,1.22121E-5,1.6542634E-5,1.830449E-5,3.0516367E-5,1.6671519,1.22121E-5,2.0138794E-4,2.2285717E-4,2.4727592E-4,1.1095713,2.44242E-5,0.0020120554,0.0022285716,0.0022651264,1.0164027,3.66363E-5
