Magnitude,1 wk TI Prob,1 wk TD Prob,1 wk ETAS Prob,1 wk ETAS/TD Gain,1 wk ETAS Triggered Only,1 mo TI Prob,1 mo TD Prob,1 mo ETAS Prob,1 mo ETAS/TD Gain,1 mo ETAS Triggered Only,1 yr TI Prob,1 yr TD Prob,1 yr ETAS Prob,1 yr ETAS/TD Gain,1 yr ETAS Triggered Only,10 yr TI Prob,10 yr TD Prob,10 yr ETAS Prob,10 yr ETAS/TD Gain,10 yr ETAS Triggered Only
6.0,1.9621975E-5,2.2097078E-5,3.96822E-4,17.95812,3.747332E-4,8.4091465E-5,9.4699084E-5,7.626385E-4,8.053283,6.680027E-4,0.0010233327,0.0011524865,0.0023893083,2.0731769,0.0012382489,0.01018633,0.011478408,0.013362779,1.1641666,0.0019062515
6.1,1.9621975E-5,2.2097078E-5,3.96822E-4,17.95812,3.747332E-4,8.4091465E-5,9.4699084E-5,7.626385E-4,8.053283,6.680027E-4,0.0010233327,0.0011524865,0.0023893083,2.0731769,0.0012382489,0.01018633,0.011478408,0.013362779,1.1641666,0.0019062515
6.2,9.9971285E-6,1.125564E-5,2.0676642E-4,18.370028,1.9551297E-4,4.2844134E-5,4.8237856E-5,4.06661E-4,8.430329,3.5844045E-4,5.2150246E-4,5.871897E-4,0.0014013487,2.3865352,8.146374E-4,0.0052028033,0.005861487,0.0071410695,1.2183034,0.0012871271
6.3,9.589428E-6,1.0798346E-5,2.0630921E-4,19.10563,1.9551297E-4,4.10969E-5,4.62781E-5,4.0470198E-4,8.745,3.5844045E-4,5.002399E-4,5.6334207E-4,0.0013775205,2.4452648,8.146374E-4,0.0049911533,0.0056242296,0.0068879165,1.2246863,0.0012708344
6.4,9.589428E-6,1.0798346E-5,2.0630921E-4,19.10563,1.9551297E-4,4.10969E-5,4.62781E-5,4.0470198E-4,8.745,3.5844045E-4,5.002399E-4,5.6334207E-4,0.0013775205,2.4452648,8.146374E-4,0.0049911533,0.0056242296,0.0068879165,1.2246863,0.0012708344
6.5,5.557707E-6,6.2856016E-6,1.2033412E-4,19.144407,1.1404924E-4,2.3818526E-5,2.6938165E-5,2.876151E-4,10.676864,2.6068397E-4,2.8995197E-4,3.279497E-4,8.491466E-4,2.589259,5.2136794E-4,0.0028957394,0.0032772934,0.00412174,1.2576658,8.472229E-4
6.6,4.8742945E-6,5.5132896E-6,1.195619E-4,21.686127,1.1404924E-4,2.0889667E-5,2.3628318E-5,2.6801377E-4,11.342905,2.443912E-4,2.54302E-4,2.87663E-4,7.925929E-4,2.7552826,5.050752E-4,0.002540112,0.0028754752,0.0035902949,1.2485918,7.168809E-4
6.7,3.991108E-6,4.5159104E-6,8.5979285E-5,19.039192,8.146374E-5,1.7104636E-5,1.9353902E-5,2.1486309E-4,11.101797,1.9551297E-4,2.0822904E-4,2.3563375E-4,6.4285647E-4,2.728202,4.073187E-4,0.0020803404,0.0023563374,0.002974003,1.2621295,6.1912445E-4
