Magnitude,1 wk TI Prob,1 wk TD Prob,1 wk ETAS Prob,1 wk ETAS/TD Gain,1 wk ETAS Triggered Only,1 mo TI Prob,1 mo TD Prob,1 mo ETAS Prob,1 mo ETAS/TD Gain,1 mo ETAS Triggered Only,1 yr TI Prob,1 yr TD Prob,1 yr ETAS Prob,1 yr ETAS/TD Gain,1 yr ETAS Triggered Only,10 yr TI Prob,10 yr TD Prob,10 yr ETAS Prob,10 yr ETAS/TD Gain,10 yr ETAS Triggered Only
6.0,1.9621975E-5,2.2097078E-5,3.2185065E-4,14.565304,2.997602E-4,8.4091465E-5,9.4699084E-5,5.942521E-4,6.2751617,4.996003E-4,0.0010233327,0.0011524865,0.0023501455,2.0391955,0.0011990408,0.01018633,0.011478408,0.013256324,1.1548922,0.0017985612
6.1,1.9621975E-5,2.2097078E-5,3.2185065E-4,14.565304,2.997602E-4,8.4091465E-5,9.4699084E-5,5.942521E-4,6.2751617,4.996003E-4,0.0010233327,0.0011524865,0.0023501455,2.0391955,0.0011990408,0.01018633,0.011478408,0.013256324,1.1548922,0.0017985612
6.2,9.9971285E-6,1.125564E-5,1.1117458E-4,9.8772335,9.9920064E-5,4.2844134E-5,4.8237856E-5,2.9802596E-4,6.178259,2.4980016E-4,5.2150246E-4,5.871897E-4,0.0013860808,2.3605335,7.993605E-4,0.0052028033,0.005861487,0.007028666,1.1991268,0.0011740607
6.3,9.589428E-6,1.0798346E-5,1.1071733E-4,10.253175,9.9920064E-5,4.10969E-5,4.62781E-5,2.960667E-4,6.3975554,2.4980016E-4,5.002399E-4,5.6334207E-4,0.0013622523,2.4181619,7.993605E-4,0.0049911533,0.0056242296,0.006791687,1.2075764,0.0011740607
6.4,9.589428E-6,1.0798346E-5,1.1071733E-4,10.253175,9.9920064E-5,4.10969E-5,4.62781E-5,2.960667E-4,6.3975554,2.4980016E-4,5.002399E-4,5.6334207E-4,0.0013622523,2.4181619,7.993605E-4,0.0049911533,0.0056242296,0.006791687,1.2075764,0.0011740607
6.5,5.557707E-6,6.2856016E-6,3.126546E-5,4.9741397,2.4980016E-5,2.3818526E-5,2.6938165E-5,2.0179356E-4,7.4909916,1.748601E-4,2.8995197E-4,3.279497E-4,8.2738616E-4,2.5229058,4.996003E-4,0.0028957394,0.0032772934,0.004024238,1.227915,7.4940047E-4
6.6,4.8742945E-6,5.5132896E-6,3.0493167E-5,5.530848,2.4980016E-5,2.0889667E-5,2.3628318E-5,1.7350487E-4,7.34309,1.498801E-4,2.54302E-4,2.87663E-4,7.621468E-4,2.6494431,4.746203E-4,0.002540112,0.0028754752,0.0035479963,1.2338817,6.7446043E-4
6.7,3.991108E-6,4.5159104E-6,2.9495814E-5,6.5315323,2.4980016E-5,1.7104636E-5,1.9353902E-5,1.4425156E-4,7.4533587,1.2490008E-4,2.0822904E-4,2.3563375E-4,6.102457E-4,2.589806,3.7470023E-4,0.0020803404,0.0023563374,0.002929524,1.2432531,5.7454035E-4
