Magnitude,1 wk TI Prob,1 wk TD Prob,1 wk ETAS Prob,1 wk ETAS/TD Gain,1 wk ETAS Triggered Only,1 mo TI Prob,1 mo TD Prob,1 mo ETAS Prob,1 mo ETAS/TD Gain,1 mo ETAS Triggered Only,1 yr TI Prob,1 yr TD Prob,1 yr ETAS Prob,1 yr ETAS/TD Gain,1 yr ETAS Triggered Only,10 yr TI Prob,10 yr TD Prob,10 yr ETAS Prob,10 yr ETAS/TD Gain,10 yr ETAS Triggered Only
6.0,7.1789214E-6,7.5520006E-6,2.4184445E-5,3.202389,1.663257E-5,3.076644E-5,3.2365548E-5,4.899758E-5,1.5138807,1.663257E-5,3.7451705E-4,3.9402005E-4,4.1064608E-4,1.0421959,1.663257E-5,0.003738865,0.003937214,0.003953781,1.0042078,1.663257E-5
6.1,7.1789214E-6,7.5520006E-6,2.4184445E-5,3.202389,1.663257E-5,3.076644E-5,3.2365548E-5,4.899758E-5,1.5138807,1.663257E-5,3.7451705E-4,3.9402005E-4,4.1064608E-4,1.0421959,1.663257E-5,0.003738865,0.003937214,0.003953781,1.0042078,1.663257E-5
6.2,7.1789214E-6,7.5520006E-6,2.4184445E-5,3.202389,1.663257E-5,3.076644E-5,3.2365548E-5,4.899758E-5,1.5138807,1.663257E-5,3.7451705E-4,3.9402005E-4,4.1064608E-4,1.0421959,1.663257E-5,0.003738865,0.003937214,0.003953781,1.0042078,1.663257E-5
6.3,7.1789214E-6,7.5520006E-6,2.4184445E-5,3.202389,1.663257E-5,3.076644E-5,3.2365548E-5,4.899758E-5,1.5138807,1.663257E-5,3.7451705E-4,3.9402005E-4,4.1064608E-4,1.0421959,1.663257E-5,0.003738865,0.003937214,0.003953781,1.0042078,1.663257E-5
6.4,7.1789214E-6,7.5520006E-6,2.4184445E-5,3.202389,1.663257E-5,3.076644E-5,3.2365548E-5,4.899758E-5,1.5138807,1.663257E-5,3.7451705E-4,3.9402005E-4,4.1064608E-4,1.0421959,1.663257E-5,0.003738865,0.003937214,0.003953781,1.0042078,1.663257E-5
6.5,5.2611317E-6,5.532726E-6,5.532726E-6,1.0,0.0,2.2547512E-5,2.3711682E-5,2.3711682E-5,1.0,0.0,2.744814E-4,2.8868974E-4,2.8868974E-4,1.0,0.0,0.002741426,0.0028868972,0.0028868972,1.0,0.0
6.6,5.2611317E-6,5.532726E-6,5.532726E-6,1.0,0.0,2.2547512E-5,2.3711682E-5,2.3711682E-5,1.0,0.0,2.744814E-4,2.8868974E-4,2.8868974E-4,1.0,0.0,0.002741426,0.0028868972,0.0028868972,1.0,0.0
