Magnitude,1 wk TI Prob,1 wk TD Prob,1 wk ETAS Prob,1 wk ETAS/TD Gain,1 wk ETAS Triggered Only,1 mo TI Prob,1 mo TD Prob,1 mo ETAS Prob,1 mo ETAS/TD Gain,1 mo ETAS Triggered Only,1 yr TI Prob,1 yr TD Prob,1 yr ETAS Prob,1 yr ETAS/TD Gain,1 yr ETAS Triggered Only,10 yr TI Prob,10 yr TD Prob,10 yr ETAS Prob,10 yr ETAS/TD Gain,10 yr ETAS Triggered Only
6.0,2.233523E-5,2.5106583E-5,2.5106583E-5,1.0,0.0,9.571891E-5,1.0759615E-4,1.2422694E-4,1.1545666,1.663257E-5,0.0011647546,0.001309364,0.0013591964,1.0380584,4.989771E-5,0.011586686,0.013033091,0.013098754,1.0050381,6.653028E-5
6.1,2.233523E-5,2.5106583E-5,2.5106583E-5,1.0,0.0,9.571891E-5,1.0759615E-4,1.2422694E-4,1.1545666,1.663257E-5,0.0011647546,0.001309364,0.0013591964,1.0380584,4.989771E-5,0.011586686,0.013033091,0.013098754,1.0050381,6.653028E-5
6.2,2.233523E-5,2.5106583E-5,2.5106583E-5,1.0,0.0,9.571891E-5,1.0759615E-4,1.2422694E-4,1.1545666,1.663257E-5,0.0011647546,0.001309364,0.0013591964,1.0380584,4.989771E-5,0.011586686,0.013033091,0.013098754,1.0050381,6.653028E-5
6.3,2.233523E-5,2.5106583E-5,2.5106583E-5,1.0,0.0,9.571891E-5,1.0759615E-4,1.2422694E-4,1.1545666,1.663257E-5,0.0011647546,0.001309364,0.0013591964,1.0380584,4.989771E-5,0.011586686,0.013033091,0.013098754,1.0050381,6.653028E-5
6.4,1.2288092E-5,1.3781108E-5,1.3781108E-5,1.0,0.0,5.2662188E-5,5.906108E-5,7.569267E-5,1.2815998,1.663257E-5,6.409735E-4,7.189252E-4,7.6878705E-4,1.0693561,4.989771E-5,0.006391279,0.0071752006,0.0072412537,1.0092057,6.653028E-5
6.5,1.2288092E-5,1.3781108E-5,1.3781108E-5,1.0,0.0,5.2662188E-5,5.906108E-5,7.569267E-5,1.2815998,1.663257E-5,6.409735E-4,7.189252E-4,7.6878705E-4,1.0693561,4.989771E-5,0.006391279,0.0071752006,0.0072412537,1.0092057,6.653028E-5
6.6,8.58281E-6,9.63377E-6,9.63377E-6,1.0,0.0,3.6782953E-5,4.12874E-5,5.7919286E-5,1.4028319,1.663257E-5,4.4774043E-4,5.026414E-4,5.52514E-4,1.0992211,4.989771E-5,0.0044683935,0.005023205,0.0050894013,1.0131781,6.653028E-5
6.7,7.205685E-6,8.088302E-6,8.088302E-6,1.0,0.0,3.088114E-5,3.466415E-5,5.1296145E-5,1.4798039,1.663257E-5,3.7591302E-4,4.2203604E-4,4.7191267E-4,1.118181,4.989771E-5,0.0037527776,0.0042203604,0.0042866096,1.0156976,6.653028E-5
