Magnitude,1 wk TI Prob,1 wk TD Prob,1 wk ETAS Prob,1 wk ETAS/TD Gain,1 wk ETAS Triggered Only,1 mo TI Prob,1 mo TD Prob,1 mo ETAS Prob,1 mo ETAS/TD Gain,1 mo ETAS Triggered Only,1 yr TI Prob,1 yr TD Prob,1 yr ETAS Prob,1 yr ETAS/TD Gain,1 yr ETAS Triggered Only,10 yr TI Prob,10 yr TD Prob,10 yr ETAS Prob,10 yr ETAS/TD Gain,10 yr ETAS Triggered Only
6.0,1.9621975E-5,2.2097447E-5,3.8932092E-5,1.7618366,1.6835016E-5,8.4091465E-5,9.470067E-5,1.9570121E-4,2.066524,1.01010104E-4,0.0010233327,0.0011525059,0.0014551869,1.2626287,3.030303E-4,0.01018633,0.011478599,0.012177554,1.060892,7.070707E-4
6.1,1.9621975E-5,2.2097447E-5,3.8932092E-5,1.7618366,1.6835016E-5,8.4091465E-5,9.470067E-5,1.9570121E-4,2.066524,1.01010104E-4,0.0010233327,0.0011525059,0.0014551869,1.2626287,3.030303E-4,0.01018633,0.011478599,0.012177554,1.060892,7.070707E-4
6.2,9.9971285E-6,1.1255827E-5,2.8090655E-5,2.4956543,1.6835016E-5,4.2844134E-5,4.823866E-5,1.1557548E-4,2.3959098,6.7340065E-5,5.2150246E-4,5.8719947E-4,7.722759E-4,1.315185,1.8518518E-4,0.0052028033,0.005861584,0.006346938,1.0828025,4.8821548E-4
6.3,9.589428E-6,1.0798527E-5,2.7633361E-5,2.5589938,1.6835016E-5,4.10969E-5,4.627887E-5,1.13615824E-4,2.4550257,6.7340065E-5,5.002399E-4,5.6335144E-4,7.484323E-4,1.3285353,1.8518518E-4,0.0049911533,0.0056243236,0.0060763126,1.0803633,4.5454546E-4
6.4,9.589428E-6,1.0798527E-5,2.7633361E-5,2.5589938,1.6835016E-5,4.10969E-5,4.627887E-5,1.13615824E-4,2.4550257,6.7340065E-5,5.002399E-4,5.6335144E-4,7.484323E-4,1.3285353,1.8518518E-4,0.0049911533,0.0056243236,0.0060763126,1.0803633,4.5454546E-4
6.5,5.557707E-6,6.2857107E-6,6.2857107E-6,1.0,0.0,2.3818526E-5,2.6938633E-5,6.060776E-5,2.2498455,3.3670032E-5,2.8995197E-4,3.2795538E-4,4.4576186E-4,1.3592149,1.1784512E-4,0.0028957394,0.0032773502,0.0035626076,1.087039,2.8619528E-4
6.6,4.8742945E-6,5.5133855E-6,5.5133855E-6,1.0,0.0,2.0889667E-5,2.3628729E-5,5.7297966E-5,2.424928,3.3670032E-5,2.54302E-4,2.87668E-4,3.8864903E-4,1.3510333,1.01010104E-4,0.002540112,0.0028755253,0.0031105378,1.0817286,2.3569024E-4
6.7,3.991108E-6,4.515989E-6,4.515989E-6,1.0,0.0,1.7104636E-5,1.9354238E-5,3.618893E-5,1.8698193,1.6835016E-5,2.0822904E-4,2.3563785E-4,3.0296206E-4,1.2857105,6.7340065E-5,0.0020803404,0.0023563786,0.0025243321,1.0712761,1.6835016E-4
