Magnitude,1 wk TI Prob,1 wk TD Prob,1 wk ETAS Prob,1 wk ETAS/TD Gain,1 wk ETAS Triggered Only,1 mo TI Prob,1 mo TD Prob,1 mo ETAS Prob,1 mo ETAS/TD Gain,1 mo ETAS Triggered Only,1 yr TI Prob,1 yr TD Prob,1 yr ETAS Prob,1 yr ETAS/TD Gain,1 yr ETAS Triggered Only,10 yr TI Prob,10 yr TD Prob,10 yr ETAS Prob,10 yr ETAS/TD Gain,10 yr ETAS Triggered Only
6.0,1.9621975E-5,2.2097447E-5,5.2096784E-5,2.3575928,3.0E-5,8.4091465E-5,9.470067E-5,2.1468931E-4,2.2670305,1.2E-4,0.0010233327,0.0011525059,0.0015720217,1.3640033,4.2E-4,0.01018633,0.011478599,0.012299072,1.0714785,8.3E-4
6.1,1.9621975E-5,2.2097447E-5,5.2096784E-5,2.3575928,3.0E-5,8.4091465E-5,9.470067E-5,2.1468931E-4,2.2670305,1.2E-4,0.0010233327,0.0011525059,0.0015720217,1.3640033,4.2E-4,0.01018633,0.011478599,0.012299072,1.0714785,8.3E-4
6.2,9.9971285E-6,1.1255827E-5,2.1255715E-5,1.8884187,1.0E-5,4.2844134E-5,4.823866E-5,1.0823577E-4,2.2437556,6.0E-5,5.2150246E-4,5.8719947E-4,8.470468E-4,1.4425197,2.6E-4,0.0052028033,0.005861584,0.0064083603,1.0932813,5.5E-4
6.3,9.589428E-6,1.0798527E-5,2.079842E-5,1.9260423,1.0E-5,4.10969E-5,4.627887E-5,1.0627609E-4,2.296428,6.0E-5,5.002399E-4,5.6335144E-4,8.23205E-4,1.4612637,2.6E-4,0.0049911533,0.0056243236,0.0061513428,1.0937035,5.3E-4
6.4,9.589428E-6,1.0798527E-5,2.079842E-5,1.9260423,1.0E-5,4.10969E-5,4.627887E-5,1.0627609E-4,2.296428,6.0E-5,5.002399E-4,5.6335144E-4,8.23205E-4,1.4612637,2.6E-4,0.0049911533,0.0056243236,0.0061513428,1.0937035,5.3E-4
6.5,5.557707E-6,6.2857107E-6,6.2857107E-6,1.0,0.0,2.3818526E-5,2.6938633E-5,6.693756E-5,2.4848163,4.0E-5,2.8995197E-4,3.2795538E-4,4.779062E-4,1.4572293,1.5E-4,0.0028957394,0.0032773502,0.0036062687,1.1003611,3.3E-4
6.6,4.8742945E-6,5.5133855E-6,5.5133855E-6,1.0,0.0,2.0889667E-5,2.3628729E-5,6.3627784E-5,2.6928146,4.0E-5,2.54302E-4,2.87668E-4,4.176306E-4,1.4517798,1.3E-4,0.002540112,0.0028755253,0.0031646914,1.1005611,2.9E-4
6.7,3.991108E-6,4.515989E-6,4.515989E-6,1.0,0.0,1.7104636E-5,1.9354238E-5,4.9353657E-5,2.550018,3.0E-5,2.0822904E-4,2.3563785E-4,3.3561428E-4,1.42428,1.0E-4,0.0020803404,0.0023563786,0.002595813,1.1016113,2.4E-4
