Magnitude,1 wk TI Prob,1 wk TD Prob,1 wk ETAS Prob,1 wk ETAS/TD Gain,1 wk ETAS Triggered Only,1 mo TI Prob,1 mo TD Prob,1 mo ETAS Prob,1 mo ETAS/TD Gain,1 mo ETAS Triggered Only,1 yr TI Prob,1 yr TD Prob,1 yr ETAS Prob,1 yr ETAS/TD Gain,1 yr ETAS Triggered Only,10 yr TI Prob,10 yr TD Prob,10 yr ETAS Prob,10 yr ETAS/TD Gain,10 yr ETAS Triggered Only
6.0,3.5090034E-5,4.036513E-5,1.403611E-4,3.4772859,1.0E-4,1.503772E-4,1.7298339E-4,4.2294015E-4,2.4449754,2.5E-4,0.0018293047,0.0021042947,0.0029724638,1.4125702,8.7E-4,0.018143194,0.020869615,0.022524344,1.079289,0.00169
6.1,3.5090034E-5,4.036513E-5,1.403611E-4,3.4772859,1.0E-4,1.503772E-4,1.7298339E-4,4.2294015E-4,2.4449754,2.5E-4,0.0018293047,0.0021042947,0.0029724638,1.4125702,8.7E-4,0.018143194,0.020869615,0.022524344,1.079289,0.00169
6.2,1.841879E-5,2.1060194E-5,9.105872E-5,4.323736,7.0E-5,7.8935285E-5,9.0255424E-5,2.4024189E-4,2.6618,1.5E-4,9.606133E-4,0.0010984079,0.0016577927,1.5092689,5.6E-4,0.0095647145,0.010939874,0.011889372,1.0867923,9.6E-4
6.3,1.841879E-5,2.1060194E-5,9.105872E-5,4.323736,7.0E-5,7.8935285E-5,9.0255424E-5,2.4024189E-4,2.6618,1.5E-4,9.606133E-4,0.0010984079,0.0016577927,1.5092689,5.6E-4,0.0095647145,0.010939874,0.011889372,1.0867923,9.6E-4
6.4,1.712201E-5,1.9565581E-5,8.9564215E-5,4.577641,7.0E-5,7.337798E-5,8.385037E-5,2.338378E-4,2.788751,1.5E-4,8.930107E-4,0.0010205007,0.0015499598,1.5188229,5.3E-4,0.008894307,0.0101680625,0.011058911,1.0876124,9.0E-4
6.5,1.4744935E-5,1.6837288E-5,8.683611E-5,5.157369,7.0E-5,6.3191044E-5,7.215834E-5,2.2214752E-4,3.0786119,1.5E-4,7.6907943E-4,8.7826716E-4,0.0013678368,1.5574268,4.9E-4,0.007664232,0.008757159,0.00957989,1.0939496,8.3E-4
6.6,1.2017839E-5,1.3724348E-5,5.3723797E-5,3.9144883,4.0E-5,5.150401E-5,5.8817808E-5,1.7881075E-4,3.0400784,1.2E-4,6.268809E-4,7.159601E-4,0.001095688,1.5303758,3.8E-4,0.0062511545,0.007145228,0.007810441,1.0930989,6.7E-4
6.7,1.00956095E-5,1.1533734E-5,5.1533272E-5,4.4680476,4.0E-5,4.326618E-5,4.9429844E-5,1.494249E-4,3.0229692,1.0E-4,5.266384E-4,6.0172915E-4,9.115426E-4,1.514872,3.1E-4,0.005253921,0.006009526,0.0065761004,1.0942794,5.7E-4
