Magnitude,1 wk TI Prob,1 wk TD Prob,1 wk ETAS Prob,1 wk ETAS/TD Gain,1 wk ETAS Triggered Only,1 mo TI Prob,1 mo TD Prob,1 mo ETAS Prob,1 mo ETAS/TD Gain,1 mo ETAS Triggered Only,1 yr TI Prob,1 yr TD Prob,1 yr ETAS Prob,1 yr ETAS/TD Gain,1 yr ETAS Triggered Only,10 yr TI Prob,10 yr TD Prob,10 yr ETAS Prob,10 yr ETAS/TD Gain,10 yr ETAS Triggered Only
6.0,1.6760017E-5,1.8777133E-5,1.8777133E-5,1.0,0.0,7.182667E-5,8.0471604E-5,1.4735585E-4,1.8311534,6.688963E-5,8.7413884E-4,9.794189E-4,0.0011798912,1.204685,2.006689E-4,0.008707083,0.009762568,0.010358698,1.0610628,6.020067E-4
6.1,9.852767E-6,1.0973752E-5,1.0973752E-5,1.0,0.0,4.222546E-5,4.702992E-5,8.047316E-5,1.7111057,3.3444816E-5,5.139737E-4,5.7250983E-4,7.062125E-4,1.2335378,1.3377926E-4,0.005127866,0.0057173073,0.00601659,1.0523467,3.0100334E-4
6.2,9.852767E-6,1.0973752E-5,1.0973752E-5,1.0,0.0,4.222546E-5,4.702992E-5,8.047316E-5,1.7111057,3.3444816E-5,5.139737E-4,5.7250983E-4,7.062125E-4,1.2335378,1.3377926E-4,0.005127866,0.0057173073,0.00601659,1.0523467,3.0100334E-4
6.3,4.3167724E-6,4.7780964E-6,4.7780964E-6,1.0,0.0,1.8500323E-5,2.0477524E-5,5.3921656E-5,2.6332116,3.3444816E-5,2.2521814E-4,2.4930836E-4,3.1618134E-4,1.2682339,6.688963E-5,0.0022499003,0.0024925452,0.0026259911,1.053538,1.3377926E-4
6.4,4.3167724E-6,4.7780964E-6,4.7780964E-6,1.0,0.0,1.8500323E-5,2.0477524E-5,5.3921656E-5,2.6332116,3.3444816E-5,2.2521814E-4,2.4930836E-4,3.1618134E-4,1.2682339,6.688963E-5,0.0022499003,0.0024925452,0.0026259911,1.053538,1.3377926E-4
6.5,4.3167724E-6,4.7780964E-6,4.7780964E-6,1.0,0.0,1.8500323E-5,2.0477524E-5,5.3921656E-5,2.6332116,3.3444816E-5,2.2521814E-4,2.4930836E-4,3.1618134E-4,1.2682339,6.688963E-5,0.0022499003,0.0024925452,0.0026259911,1.053538,1.3377926E-4
6.6,4.301311E-6,4.7609647E-6,4.7609647E-6,1.0,0.0,1.8434059E-5,2.0404104E-5,5.3848238E-5,2.6390886,3.3444816E-5,2.2441156E-4,2.4841467E-4,3.152877E-4,1.2691991,6.688963E-5,0.0022418506,0.0024836282,0.0026170753,1.0537307,1.3377926E-4
6.7,3.8599724E-6,4.2711204E-6,4.2711204E-6,1.0,0.0,1.6542634E-5,1.8304801E-5,5.1749004E-5,2.8270729,3.3444816E-5,2.0138794E-4,2.2286095E-4,2.8973568E-4,1.3000737,6.688963E-5,0.0020120554,0.0022286095,0.0023620906,1.0598943,1.3377926E-4
