Magnitude,UCERF3-TI Prob,UCERF3-TD Prob,UCERF3-ETAS Prob
6.0,0.3484497,0.3645532,0.26330534
6.1,0.3484497,0.3645532,0.26330534
6.2,0.3484497,0.3645532,0.26330534
6.3,0.2696955,0.28297612,0.20168068
6.4,0.2696955,0.28297612,0.20168068
6.5,0.23453283,0.24709761,0.16526611
6.6,0.22166593,0.23405568,0.15686275
6.7,0.20106675,0.21309647,0.13165267
6.8,0.12659106,0.13423401,0.05882353
6.9,0.11147359,0.118756354,0.05042017
7.0,0.08563909,0.092113815,0.042016808
