Magnitude,UCERF3-TI Prob,UCERF3-TD Prob,UCERF3-ETAS Prob
6.0,0.40349331,0.42228743,0.2857143
6.1,0.40349331,0.42228743,0.2857143
6.2,0.40349331,0.42228743,0.2857143
6.3,0.32990623,0.34737086,0.22969188
6.4,0.32990623,0.34737086,0.22969188
6.5,0.30940497,0.3267506,0.21288516
6.6,0.29630256,0.3136062,0.19887955
6.7,0.2881532,0.3054081,0.18767507
6.8,0.13807777,0.14811951,0.067226894
6.9,0.10811646,0.11743595,0.05602241
