Magnitude,UCERF3-TI Prob,UCERF3-TD Prob,UCERF3-ETAS Prob
6.0,0.40349331,0.42228743,0.3
6.1,0.40349331,0.42228743,0.3
6.2,0.40349331,0.42228743,0.3
6.3,0.32990623,0.34737086,0.23595506
6.4,0.32990623,0.34737086,0.23595506
6.5,0.30940497,0.3267506,0.22247191
6.6,0.29630256,0.3136062,0.21235955
6.7,0.2881532,0.3054081,0.20561798
6.8,0.13807777,0.14811951,0.07191011
6.9,0.10811646,0.11743595,0.05955056
