Magnitude,UCERF3-TI Prob,UCERF3-TD Prob,UCERF3-ETAS Prob
6.0,0.45570913,0.4800038,0.33053222
6.1,0.23778735,0.24780977,0.15126051
6.2,0.23778735,0.24780977,0.15126051
6.3,0.12532169,0.12988298,0.064425774
6.4,0.06310547,0.06530504,0.039215688
6.5,0.06276634,0.06496525,0.039215688
6.6,0.005392585,0.005415947,0.008403362
6.7,0.004566783,0.004586485,0.008403362
6.8,0.003209143,0.0032220604,0.005602241
6.9,0.0016683204,0.001675257,0.0028011205
7.0,1.6814613E-4,1.6886594E-4,0.0
