Magnitude,UCERF3-TI Prob,UCERF3-TD Prob,UCERF3-ETAS Prob
6.0,0.35419685,0.38007405,0.35854343
6.1,0.22667271,0.24584039,0.2044818
6.2,0.22667271,0.24584039,0.2044818
6.3,0.10651145,0.114621535,0.09803922
6.4,0.10651145,0.114621535,0.09803922
6.5,0.10651145,0.114621535,0.09803922
6.6,0.106150955,0.11425486,0.09803922
6.7,0.09579947,0.10367577,0.086834736
