Magnitude,UCERF3-TI Prob,UCERF3-TD Prob,UCERF3-ETAS Prob
6.0,0.08455207,0.085594706,0.051685393
6.1,0.08455207,0.085594706,0.051685393
6.2,0.08455207,0.085594706,0.051685393
6.3,0.08455207,0.085594706,0.051685393
6.4,0.039109677,0.039475642,0.021348314
6.5,0.039109677,0.039475642,0.021348314
6.6,0.013980243,0.014088605,0.007865168
6.7,0.013980243,0.014088605,0.007865168
6.8,0.0093632685,0.009447081,0.006741573
