Magnitude,UCERF3-TI Prob,UCERF3-TD Prob,UCERF3-ETAS Prob
6.0,0.47955486,0.5000772,0.3494382
6.1,0.27903497,0.28822738,0.1977528
6.2,0.15825133,0.16273458,0.101123594
6.3,0.15825133,0.16273458,0.101123594
6.4,0.09765949,0.10035348,0.07191011
6.5,0.061999794,0.06375141,0.05280899
6.6,0.03456312,0.035578836,0.031460673
