Magnitude,UCERF3-TI Prob,UCERF3-TD Prob,UCERF3-ETAS Prob
6.0,0.02679807,0.02699059,0.019
6.1,0.02679807,0.02699059,0.019
6.2,0.02679807,0.02699059,0.019
6.3,0.02679807,0.02699059,0.019
6.4,0.013903275,0.014028472,0.009
6.5,0.013903275,0.014028472,0.009
