Magnitude,1 wk TI Prob,1 wk TD Prob,1 wk ETAS Prob,1 wk ETAS/TD Gain,1 wk ETAS Triggered Only,1 mo TI Prob,1 mo TD Prob,1 mo ETAS Prob,1 mo ETAS/TD Gain,1 mo ETAS Triggered Only,1 yr TI Prob,1 yr TD Prob,1 yr ETAS Prob,1 yr ETAS/TD Gain,1 yr ETAS Triggered Only,10 yr TI Prob,10 yr TD Prob,10 yr ETAS Prob,10 yr ETAS/TD Gain,10 yr ETAS Triggered Only
6.0,1.9621975E-5,2.2097078E-5,4.420878E-4,20.006618,4.2E-4,8.4091465E-5,9.4699084E-5,6.9464225E-4,7.3352585,6.0E-4,0.0010233327,0.0011524865,0.0025109192,2.178697,0.00136,0.01018633,0.011478408,0.013583959,1.1834358,0.00213
6.1,1.9621975E-5,2.2097078E-5,4.420878E-4,20.006618,4.2E-4,8.4091465E-5,9.4699084E-5,6.9464225E-4,7.3352585,6.0E-4,0.0010233327,0.0011524865,0.0025109192,2.178697,0.00136,0.01018633,0.011478408,0.013583959,1.1834358,0.00213
6.2,9.9971285E-6,1.125564E-5,2.712527E-4,24.099272,2.6E-4,4.2844134E-5,4.8237856E-5,4.1822E-4,8.669954,3.7E-4,5.2150246E-4,5.871897E-4,0.0014167023,2.4126825,8.3E-4,0.0052028033,0.005861487,0.007183691,1.2255749,0.00133
6.3,9.589428E-6,1.0798346E-5,2.7079554E-4,25.077501,2.6E-4,4.10969E-5,4.62781E-5,4.1626097E-4,8.994773,3.7E-4,5.002399E-4,5.6334207E-4,0.0013429027,2.3838139,7.8E-4,0.0049911533,0.0056242296,0.0068870867,1.2245387,0.00127
6.4,9.589428E-6,1.0798346E-5,2.7079554E-4,25.077501,2.6E-4,4.10969E-5,4.62781E-5,4.1626097E-4,8.994773,3.7E-4,5.002399E-4,5.6334207E-4,0.0013429027,2.3838139,7.8E-4,0.0049911533,0.0056242296,0.0068870867,1.2245387,0.00127
6.5,5.557707E-6,6.2856016E-6,2.0628434E-4,32.818554,2.0E-4,2.3818526E-5,2.6938165E-5,3.0693063E-4,11.393895,2.8E-4,2.8995197E-4,3.279497E-4,8.87766E-4,2.707019,5.6E-4,0.0028957394,0.0032772934,0.0040946063,1.2493864,8.2E-4
6.6,4.8742945E-6,5.5132896E-6,1.855123E-4,33.648205,1.8E-4,2.0889667E-5,2.3628318E-5,2.8362218E-4,12.003486,2.6E-4,2.54302E-4,2.87663E-4,8.075134E-4,2.8071508,5.2E-4,0.002540112,0.0028754752,0.0036233186,1.2600764,7.5E-4
6.7,3.991108E-6,4.5159104E-6,1.4451527E-4,32.00136,1.4E-4,1.7104636E-5,1.9353902E-5,2.2934984E-4,11.850315,2.1E-4,2.0822904E-4,2.3563375E-4,6.4553716E-4,2.7395785,4.1E-4,0.0020803404,0.0023563374,0.0029649,1.2582663,6.1E-4
