Magnitude,1 wk TI Prob,1 wk TD Prob,1 wk ETAS Prob,1 wk ETAS/TD Gain,1 wk ETAS Triggered Only,1 mo TI Prob,1 mo TD Prob,1 mo ETAS Prob,1 mo ETAS/TD Gain,1 mo ETAS Triggered Only,1 yr TI Prob,1 yr TD Prob,1 yr ETAS Prob,1 yr ETAS/TD Gain,1 yr ETAS Triggered Only,10 yr TI Prob,10 yr TD Prob,10 yr ETAS Prob,10 yr ETAS/TD Gain,10 yr ETAS Triggered Only
6.0,1.0522846E-5,1.1040642E-5,8.048432E-5,7.2898226,6.9444446E-5,4.509713E-5,4.7316473E-5,1.861988E-4,3.935179,1.3888889E-4,5.4891926E-4,5.759784E-4,8.5359626E-4,1.4819933,2.7777778E-4,0.0054756533,0.005750022,0.006164293,1.0720469,4.1666668E-4
6.1,1.0522846E-5,1.1040642E-5,8.048432E-5,7.2898226,6.9444446E-5,4.509713E-5,4.7316473E-5,1.861988E-4,3.935179,1.3888889E-4,5.4891926E-4,5.759784E-4,8.5359626E-4,1.4819933,2.7777778E-4,0.0054756533,0.005750022,0.006164293,1.0720469,4.1666668E-4
6.2,2.1045846E-6,2.2082024E-6,7.1652496E-5,32.448334,6.9444446E-5,9.019617E-6,9.463714E-6,7.89075E-5,8.3379,6.9444446E-5,1.098083E-4,1.1521882E-4,2.5409172E-4,2.205297,1.3888889E-4,0.0010975406,0.0011520023,0.0013600956,1.1806362,2.0833334E-4
6.3,2.1045846E-6,2.2082024E-6,7.1652496E-5,32.448334,6.9444446E-5,9.019617E-6,9.463714E-6,7.89075E-5,8.3379,6.9444446E-5,1.098083E-4,1.1521882E-4,2.5409172E-4,2.205297,1.3888889E-4,0.0010975406,0.0011520023,0.0013600956,1.1806362,2.0833334E-4
6.4,1.7259927E-6,1.810877E-6,7.12552E-5,39.348446,6.9444446E-5,7.3970905E-6,7.760902E-6,7.720481E-5,9.947917,6.9444446E-5,9.005586E-5,9.4488976E-5,2.3336474E-4,2.4697561,1.3888889E-4,9.001937E-4,9.448898E-4,0.0011530262,1.2202759,2.0833334E-4
