Magnitude,1 wk TI Prob,1 wk TD Prob,1 wk ETAS Prob,1 wk ETAS/TD Gain,1 wk ETAS Triggered Only,1 mo TI Prob,1 mo TD Prob,1 mo ETAS Prob,1 mo ETAS/TD Gain,1 mo ETAS Triggered Only,1 yr TI Prob,1 yr TD Prob,1 yr ETAS Prob,1 yr ETAS/TD Gain,1 yr ETAS Triggered Only,10 yr TI Prob,10 yr TD Prob,10 yr ETAS Prob,10 yr ETAS/TD Gain,10 yr ETAS Triggered Only
6.0,1.9810619E-5,2.311252E-5,7.311136E-5,3.1632798,5.0E-5,8.489989E-5,9.9052755E-5,1.6904583E-4,1.7066242,7.0E-5,0.001033166,0.0012058078,0.0012956993,1.0745487,9.0E-5,0.010283757,0.01204243,0.012180744,1.0114856,1.4E-4
6.1,1.9810619E-5,2.311252E-5,7.311136E-5,3.1632798,5.0E-5,8.489989E-5,9.9052755E-5,1.6904583E-4,1.7066242,7.0E-5,0.001033166,0.0012058078,0.0012956993,1.0745487,9.0E-5,0.010283757,0.01204243,0.012180744,1.0114856,1.4E-4
6.2,1.9810619E-5,2.311252E-5,7.311136E-5,3.1632798,5.0E-5,8.489989E-5,9.9052755E-5,1.6904583E-4,1.7066242,7.0E-5,0.001033166,0.0012058078,0.0012956993,1.0745487,9.0E-5,0.010283757,0.01204243,0.012180744,1.0114856,1.4E-4
6.3,1.9810619E-5,2.311252E-5,7.311136E-5,3.1632798,5.0E-5,8.489989E-5,9.9052755E-5,1.6904583E-4,1.7066242,7.0E-5,0.001033166,0.0012058078,0.0012956993,1.0745487,9.0E-5,0.010283757,0.01204243,0.012180744,1.0114856,1.4E-4
6.4,1.9810619E-5,2.311252E-5,7.311136E-5,3.1632798,5.0E-5,8.489989E-5,9.9052755E-5,1.6904583E-4,1.7066242,7.0E-5,0.001033166,0.0012058078,0.0012956993,1.0745487,9.0E-5,0.010283757,0.01204243,0.012180744,1.0114856,1.4E-4
6.5,1.7190405E-5,2.0050558E-5,7.004956E-5,3.4936461,5.0E-5,7.367108E-5,8.593096E-5,1.5592495E-4,1.8145374,7.0E-5,8.9657627E-4,0.0010462092,0.001136115,1.0859349,9.0E-5,0.008929676,0.010462061,0.010600596,1.0132416,1.4E-4
6.6,1.7190405E-5,2.0050558E-5,7.004956E-5,3.4936461,5.0E-5,7.367108E-5,8.593096E-5,1.5592495E-4,1.8145374,7.0E-5,8.9657627E-4,0.0010462092,0.001136115,1.0859349,9.0E-5,0.008929676,0.010462061,0.010600596,1.0132416,1.4E-4
