Magnitude,1 wk TI Prob,1 wk TD Prob,1 wk ETAS Prob,1 wk ETAS/TD Gain,1 wk ETAS Triggered Only,1 mo TI Prob,1 mo TD Prob,1 mo ETAS Prob,1 mo ETAS/TD Gain,1 mo ETAS Triggered Only,1 yr TI Prob,1 yr TD Prob,1 yr ETAS Prob,1 yr ETAS/TD Gain,1 yr ETAS Triggered Only,10 yr TI Prob,10 yr TD Prob,10 yr ETAS Prob,10 yr ETAS/TD Gain,10 yr ETAS Triggered Only
6.0,6.222801E-6,6.439381E-6,4.412758E-5,6.852767,3.768844E-5,2.6668875E-5,2.7597147E-5,6.528455E-5,2.3656268,3.768844E-5,3.2464517E-4,3.3595937E-4,4.2386953E-4,1.261669,8.79397E-5,0.0032417132,0.0033560768,0.0034812833,1.0373074,1.2562814E-4
6.1,6.222801E-6,6.439381E-6,4.412758E-5,6.852767,3.768844E-5,2.6668875E-5,2.7597147E-5,6.528455E-5,2.3656268,3.768844E-5,3.2464517E-4,3.3595937E-4,4.2386953E-4,1.261669,8.79397E-5,0.0032417132,0.0033560768,0.0034812833,1.0373074,1.2562814E-4
6.2,6.222801E-6,6.439381E-6,4.412758E-5,6.852767,3.768844E-5,2.6668875E-5,2.7597147E-5,6.528455E-5,2.3656268,3.768844E-5,3.2464517E-4,3.3595937E-4,4.2386953E-4,1.261669,8.79397E-5,0.0032417132,0.0033560768,0.0034812833,1.0373074,1.2562814E-4
6.3,6.222801E-6,6.439381E-6,4.412758E-5,6.852767,3.768844E-5,2.6668875E-5,2.7597147E-5,6.528455E-5,2.3656268,3.768844E-5,3.2464517E-4,3.3595937E-4,4.2386953E-4,1.261669,8.79397E-5,0.0032417132,0.0033560768,0.0034812833,1.0373074,1.2562814E-4
6.4,6.222801E-6,6.439381E-6,4.412758E-5,6.852767,3.768844E-5,2.6668875E-5,2.7597147E-5,6.528455E-5,2.3656268,3.768844E-5,3.2464517E-4,3.3595937E-4,4.2386953E-4,1.261669,8.79397E-5,0.0032417132,0.0033560768,0.0034812833,1.0373074,1.2562814E-4
6.5,2.8528623E-6,2.9521684E-6,4.0640498E-5,13.766321,3.768844E-5,1.22264955E-5,1.2652138E-5,5.0340102E-5,3.9787824,3.768844E-5,1.4884741E-4,1.540376E-4,1.9172023E-4,1.2446327,3.768844E-5,0.0014874774,0.0015401616,0.0015903355,1.032577,5.0251256E-5
6.6,2.8528623E-6,2.9521684E-6,4.0640498E-5,13.766321,3.768844E-5,1.22264955E-5,1.2652138E-5,5.0340102E-5,3.9787824,3.768844E-5,1.4884741E-4,1.540376E-4,1.9172023E-4,1.2446327,3.768844E-5,0.0014874774,0.0015401616,0.0015903355,1.032577,5.0251256E-5
6.7,2.541E-6,2.6293578E-6,2.775492E-5,10.5557785,2.5125628E-5,1.0889954E-5,1.1268677E-5,3.639402E-5,3.2296624,2.5125628E-5,1.3257713E-4,1.3719614E-4,1.6231832E-4,1.1831114,2.5125628E-5,0.0013249806,0.0013719613,0.0014095982,1.0274328,3.768844E-5
