Magnitude,1 wk TI Prob,1 wk TD Prob,1 wk ETAS Prob,1 wk ETAS/TD Gain,1 wk ETAS Triggered Only,1 mo TI Prob,1 mo TD Prob,1 mo ETAS Prob,1 mo ETAS/TD Gain,1 mo ETAS Triggered Only,1 yr TI Prob,1 yr TD Prob,1 yr ETAS Prob,1 yr ETAS/TD Gain,1 yr ETAS Triggered Only,10 yr TI Prob,10 yr TD Prob,10 yr ETAS Prob,10 yr ETAS/TD Gain,10 yr ETAS Triggered Only
6.0,1.9621975E-5,2.2097078E-5,5.0952536E-4,23.058496,4.8743907E-4,8.4091465E-5,9.4699084E-5,8.445343E-4,8.918083,7.4990623E-4,0.0010233327,0.0011524865,0.0023884058,2.0723937,0.0012373453,0.01018633,0.011478408,0.013479914,1.1743714,0.002024747
6.1,1.9621975E-5,2.2097078E-5,5.0952536E-4,23.058496,4.8743907E-4,8.4091465E-5,9.4699084E-5,8.445343E-4,8.918083,7.4990623E-4,0.0010233327,0.0011524865,0.0023884058,2.0723937,0.0012373453,0.01018633,0.011478408,0.013479914,1.1743714,0.002024747
6.2,9.9971285E-6,1.1255639E-5,1.612352E-4,14.324838,1.4998125E-4,4.2844134E-5,4.8237856E-5,3.1069238E-4,6.4408417,2.624672E-4,5.2150246E-4,5.871896E-4,0.0011118158,1.8934526,5.249344E-4,0.0052028033,0.005861487,0.0067560994,1.1526256,8.998875E-4
6.3,9.589428E-6,1.0798346E-5,1.6077799E-4,14.88913,1.4998125E-4,4.10969E-5,4.62781E-5,3.0873314E-4,6.6712584,2.624672E-4,5.002399E-4,5.6334207E-4,0.0010879807,1.9312968,5.249344E-4,0.0049911533,0.0056242296,0.0064817714,1.1524727,8.623922E-4
6.4,9.589428E-6,1.0798346E-5,1.6077799E-4,14.88913,1.4998125E-4,4.10969E-5,4.62781E-5,3.0873314E-4,6.6712584,2.624672E-4,5.002399E-4,5.6334207E-4,0.0010879807,1.9312968,5.249344E-4,0.0049911533,0.0056242296,0.0064817714,1.1524727,8.623922E-4
6.5,5.557707E-6,6.2856016E-6,8.127576E-5,12.930466,7.4990625E-5,2.3818526E-5,2.6938165E-5,1.7691538E-4,6.567462,1.4998125E-4,2.8995197E-4,3.2794967E-4,6.278138E-4,1.9143602,2.999625E-4,0.0028957394,0.0032772934,0.003763135,1.1482447,4.8743907E-4
6.6,4.8742945E-6,5.5132896E-6,8.05035E-5,14.601718,7.4990625E-5,2.0889667E-5,2.3628318E-5,1.7360602E-4,7.347371,1.4998125E-4,2.54302E-4,2.87663E-4,5.875392E-4,2.0424566,2.999625E-4,0.002540112,0.0028754752,0.0033615127,1.1690285,4.8743907E-4
6.7,3.991108E-6,4.5159104E-6,4.2011055E-5,9.302898,3.7495312E-5,1.7104636E-5,1.9353902E-5,1.3183766E-4,6.8119426,1.1248594E-4,2.0822904E-4,2.3563375E-4,4.605526E-4,1.9545274,2.2497188E-4,0.0020803404,0.0023563374,0.002730407,1.1587504,3.7495312E-4
