Magnitude,1 wk TI Prob,1 wk TD Prob,1 wk ETAS Prob,1 wk ETAS/TD Gain,1 wk ETAS Triggered Only,1 mo TI Prob,1 mo TD Prob,1 mo ETAS Prob,1 mo ETAS/TD Gain,1 mo ETAS Triggered Only,1 yr TI Prob,1 yr TD Prob,1 yr ETAS Prob,1 yr ETAS/TD Gain,1 yr ETAS Triggered Only,10 yr TI Prob,10 yr TD Prob,10 yr ETAS Prob,10 yr ETAS/TD Gain,10 yr ETAS Triggered Only
6.0,1.9621975E-5,2.2097078E-5,4.0152334E-4,18.17088,3.7943464E-4,8.4091465E-5,9.4699084E-5,7.586468E-4,8.011131,6.6401064E-4,0.0010233327,0.0011524865,0.002242104,1.9454491,0.0010908745,0.01018633,0.011478408,0.013447574,1.171554,0.001992032
6.1,1.9621975E-5,2.2097078E-5,4.0152334E-4,18.17088,3.7943464E-4,8.4091465E-5,9.4699084E-5,7.586468E-4,8.011131,6.6401064E-4,0.0010233327,0.0011524865,0.002242104,1.9454491,0.0010908745,0.01018633,0.011478408,0.013447574,1.171554,0.001992032
6.2,9.9971285E-6,1.1255639E-5,1.5354203E-4,13.641342,1.4228799E-4,4.2844134E-5,4.8237856E-5,3.3280012E-4,6.899148,2.8457597E-4,5.2150246E-4,5.871896E-4,0.0011086059,1.8879862,5.2172266E-4,0.0052028033,0.005861487,0.0068516643,1.1689295,9.96016E-4
6.3,9.589428E-6,1.0798346E-5,1.530848E-4,14.17669,1.4228799E-4,4.10969E-5,4.62781E-5,3.308409E-4,7.148974,2.8457597E-4,5.002399E-4,5.6334207E-4,0.0010847708,1.9255989,5.2172266E-4,0.0049911533,0.0056242296,0.006567481,1.1677121,9.485866E-4
6.4,9.589428E-6,1.0798346E-5,1.530848E-4,14.17669,1.4228799E-4,4.10969E-5,4.62781E-5,3.308409E-4,7.148974,2.8457597E-4,5.002399E-4,5.6334207E-4,0.0010847708,1.9255989,5.2172266E-4,0.0049911533,0.0056242296,0.006567481,1.1677121,9.485866E-4
6.5,5.557707E-6,6.2856016E-6,1.0114367E-4,16.091326,9.485866E-5,2.3818526E-5,2.6938165E-5,2.1665037E-4,8.042507,1.8971732E-4,2.8995197E-4,3.2794967E-4,6.598461E-4,2.0120347,3.3200532E-4,0.0028957394,0.0032772934,0.0038445801,1.1730961,5.6915195E-4
6.6,4.8742945E-6,5.5132896E-6,1.0037143E-4,18.20536,9.485866E-5,2.0889667E-5,2.3628318E-5,2.1334116E-4,9.029045,1.8971732E-4,2.54302E-4,2.87663E-4,6.195728E-4,2.1538148,3.3200532E-4,0.002540112,0.0028754752,0.0034429906,1.197364,5.6915195E-4
6.7,3.991108E-6,4.5159104E-6,5.1945026E-5,11.50267,4.742933E-5,1.7104636E-5,1.9353902E-5,1.6163914E-4,8.35176,1.4228799E-4,2.0822904E-4,2.3563375E-4,4.7272453E-4,2.0061834,2.3714665E-4,0.0020803404,0.0023563374,0.0027821956,1.1807288,4.2686396E-4
