Magnitude,1 wk TI Prob,1 wk TD Prob,1 wk ETAS Prob,1 wk ETAS/TD Gain,1 wk ETAS Triggered Only,1 mo TI Prob,1 mo TD Prob,1 mo ETAS Prob,1 mo ETAS/TD Gain,1 mo ETAS Triggered Only,1 yr TI Prob,1 yr TD Prob,1 yr ETAS Prob,1 yr ETAS/TD Gain,1 yr ETAS Triggered Only,10 yr TI Prob,10 yr TD Prob,10 yr ETAS Prob,10 yr ETAS/TD Gain,10 yr ETAS Triggered Only
6.0,3.5090034E-5,4.0364324E-5,9.573979E-4,23.718914,9.170706E-4,1.503772E-4,1.7297994E-4,0.0013518668,7.815165,0.0011790908,0.0018293047,0.0021042528,0.0043267375,2.0561872,0.0022271716,0.018143194,0.020869201,0.02446093,1.1721066,0.0036682824
6.1,3.5090034E-5,4.0364324E-5,9.573979E-4,23.718914,9.170706E-4,1.503772E-4,1.7297994E-4,0.0013518668,7.815165,0.0011790908,0.0018293047,0.0021042528,0.0043267375,2.0561872,0.0022271716,0.018143194,0.020869201,0.02446093,1.1721066,0.0036682824
6.2,1.841879E-5,2.1059794E-5,5.4508913E-4,25.882927,5.2404037E-4,7.8935285E-5,9.0253714E-5,6.1424676E-4,6.8057785,5.2404037E-4,9.606133E-4,0.001098387,0.0024070488,2.1914396,0.0013101009,0.0095647145,0.010939667,0.013012897,1.1895149,0.0020961615
6.3,1.841879E-5,2.1059794E-5,5.4508913E-4,25.882927,5.2404037E-4,7.8935285E-5,9.0253714E-5,6.1424676E-4,6.8057785,5.2404037E-4,9.606133E-4,0.001098387,0.0024070488,2.1914396,0.0013101009,0.0095647145,0.010939667,0.013012897,1.1895149,0.0020961615
6.4,1.712201E-5,1.9565212E-5,5.435953E-4,27.783768,5.2404037E-4,7.337798E-5,8.3848776E-5,6.078452E-4,7.249303,5.2404037E-4,8.930107E-4,0.0010204813,0.0021983688,2.154247,0.0011790908,0.008894307,0.010167871,0.01211304,1.1913055,0.0019651514
6.5,1.4744935E-5,1.6836972E-5,5.408685E-4,32.12386,5.2404037E-4,6.3191044E-5,7.215698E-5,5.9615955E-4,8.26198,5.2404037E-4,7.6907943E-4,8.7825063E-4,0.0019254108,2.192325,0.0010480807,0.007664232,0.008756994,0.010575074,1.2076145,0.0018341412
6.6,1.2017839E-5,1.37240895E-5,5.3775724E-4,39.183456,5.2404037E-4,5.150401E-5,5.88167E-5,5.828262E-4,9.909197,5.2404037E-4,6.268809E-4,7.159466E-4,0.0016323606,2.2800033,9.170706E-4,0.0062511545,0.0071450938,0.008836056,1.2366606,0.0017031311
6.7,1.00956095E-5,1.1533517E-5,5.355678E-4,46.43578,5.2404037E-4,4.326618E-5,4.942891E-5,5.7344337E-4,11.601376,5.2404037E-4,5.266384E-4,6.017178E-4,0.0013873053,2.3055747,7.860605E-4,0.005253921,0.0060094125,0.0073116403,1.216698,0.0013101009
