Magnitude,1 wk TI Prob,1 wk TD Prob,1 wk ETAS Prob,1 wk ETAS/TD Gain,1 wk ETAS Triggered Only,1 mo TI Prob,1 mo TD Prob,1 mo ETAS Prob,1 mo ETAS/TD Gain,1 mo ETAS Triggered Only,1 yr TI Prob,1 yr TD Prob,1 yr ETAS Prob,1 yr ETAS/TD Gain,1 yr ETAS Triggered Only,10 yr TI Prob,10 yr TD Prob,10 yr ETAS Prob,10 yr ETAS/TD Gain,10 yr ETAS Triggered Only
6.0,9.102099E-5,8.952015E-5,8.952015E-5,1.0,0.0,3.9003167E-4,3.8361453E-4,3.8361453E-4,1.0,0.0,0.0047383,0.004662009,0.0046993294,1.0080053,3.7495312E-5,0.046385348,0.045870975,0.04590675,1.0007799,3.7495312E-5
6.1,3.8306698E-5,4.1498504E-5,4.1498504E-5,1.0,0.0,1.6416123E-4,1.7784268E-4,1.7784268E-4,1.0,0.0,0.0019968306,0.0021631396,0.002200554,1.0172962,3.7495312E-5,0.019789828,0.021628205,0.02166489,1.0016961,3.7495312E-5
6.2,3.8306698E-5,4.1498504E-5,4.1498504E-5,1.0,0.0,1.6416123E-4,1.7784268E-4,1.7784268E-4,1.0,0.0,0.0019968306,0.0021631396,0.002200554,1.0172962,3.7495312E-5,0.019789828,0.021628205,0.02166489,1.0016961,3.7495312E-5
6.3,3.3197924E-5,3.6554302E-5,3.6554302E-5,1.0,0.0,1.4226905E-4,1.5665586E-4,1.5665586E-4,1.0,0.0,0.0017307495,0.001905917,0.0019433409,1.0196356,3.7495312E-5,0.017173318,0.01908996,0.01912674,1.0019267,3.7495312E-5
6.4,2.5148964E-5,2.7420487E-5,2.7420487E-5,1.0,0.0,1.0777682E-4,1.17514726E-4,1.17514726E-4,1.0,0.0,0.0013113929,0.0014304507,0.0014678924,1.0261748,3.7495312E-5,0.01303681,0.014387194,0.01442415,1.0025687,3.7495312E-5
6.5,2.5148964E-5,2.7420487E-5,2.7420487E-5,1.0,0.0,1.0777682E-4,1.17514726E-4,1.17514726E-4,1.0,0.0,0.0013113929,0.0014304507,0.0014678924,1.0261748,3.7495312E-5,0.01303681,0.014387194,0.01442415,1.0025687,3.7495312E-5
