Magnitude,1 wk TI Prob,1 wk TD Prob,1 wk ETAS Prob,1 wk ETAS/TD Gain,1 wk ETAS Triggered Only,1 mo TI Prob,1 mo TD Prob,1 mo ETAS Prob,1 mo ETAS/TD Gain,1 mo ETAS Triggered Only,1 yr TI Prob,1 yr TD Prob,1 yr ETAS Prob,1 yr ETAS/TD Gain,1 yr ETAS Triggered Only,10 yr TI Prob,10 yr TD Prob,10 yr ETAS Prob,10 yr ETAS/TD Gain,10 yr ETAS Triggered Only
6.0,1.6760017E-5,1.8776833E-5,1.8888507E-4,10.059474,1.7011142E-4,7.182667E-5,8.0470316E-5,3.7814135E-4,4.6991405,2.97695E-4,8.7413884E-4,9.794032E-4,0.0019565858,1.9977329,9.781406E-4,0.008707083,0.009762413,0.011531145,1.1811779,0.00178617
6.1,9.852767E-6,1.09735865E-5,9.6028365E-5,8.750864,8.505571E-5,4.222546E-5,4.702921E-5,2.596585E-4,5.5212173,2.1263928E-4,5.139737E-4,5.7250116E-4,0.0011675503,2.039385,5.9539E-4,0.005127866,0.005717221,0.0067743394,1.1849006,0.0010631963
6.2,9.852767E-6,1.09735865E-5,9.6028365E-5,8.750864,8.505571E-5,4.222546E-5,4.702921E-5,2.596585E-4,5.5212173,2.1263928E-4,5.139737E-4,5.7250116E-4,0.0011675503,2.039385,5.9539E-4,0.005127866,0.005717221,0.0067743394,1.1849006,0.0010631963
6.3,4.3167724E-6,4.7780286E-6,4.7305683E-5,9.900669,4.2527856E-5,1.8500323E-5,2.0477235E-5,1.4805819E-4,7.23038,1.2758357E-4,2.2521814E-4,2.4930484E-4,4.1937386E-4,1.6821729,1.7011142E-4,0.0022499003,0.00249251,0.0029167284,1.1701974,4.2527856E-4
6.4,4.3167724E-6,4.7780286E-6,4.7305683E-5,9.900669,4.2527856E-5,1.8500323E-5,2.0477235E-5,1.4805819E-4,7.23038,1.2758357E-4,2.2521814E-4,2.4930484E-4,4.1937386E-4,1.6821729,1.7011142E-4,0.0022499003,0.00249251,0.0029167284,1.1701974,4.2527856E-4
6.5,4.3167724E-6,4.7780286E-6,4.7305683E-5,9.900669,4.2527856E-5,1.8500323E-5,2.0477235E-5,1.4805819E-4,7.23038,1.2758357E-4,2.2521814E-4,2.4930484E-4,4.1937386E-4,1.6821729,1.7011142E-4,0.0022499003,0.00249251,0.0029167284,1.1701974,4.2527856E-4
6.6,4.301311E-6,4.760897E-6,4.728855E-5,9.932697,4.2527856E-5,1.8434059E-5,2.0403815E-5,1.4798479E-4,7.2527995,1.2758357E-4,2.2441156E-4,2.4841115E-4,4.184803E-4,1.6846278,1.7011142E-4,0.0022418506,0.002483593,0.0029078154,1.1708099,4.2527856E-4
6.7,3.8599724E-6,4.27106E-6,4.6798734E-5,10.957171,4.2527856E-5,1.6542634E-5,1.8304541E-5,1.4588577E-4,7.969922,1.2758357E-4,2.0138794E-4,2.228578E-4,3.929313E-4,1.7631481,1.7011142E-4,0.0020120554,0.002228578,0.0026104758,1.1713638,3.827507E-4
