Magnitude,1 wk TI Prob,1 wk TD Prob,1 wk ETAS Prob,1 wk ETAS/TD Gain,1 wk ETAS Triggered Only,1 mo TI Prob,1 mo TD Prob,1 mo ETAS Prob,1 mo ETAS/TD Gain,1 mo ETAS Triggered Only,1 yr TI Prob,1 yr TD Prob,1 yr ETAS Prob,1 yr ETAS/TD Gain,1 yr ETAS Triggered Only,10 yr TI Prob,10 yr TD Prob,10 yr ETAS Prob,10 yr ETAS/TD Gain,10 yr ETAS Triggered Only
6.0,2.0341662E-5,2.3828166E-5,1.5483513E-4,6.4979877,1.3101009E-4,8.717564E-5,1.0211971E-4,2.3311643E-4,2.2827759,1.3101009E-4,0.0010608466,0.0012431298,0.001373977,1.1052563,1.3101009E-4,0.010557966,0.012413835,0.012543219,1.0104226,1.3101009E-4
6.1,2.0341662E-5,2.3828166E-5,1.5483513E-4,6.4979877,1.3101009E-4,8.717564E-5,1.0211971E-4,2.3311643E-4,2.2827759,1.3101009E-4,0.0010608466,0.0012431298,0.001373977,1.1052563,1.3101009E-4,0.010557966,0.012413835,0.012543219,1.0104226,1.3101009E-4
6.2,2.0341662E-5,2.3828166E-5,1.5483513E-4,6.4979877,1.3101009E-4,8.717564E-5,1.0211971E-4,2.3311643E-4,2.2827759,1.3101009E-4,0.0010608466,0.0012431298,0.001373977,1.1052563,1.3101009E-4,0.010557966,0.012413835,0.012543219,1.0104226,1.3101009E-4
6.3,2.0341662E-5,2.3828166E-5,1.5483513E-4,6.4979877,1.3101009E-4,8.717564E-5,1.0211971E-4,2.3311643E-4,2.2827759,1.3101009E-4,0.0010608466,0.0012431298,0.001373977,1.1052563,1.3101009E-4,0.010557966,0.012413835,0.012543219,1.0104226,1.3101009E-4
6.4,1.749821E-5,2.0490985E-5,1.5149839E-4,7.3934164,1.3101009E-4,7.499018E-5,8.781851E-5,2.1881709E-4,2.4916968,1.3101009E-4,9.1262296E-4,0.0010691903,0.0012000604,1.122401,1.3101009E-4,0.009088841,0.010691865,0.010821475,1.0121223,1.3101009E-4
6.5,1.749821E-5,2.0490985E-5,1.5149839E-4,7.3934164,1.3101009E-4,7.499018E-5,8.781851E-5,2.1881709E-4,2.4916968,1.3101009E-4,9.1262296E-4,0.0010691903,0.0012000604,1.122401,1.3101009E-4,0.009088841,0.010691865,0.010821475,1.0121223,1.3101009E-4
