Magnitude,1 wk TI Prob,1 wk TD Prob,1 wk ETAS Prob,1 wk ETAS/TD Gain,1 wk ETAS Triggered Only,1 mo TI Prob,1 mo TD Prob,1 mo ETAS Prob,1 mo ETAS/TD Gain,1 mo ETAS Triggered Only,1 yr TI Prob,1 yr TD Prob,1 yr ETAS Prob,1 yr ETAS/TD Gain,1 yr ETAS Triggered Only,10 yr TI Prob,10 yr TD Prob,10 yr ETAS Prob,10 yr ETAS/TD Gain,10 yr ETAS Triggered Only
6.0,2.0341662E-5,2.3828166E-5,1.0750118E-4,4.511517,8.3675004E-5,8.717564E-5,1.0211971E-4,1.8578618E-4,1.8192979,8.3675004E-5,0.0010608466,0.0012431298,0.0013267008,1.0672263,8.3675004E-5,0.010557966,0.012413835,0.012496471,1.0066568,8.3675004E-5
6.1,2.0341662E-5,2.3828166E-5,1.0750118E-4,4.511517,8.3675004E-5,8.717564E-5,1.0211971E-4,1.8578618E-4,1.8192979,8.3675004E-5,0.0010608466,0.0012431298,0.0013267008,1.0672263,8.3675004E-5,0.010557966,0.012413835,0.012496471,1.0066568,8.3675004E-5
6.2,2.0341662E-5,2.3828166E-5,1.0750118E-4,4.511517,8.3675004E-5,8.717564E-5,1.0211971E-4,1.8578618E-4,1.8192979,8.3675004E-5,0.0010608466,0.0012431298,0.0013267008,1.0672263,8.3675004E-5,0.010557966,0.012413835,0.012496471,1.0066568,8.3675004E-5
6.3,2.0341662E-5,2.3828166E-5,1.0750118E-4,4.511517,8.3675004E-5,8.717564E-5,1.0211971E-4,1.8578618E-4,1.8192979,8.3675004E-5,0.0010608466,0.0012431298,0.0013267008,1.0672263,8.3675004E-5,0.010557966,0.012413835,0.012496471,1.0066568,8.3675004E-5
6.4,1.749821E-5,2.0490985E-5,1.04164275E-4,5.08342,8.3675004E-5,7.499018E-5,8.781851E-5,1.7148617E-4,1.9527338,8.3675004E-5,9.1262296E-4,0.0010691903,0.0011527758,1.0781765,8.3675004E-5,0.009088841,0.010691865,0.010774645,1.0077424,8.3675004E-5
6.5,1.749821E-5,2.0490985E-5,1.04164275E-4,5.08342,8.3675004E-5,7.499018E-5,8.781851E-5,1.7148617E-4,1.9527338,8.3675004E-5,9.1262296E-4,0.0010691903,0.0011527758,1.0781765,8.3675004E-5,0.009088841,0.010691865,0.010774645,1.0077424,8.3675004E-5
