Magnitude,1 yr TI Prob,TD Prob,ETAS Prob,ETAS/TD Gain,ETAS Triggered Only,10 yr TI Prob,TD Prob,ETAS Prob,ETAS/TD Gain,ETAS Triggered Only
6.0,0.0010233327,0.0011524865,0.0021213687,1.8406885,9.7E-4,0.01018633,0.011478408,0.012971075,1.1300414,0.00151
6.1,0.0010233327,0.0011524865,0.0021213687,1.8406885,9.7E-4,0.01018633,0.011478408,0.012971075,1.1300414,0.00151
6.2,5.2150246E-4,5.871896E-4,0.001166849,1.9871758,5.8E-4,0.0052028033,0.005861487,0.0067860354,1.1577328,9.3E-4
6.3,5.002399E-4,5.6334207E-4,0.0011230266,1.9935075,5.6E-4,0.0049911533,0.0056242296,0.0065191677,1.1591219,9.0E-4
6.4,5.002399E-4,5.6334207E-4,0.0011230266,1.9935075,5.6E-4,0.0049911533,0.0056242296,0.0065191677,1.1591219,9.0E-4
6.5,2.8995197E-4,3.2794967E-4,7.1782176E-4,2.1888168,3.9E-4,0.0028957394,0.0032772934,0.0038653598,1.1794366,5.9E-4
6.6,2.54302E-4,2.87663E-4,5.975738E-4,2.07734,3.1E-4,0.002540112,0.0028754752,0.003354095,1.166449,4.8E-4
6.7,2.0822904E-4,2.3563375E-4,4.8557483E-4,2.0607185,2.5E-4,0.0020803404,0.0023563374,0.002735442,1.1608872,3.8E-4
