Magnitude,1 wk TI Prob,1 wk TD Prob,1 wk ETAS Prob,1 wk ETAS/TD Gain,1 wk ETAS Triggered Only,1 mo TI Prob,1 mo TD Prob,1 mo ETAS Prob,1 mo ETAS/TD Gain,1 mo ETAS Triggered Only,1 yr TI Prob,1 yr TD Prob,1 yr ETAS Prob,1 yr ETAS/TD Gain,1 yr ETAS Triggered Only,10 yr TI Prob,10 yr TD Prob,10 yr ETAS Prob,10 yr ETAS/TD Gain,10 yr ETAS Triggered Only
6.0,4.187212E-5,5.344289E-5,6.3442356E-5,1.1871057,1.0E-5,1.794396E-4,2.2902661E-4,2.3902432E-4,1.043653,1.0E-5,0.002182488,0.0027857998,0.002795772,1.0035796,1.0E-5,0.021611776,0.027603218,0.027612941,1.0003523,1.0E-5
6.1,4.187212E-5,5.344289E-5,6.3442356E-5,1.1871057,1.0E-5,1.794396E-4,2.2902661E-4,2.3902432E-4,1.043653,1.0E-5,0.002182488,0.0027857998,0.002795772,1.0035796,1.0E-5,0.021611776,0.027603218,0.027612941,1.0003523,1.0E-5
6.2,1.7353306E-5,2.2154672E-5,3.215445E-5,1.451362,1.0E-5,7.436919E-5,9.4947456E-5,1.04946506E-4,1.1053114,1.0E-5,9.050688E-4,0.0011557573,0.0011657458,1.0086423,1.0E-5,0.009013915,0.0115352,0.011545085,1.0008569,1.0E-5
6.3,1.7353306E-5,2.2154672E-5,3.215445E-5,1.451362,1.0E-5,7.436919E-5,9.4947456E-5,1.04946506E-4,1.1053114,1.0E-5,9.050688E-4,0.0011557573,0.0011657458,1.0086423,1.0E-5,0.009013915,0.0115352,0.011545085,1.0008569,1.0E-5
6.4,1.4028824E-5,1.7901062E-5,2.7900882E-5,1.558616,1.0E-5,6.0122147E-5,7.671883E-5,8.6718064E-5,1.130336,1.0E-5,7.3174125E-4,9.340303E-4,9.440209E-4,1.0106963,1.0E-5,0.0072933645,0.009338211,0.009348118,1.0010608,1.0E-5
