Magnitude,1 yr TI Prob,TD Prob,ETAS Prob,ETAS/TD Gain,ETAS Triggered Only,10 yr TI Prob,TD Prob,ETAS Prob,ETAS/TD Gain,ETAS Triggered Only
6.0,0.0011647546,0.001309364,0.0014092331,1.076273,1.0E-4,0.011586686,0.013033091,0.013181136,1.0113592,1.5E-4
6.1,0.0011647546,0.001309364,0.0014092331,1.076273,1.0E-4,0.011586686,0.013033091,0.013181136,1.0113592,1.5E-4
6.2,0.0011647546,0.001309364,0.0014092331,1.076273,1.0E-4,0.011586686,0.013033091,0.013181136,1.0113592,1.5E-4
6.3,0.0011647546,0.001309364,0.0014092331,1.076273,1.0E-4,0.011586686,0.013033091,0.013181136,1.0113592,1.5E-4
6.4,6.409735E-4,7.189252E-4,7.988677E-4,1.1111972,8.0E-5,0.006391279,0.0071752006,0.0072744833,1.0138369,1.0E-4
6.5,6.409735E-4,7.189252E-4,7.988677E-4,1.1111972,8.0E-5,0.006391279,0.0071752006,0.0072744833,1.0138369,1.0E-4
6.6,4.4774043E-4,5.026414E-4,5.726062E-4,1.1391943,7.0E-5,0.0044683935,0.005023205,0.0051028035,1.0158461,8.0E-5
6.7,3.7591302E-4,4.2203604E-4,4.7201492E-4,1.1184233,5.0E-5,0.0037527776,0.0042203604,0.004280107,1.0141568,6.0E-5
