Magnitude,1 wk TI Prob,1 wk TD Prob,1 wk ETAS Prob,1 wk ETAS/TD Gain,1 wk ETAS Triggered Only,1 mo TI Prob,1 mo TD Prob,1 mo ETAS Prob,1 mo ETAS/TD Gain,1 mo ETAS Triggered Only,1 yr TI Prob,1 yr TD Prob,1 yr ETAS Prob,1 yr ETAS/TD Gain,1 yr ETAS Triggered Only,10 yr TI Prob,10 yr TD Prob,10 yr ETAS Prob,10 yr ETAS/TD Gain,10 yr ETAS Triggered Only
6.0,1.9621975E-5,2.2097078E-5,4.5134584E-4,20.425589,4.2925825E-4,8.4091465E-5,9.4699084E-5,6.956037E-4,7.345411,6.0096156E-4,0.0010233327,0.0011524865,0.0020100137,1.7440668,8.585165E-4,0.01018633,0.011478408,0.0131333,1.1441742,0.0016741072
6.1,1.9621975E-5,2.2097078E-5,4.5134584E-4,20.425589,4.2925825E-4,8.4091465E-5,9.4699084E-5,6.956037E-4,7.345411,6.0096156E-4,0.0010233327,0.0011524865,0.0020100137,1.7440668,8.585165E-4,0.01018633,0.011478408,0.0131333,1.1441742,0.0016741072
6.2,9.9971285E-6,1.125564E-5,2.2588235E-4,20.06837,2.1462912E-4,4.2844134E-5,4.8237856E-5,4.3455165E-4,9.008519,3.8633242E-4,5.2150246E-4,5.871897E-4,0.0011877983,2.022853,6.0096156E-4,0.0052028033,0.005861487,0.0070136907,1.196572,0.0011589973
6.3,9.589428E-6,1.0798346E-5,2.2542514E-4,20.875896,2.1462912E-4,4.10969E-5,4.62781E-5,4.3259264E-4,9.347675,3.8633242E-4,5.002399E-4,5.6334207E-4,0.0011639651,2.066178,6.0096156E-4,0.0049911533,0.0056242296,0.0067767086,1.2049131,0.0011589973
6.4,9.589428E-6,1.0798346E-5,2.2542514E-4,20.875896,2.1462912E-4,4.10969E-5,4.62781E-5,4.3259264E-4,9.347675,3.8633242E-4,5.002399E-4,5.6334207E-4,0.0011639651,2.066178,6.0096156E-4,0.0049911533,0.0056242296,0.0067767086,1.2049131,0.0011589973
6.5,5.557707E-6,6.2856016E-6,9.213671E-5,14.658376,8.585165E-5,2.3818526E-5,2.6938165E-5,1.5571217E-4,5.7803555,1.2877748E-4,2.8995197E-4,3.279497E-4,5.854202E-4,1.7850914,2.5755496E-4,0.0028957394,0.0032772934,0.0039190706,1.1958253,6.438874E-4
6.6,4.8742945E-6,5.5132896E-6,4.8438877E-5,8.785839,4.2925825E-5,2.0889667E-5,2.3628318E-5,1.09477936E-4,4.633336,8.585165E-5,2.54302E-4,2.87663E-4,5.0223037E-4,1.7458985,2.1462912E-4,0.002540112,0.0028754752,0.0034319062,1.1935092,5.5803574E-4
6.7,3.991108E-6,4.5159104E-6,4.744154E-5,10.505422,4.2925825E-5,1.7104636E-5,1.9353902E-5,1.05203886E-4,5.4357977,8.585165E-5,2.0822904E-4,2.3563375E-4,4.0729658E-4,1.7285155,1.717033E-4,0.0020803404,0.0023563374,0.0028702335,1.218091,5.151099E-4
