Magnitude,1 wk TI Prob,1 wk TD Prob,1 wk ETAS Prob,1 wk ETAS/TD Gain,1 wk ETAS Triggered Only,1 mo TI Prob,1 mo TD Prob,1 mo ETAS Prob,1 mo ETAS/TD Gain,1 mo ETAS Triggered Only,1 yr TI Prob,1 yr TD Prob,1 yr ETAS Prob,1 yr ETAS/TD Gain,1 yr ETAS Triggered Only,10 yr TI Prob,10 yr TD Prob,10 yr ETAS Prob,10 yr ETAS/TD Gain,10 yr ETAS Triggered Only
6.0,1.9810619E-5,2.311252E-5,6.5142485E-5,2.8184934,4.2030933E-5,8.489989E-5,9.9052755E-5,1.4107952E-4,1.4242867,4.2030933E-5,0.001033166,0.0012058078,0.0012477881,1.0348151,4.2030933E-5,0.010283757,0.01204243,0.012146242,1.0086205,1.05077335E-4
6.1,1.9810619E-5,2.311252E-5,6.5142485E-5,2.8184934,4.2030933E-5,8.489989E-5,9.9052755E-5,1.4107952E-4,1.4242867,4.2030933E-5,0.001033166,0.0012058078,0.0012477881,1.0348151,4.2030933E-5,0.010283757,0.01204243,0.012146242,1.0086205,1.05077335E-4
6.2,1.9810619E-5,2.311252E-5,6.5142485E-5,2.8184934,4.2030933E-5,8.489989E-5,9.9052755E-5,1.4107952E-4,1.4242867,4.2030933E-5,0.001033166,0.0012058078,0.0012477881,1.0348151,4.2030933E-5,0.010283757,0.01204243,0.012146242,1.0086205,1.05077335E-4
6.3,1.9810619E-5,2.311252E-5,6.5142485E-5,2.8184934,4.2030933E-5,8.489989E-5,9.9052755E-5,1.4107952E-4,1.4242867,4.2030933E-5,0.001033166,0.0012058078,0.0012477881,1.0348151,4.2030933E-5,0.010283757,0.01204243,0.012146242,1.0086205,1.05077335E-4
6.4,1.9810619E-5,2.311252E-5,6.5142485E-5,2.8184934,4.2030933E-5,8.489989E-5,9.9052755E-5,1.4107952E-4,1.4242867,4.2030933E-5,0.001033166,0.0012058078,0.0012477881,1.0348151,4.2030933E-5,0.010283757,0.01204243,0.012146242,1.0086205,1.05077335E-4
6.5,1.7190405E-5,2.0050558E-5,6.208065E-5,3.0962057,4.2030933E-5,7.367108E-5,8.593096E-5,1.2795828E-4,1.4890825,4.2030933E-5,8.9657627E-4,0.0010462092,0.0010881962,1.0401325,4.2030933E-5,0.008929676,0.010462061,0.010566039,1.0099386,1.05077335E-4
6.6,1.7190405E-5,2.0050558E-5,6.208065E-5,3.0962057,4.2030933E-5,7.367108E-5,8.593096E-5,1.2795828E-4,1.4890825,4.2030933E-5,8.9657627E-4,0.0010462092,0.0010881962,1.0401325,4.2030933E-5,0.008929676,0.010462061,0.010566039,1.0099386,1.05077335E-4
