Magnitude,1 wk TI Prob,1 wk TD Prob,1 wk ETAS Prob,1 wk ETAS/TD Gain,1 wk ETAS Triggered Only,1 mo TI Prob,1 mo TD Prob,1 mo ETAS Prob,1 mo ETAS/TD Gain,1 mo ETAS Triggered Only,1 yr TI Prob,1 yr TD Prob,1 yr ETAS Prob,1 yr ETAS/TD Gain,1 yr ETAS Triggered Only,10 yr TI Prob,10 yr TD Prob,10 yr ETAS Prob,10 yr ETAS/TD Gain,10 yr ETAS Triggered Only
6.0,1.6760017E-5,1.8776833E-5,2.709577E-4,14.430427,2.5218562E-4,7.182667E-5,8.0470316E-5,4.3770453E-4,5.4393287,3.5726294E-4,8.7413884E-4,9.794032E-4,0.0018611883,1.9003291,8.826496E-4,0.008707083,0.009762413,0.011364806,1.164139,0.001618191
6.1,9.852767E-6,1.0973587E-5,1.3706501E-4,12.490447,1.2609281E-4,4.222546E-5,4.702921E-5,2.3615953E-4,5.0215497,1.891392E-4,5.139737E-4,5.7250116E-4,0.0010765836,1.8804916,5.0437124E-4,0.005127866,0.005717221,0.0065321387,1.1425374,8.196032E-4
6.2,9.852767E-6,1.0973587E-5,1.3706501E-4,12.490447,1.2609281E-4,4.222546E-5,4.702921E-5,2.3615953E-4,5.0215497,1.891392E-4,5.139737E-4,5.7250116E-4,0.0010765836,1.8804916,5.0437124E-4,0.005127866,0.005717221,0.0065321387,1.1425374,8.196032E-4
6.3,4.3167724E-6,4.7780286E-6,4.6808764E-5,9.796669,4.2030933E-5,1.8500323E-5,2.0477235E-5,8.352235E-5,4.07879,6.3046406E-5,2.2521814E-4,2.4930484E-4,4.8041734E-4,1.9270278,2.3117014E-4,0.0022499003,0.00249251,0.0028908085,1.1597983,3.9929387E-4
6.4,4.3167724E-6,4.7780286E-6,4.6808764E-5,9.796669,4.2030933E-5,1.8500323E-5,2.0477235E-5,8.352235E-5,4.07879,6.3046406E-5,2.2521814E-4,2.4930484E-4,4.8041734E-4,1.9270278,2.3117014E-4,0.0022499003,0.00249251,0.0028908085,1.1597983,3.9929387E-4
6.5,4.3167724E-6,4.7780286E-6,4.6808764E-5,9.796669,4.2030933E-5,1.8500323E-5,2.0477235E-5,8.352235E-5,4.07879,6.3046406E-5,2.2521814E-4,2.4930484E-4,4.8041734E-4,1.9270278,2.3117014E-4,0.0022499003,0.00249251,0.0028908085,1.1597983,3.9929387E-4
6.6,4.301311E-6,4.760897E-6,4.6791632E-5,9.828322,4.2030933E-5,1.8434059E-5,2.0403815E-5,8.344893E-5,4.089869,6.3046406E-5,2.2441156E-4,2.4841115E-4,4.7952388E-4,1.9303637,2.3117014E-4,0.0022418506,0.002483593,0.0028818953,1.1603733,3.9929387E-4
6.7,3.8599724E-6,4.27106E-6,4.6301815E-5,10.840826,4.2030933E-5,1.6542634E-5,1.8304541E-5,8.134979E-5,4.4442406,6.3046406E-5,2.0138794E-4,2.228578E-4,4.5397642E-4,2.0370677,2.3117014E-4,0.0020120554,0.002228578,0.002626982,1.1787705,3.9929387E-4
