Magnitude,1 wk TI Prob,1 wk TD Prob,1 wk ETAS Prob,1 wk ETAS/TD Gain,1 wk ETAS Triggered+TD,1 wk ETAS Triggered Only,1 mo TI Prob,1 mo TD Prob,1 mo ETAS Prob,1 mo ETAS/TD Gain,1 mo ETAS Triggered+TD,1 mo ETAS Triggered Only,1 yr TI Prob,1 yr TD Prob,1 yr ETAS Prob,1 yr ETAS/TD Gain,1 yr ETAS Triggered+TD,1 yr ETAS Triggered Only,10 yr TI Prob,10 yr TD Prob,10 yr ETAS Prob,10 yr ETAS/TD Gain,10 yr ETAS Triggered+TD,10 yr ETAS Triggered Only
6.0,8.258278E-6,8.551265E-6,1.9E-4,22.218935,1.8854972E-4,1.8E-4,3.539214E-5,3.6647863E-5,2.6E-4,7.0945473,2.7663907E-4,2.4E-4,4.308141E-4,4.4611428E-4,6.3E-4,1.4121943,7.859626E-4,3.4E-4,0.0042997985,0.004453945,0.00354,0.79480106,0.004951718,5.0E-4
6.1,3.649988E-6,3.7753161E-6,1.1E-4,29.136633,1.0377494E-4,1.0E-4,1.5642712E-5,1.6179853E-5,1.4E-4,8.652737,1.3617791E-4,1.2E-4,1.9043336E-4,1.9697666E-4,3.0E-4,1.5230231,3.469471E-4,1.5E-4,0.0019027026,0.001968488,0.00173,0.8788471,0.002217996,2.5E-4
6.2,3.649988E-6,3.7753161E-6,1.1E-4,29.136633,1.0377494E-4,1.0E-4,1.5642712E-5,1.6179853E-5,1.4E-4,8.652737,1.3617791E-4,1.2E-4,1.9043336E-4,1.9697666E-4,3.0E-4,1.5230231,3.469471E-4,1.5E-4,0.0019027026,0.001968488,0.00173,0.8788471,0.002217996,2.5E-4
6.3,1.3924937E-6,1.4411166E-6,3.0E-5,20.81719,3.144107E-5,3.0E-5,5.9678164E-6,6.1762075E-6,3.0E-5,4.85735,3.617602E-5,3.0E-5,7.265574E-5,7.519415E-5,7.0E-5,0.9309235,1.2519039E-4,5.0E-5,7.263199E-4,7.518258E-4,6.8E-4,0.90446484,8.3176565E-4,8.0E-5
6.4,1.3924937E-6,1.4411166E-6,3.0E-5,20.81719,3.144107E-5,3.0E-5,5.9678164E-6,6.1762075E-6,3.0E-5,4.85735,3.617602E-5,3.0E-5,7.265574E-5,7.519415E-5,7.0E-5,0.9309235,1.2519039E-4,5.0E-5,7.263199E-4,7.518258E-4,6.8E-4,0.90446484,8.3176565E-4,8.0E-5
6.5,9.876812E-7,1.0221912E-6,2.0E-5,19.565811,2.1022171E-5,2.0E-5,4.2329125E-6,4.3808195E-6,2.0E-5,4.565356,2.4380732E-5,2.0E-5,5.153449E-5,5.3336476E-5,6.0E-5,1.1249337,9.333435E-5,4.0E-5,5.1522546E-4,5.333648E-4,4.7E-4,0.88119805,6.033274E-4,7.0E-5
