Magnitude,1 wk TI Prob,1 wk TD Prob,1 wk ETAS Prob,1 wk ETAS/TD Gain,1 wk ETAS Triggered Only,1 mo TI Prob,1 mo TD Prob,1 mo ETAS Prob,1 mo ETAS/TD Gain,1 mo ETAS Triggered Only,1 yr TI Prob,1 yr TD Prob,1 yr ETAS Prob,1 yr ETAS/TD Gain,1 yr ETAS Triggered Only,10 yr TI Prob,10 yr TD Prob,10 yr ETAS Prob,10 yr ETAS/TD Gain,10 yr ETAS Triggered Only
6.0,1.9621975E-5,2.2097078E-5,5.020865E-4,22.72185,4.8E-4,8.4091465E-5,9.4699084E-5,8.446281E-4,8.919073,7.5E-4,0.0010233327,0.0011524865,0.0024609768,2.1353626,0.00131,0.01018633,0.011478408,0.0136235,1.1868806,0.00217
6.1,1.9621975E-5,2.2097078E-5,5.020865E-4,22.72185,4.8E-4,8.4091465E-5,9.4699084E-5,8.446281E-4,8.919073,7.5E-4,0.0010233327,0.0011524865,0.0024609768,2.1353626,0.00131,0.01018633,0.011478408,0.0136235,1.1868806,0.00217
6.2,9.9971285E-6,1.125564E-5,2.812526E-4,24.987705,2.7E-4,4.2844134E-5,4.8237856E-5,4.9821613E-4,10.328322,4.5E-4,5.2150246E-4,5.871897E-4,0.0013867199,2.3616219,8.0E-4,0.0052028033,0.005861487,0.0071439254,1.2187907,0.00129
6.3,9.589428E-6,1.0798346E-5,2.8079544E-4,26.00356,2.7E-4,4.10969E-5,4.62781E-5,4.6625867E-4,10.075148,4.2E-4,5.002399E-4,5.6334207E-4,0.0013129195,2.3305902,7.5E-4,0.0049911533,0.0056242296,0.0068572555,1.2192346,0.00124
6.4,9.589428E-6,1.0798346E-5,2.8079544E-4,26.00356,2.7E-4,4.10969E-5,4.62781E-5,4.6625867E-4,10.075148,4.2E-4,5.002399E-4,5.6334207E-4,0.0013129195,2.3305902,7.5E-4,0.0049911533,0.0056242296,0.0068572555,1.2192346,0.00124
6.5,5.557707E-6,6.2856016E-6,2.0628434E-4,32.818554,2.0E-4,2.3818526E-5,2.6938165E-5,3.4692953E-4,12.8787365,3.2E-4,2.8995197E-4,3.279497E-4,8.677726E-4,2.646054,5.4E-4,0.0028957394,0.0032772934,0.004074672,1.2433039,8.0E-4
6.6,4.8742945E-6,5.5132896E-6,1.5551246E-4,28.206837,1.5E-4,2.0889667E-5,2.3628318E-5,2.8362218E-4,12.003486,2.6E-4,2.54302E-4,2.87663E-4,7.3753356E-4,2.5638804,4.5E-4,0.002540112,0.0028754752,0.0035634912,1.2392703,6.9E-4
6.7,3.991108E-6,4.5159104E-6,9.4515504E-5,20.929447,9.0E-5,1.7104636E-5,1.9353902E-5,2.0935023E-4,10.816952,1.9E-4,2.0822904E-4,2.3563375E-4,5.5555836E-4,2.3577197,3.2E-4,0.0020803404,0.0023563374,0.0028850886,1.2243954,5.3E-4
