Magnitude,1 wk TI Prob,1 wk TD Prob,1 wk ETAS Prob,1 wk ETAS/TD Gain,1 wk ETAS Triggered Only,1 mo TI Prob,1 mo TD Prob,1 mo ETAS Prob,1 mo ETAS/TD Gain,1 mo ETAS Triggered Only,1 yr TI Prob,1 yr TD Prob,1 yr ETAS Prob,1 yr ETAS/TD Gain,1 yr ETAS Triggered Only,10 yr TI Prob,10 yr TD Prob,10 yr ETAS Prob,10 yr ETAS/TD Gain,10 yr ETAS Triggered Only
6.0,3.5090034E-5,4.0364317E-5,0.0010600432,26.26189,0.0010197201,1.503772E-4,1.7297991E-4,0.0016529626,9.555807,0.0014802389,0.0018293047,0.0021042533,0.004943614,2.3493435,0.0028453479,0.018143194,0.020869205,0.024766339,1.1867409,0.0039801975
6.1,3.5090034E-5,4.0364317E-5,0.0010600432,26.26189,0.0010197201,1.503772E-4,1.7297991E-4,0.0016529626,9.555807,0.0014802389,0.0018293047,0.0021042533,0.004943614,2.3493435,0.0028453479,0.018143194,0.020869205,0.024766339,1.1867409,0.0039801975
6.2,1.841879E-5,2.1059794E-5,5.966961E-4,28.333427,5.7564845E-4,7.8935285E-5,9.025371E-5,9.947624E-4,11.021846,9.0459036E-4,9.606133E-4,0.0010983871,0.0027577193,2.510699,0.0016611569,0.0095647145,0.010939668,0.0132333385,1.2096655,0.0023190407
6.3,1.841879E-5,2.1059794E-5,5.966961E-4,28.333427,5.7564845E-4,7.8935285E-5,9.025371E-5,9.947624E-4,11.021846,9.0459036E-4,9.606133E-4,0.0010983871,0.0027577193,2.510699,0.0016611569,0.0095647145,0.010939668,0.0132333385,1.2096655,0.0023190407
6.4,1.712201E-5,1.9565212E-5,5.623088E-4,28.740238,5.4275425E-4,7.337798E-5,8.3848776E-5,9.225804E-4,11.002909,8.38802E-4,8.930107E-4,0.0010204813,0.0025813612,2.5295525,0.0015624743,0.008894307,0.010167871,0.012365653,1.2161497,0.0022203582
6.5,1.4744935E-5,1.6836972E-5,5.102416E-4,30.304832,4.9341295E-4,6.3191044E-5,7.215698E-5,8.286689E-4,11.484251,7.5656653E-4,7.6907943E-4,8.782507E-4,0.0022585934,2.5716958,0.0013815563,0.007664232,0.008756994,0.010762272,1.2289915,0.002022993
6.6,1.2017839E-5,1.3724089E-5,3.9200214E-4,28.563072,3.7828326E-4,5.150401E-5,5.88167E-5,6.3443126E-4,10.786584,5.7564845E-4,6.268809E-4,7.159466E-4,0.0018171133,2.5380569,0.0011019555,0.0062511545,0.0071450938,0.008696404,1.2171154,0.0015624743
6.7,1.00956095E-5,1.1533517E-5,2.9113094E-4,25.242168,2.7960067E-4,4.326618E-5,4.942891E-5,5.099249E-4,10.316329,4.6051873E-4,5.266384E-4,6.017178E-4,0.0014893267,2.4751248,8.8814326E-4,0.005253921,0.0060094125,0.007284577,1.2121946,0.0012828737
