Magnitude,1 wk TI Prob,1 wk TD Prob,1 wk ETAS Prob,1 wk ETAS/TD Gain,1 wk ETAS Triggered Only,1 mo TI Prob,1 mo TD Prob,1 mo ETAS Prob,1 mo ETAS/TD Gain,1 mo ETAS Triggered Only,1 yr TI Prob,1 yr TD Prob,1 yr ETAS Prob,1 yr ETAS/TD Gain,1 yr ETAS Triggered Only,10 yr TI Prob,10 yr TD Prob,10 yr ETAS Prob,10 yr ETAS/TD Gain,10 yr ETAS Triggered Only
6.0,3.5090034E-5,4.0364317E-5,0.0010103252,25.030157,9.7E-4,1.503772E-4,1.7297991E-4,0.0016427257,9.496627,0.00147,0.0018293047,0.0021042533,0.0048883823,2.323096,0.00279,0.018143194,0.020869205,0.024766145,1.1867316,0.00398
6.1,3.5090034E-5,4.0364317E-5,0.0010103252,25.030157,9.7E-4,1.503772E-4,1.7297991E-4,0.0016427257,9.496627,0.00147,0.0018293047,0.0021042533,0.0048883823,2.323096,0.00279,0.018143194,0.020869205,0.024766145,1.1867316,0.00398
6.2,1.841879E-5,2.1059794E-5,5.81048E-4,27.590395,5.6E-4,7.8935285E-5,9.025371E-5,9.601752E-4,10.638623,8.7E-4,9.606133E-4,0.0010983871,0.0027265965,2.4823642,0.00163,0.0095647145,0.010939668,0.01327385,1.2133687,0.00236
6.3,1.841879E-5,2.1059794E-5,5.81048E-4,27.590395,5.6E-4,7.8935285E-5,9.025371E-5,9.601752E-4,10.638623,8.7E-4,9.606133E-4,0.0010983871,0.0027265965,2.4823642,0.00163,0.0095647145,0.010939668,0.01327385,1.2133687,0.00236
6.4,1.712201E-5,1.9565212E-5,5.5955467E-4,28.599468,5.4E-4,7.337798E-5,8.3848776E-5,9.0378005E-4,10.77869,8.2E-4,8.930107E-4,0.0010204813,0.00254892,2.4977624,0.00153,0.008894307,0.010167871,0.012394994,1.2190353,0.00225
6.5,1.4744935E-5,1.6836972E-5,5.1682856E-4,30.69605,5.0E-4,6.3191044E-5,7.215698E-5,8.221029E-4,11.393254,7.5E-4,7.6907943E-4,8.782507E-4,0.0022370561,2.5471728,0.00136,0.007664232,0.008756994,0.010789042,1.2320486,0.00205
6.6,1.2017839E-5,1.3724089E-5,4.137186E-4,30.145432,4.0E-4,5.150401E-5,5.88167E-5,6.687808E-4,11.370594,6.1E-4,6.268809E-4,7.159466E-4,0.0018551304,2.5911574,0.00114,0.0062511545,0.0071450938,0.00881309,1.2334464,0.00168
6.7,1.00956095E-5,1.1533517E-5,3.1153005E-4,27.010847,3.0E-4,4.326618E-5,4.942891E-5,5.394047E-4,10.912737,4.9E-4,5.266384E-4,6.017178E-4,0.0015211642,2.5280359,9.2E-4,0.005253921,0.0060094125,0.0073811193,1.2282598,0.00138
