Magnitude,1 wk TI Prob,1 wk TD Prob,1 wk ETAS Prob,1 wk ETAS/TD Gain,1 wk ETAS Triggered Only,1 mo TI Prob,1 mo TD Prob,1 mo ETAS Prob,1 mo ETAS/TD Gain,1 mo ETAS Triggered Only,1 yr TI Prob,1 yr TD Prob,1 yr ETAS Prob,1 yr ETAS/TD Gain,1 yr ETAS Triggered Only,10 yr TI Prob,10 yr TD Prob,10 yr ETAS Prob,10 yr ETAS/TD Gain,10 yr ETAS Triggered Only
6.0,1.9810619E-5,2.311252E-5,5.77114E-5,2.4969757,3.459968E-5,8.489989E-5,9.9052755E-5,1.6824527E-4,1.698542,6.919936E-5,0.001033166,0.0012058078,0.0013094817,1.0859787,1.03799044E-4,0.010283757,0.01204243,0.012144979,1.0085156,1.03799044E-4
6.1,1.9810619E-5,2.311252E-5,5.77114E-5,2.4969757,3.459968E-5,8.489989E-5,9.9052755E-5,1.6824527E-4,1.698542,6.919936E-5,0.001033166,0.0012058078,0.0013094817,1.0859787,1.03799044E-4,0.010283757,0.01204243,0.012144979,1.0085156,1.03799044E-4
6.2,1.9810619E-5,2.311252E-5,5.77114E-5,2.4969757,3.459968E-5,8.489989E-5,9.9052755E-5,1.6824527E-4,1.698542,6.919936E-5,0.001033166,0.0012058078,0.0013094817,1.0859787,1.03799044E-4,0.010283757,0.01204243,0.012144979,1.0085156,1.03799044E-4
6.3,1.9810619E-5,2.311252E-5,5.77114E-5,2.4969757,3.459968E-5,8.489989E-5,9.9052755E-5,1.6824527E-4,1.698542,6.919936E-5,0.001033166,0.0012058078,0.0013094817,1.0859787,1.03799044E-4,0.010283757,0.01204243,0.012144979,1.0085156,1.03799044E-4
6.4,1.9810619E-5,2.311252E-5,5.77114E-5,2.4969757,3.459968E-5,8.489989E-5,9.9052755E-5,1.6824527E-4,1.698542,6.919936E-5,0.001033166,0.0012058078,0.0013094817,1.0859787,1.03799044E-4,0.010283757,0.01204243,0.012144979,1.0085156,1.03799044E-4
6.5,1.7190405E-5,2.0050558E-5,5.4649547E-5,2.7255874,3.459968E-5,7.367108E-5,8.593096E-5,1.2052767E-4,1.4026105,3.459968E-5,8.9657627E-4,0.0010462092,0.0011153362,1.0660738,6.919936E-5,0.008929676,0.010462061,0.010530536,1.0065451,6.919936E-5
6.6,1.7190405E-5,2.0050558E-5,5.4649547E-5,2.7255874,3.459968E-5,7.367108E-5,8.593096E-5,1.2052767E-4,1.4026105,3.459968E-5,8.9657627E-4,0.0010462092,0.0011153362,1.0660738,6.919936E-5,0.008929676,0.010462061,0.010530536,1.0065451,6.919936E-5
