Magnitude,1 wk TI Prob,1 wk TD Prob,1 wk ETAS Prob,1 wk ETAS/TD Gain,1 wk ETAS Triggered Only,1 mo TI Prob,1 mo TD Prob,1 mo ETAS Prob,1 mo ETAS/TD Gain,1 mo ETAS Triggered Only,1 yr TI Prob,1 yr TD Prob,1 yr ETAS Prob,1 yr ETAS/TD Gain,1 yr ETAS Triggered Only,10 yr TI Prob,10 yr TD Prob,10 yr ETAS Prob,10 yr ETAS/TD Gain,10 yr ETAS Triggered Only
6.0,9.102099E-5,8.953848E-5,8.953848E-5,1.0,0.0,3.9003167E-4,3.836898E-4,4.0788244E-4,1.0630527,2.4201941E-5,0.0047383,0.004662132,0.004686221,1.005167,2.4201941E-5,0.046385348,0.04583787,0.045860965,1.0005038,2.4201941E-5
6.1,3.8306698E-5,4.14921E-5,4.14921E-5,1.0,0.0,1.6416123E-4,1.7781362E-4,1.7781362E-4,1.0,0.0,0.0019968306,0.0021632186,0.0021632186,1.0,0.0,0.019789828,0.021595007,0.021595007,1.0,0.0
6.2,3.8306698E-5,4.14921E-5,4.14921E-5,1.0,0.0,1.6416123E-4,1.7781362E-4,1.7781362E-4,1.0,0.0,0.0019968306,0.0021632186,0.0021632186,1.0,0.0,0.019789828,0.021595007,0.021595007,1.0,0.0
6.3,3.3197924E-5,3.6550366E-5,3.6550366E-5,1.0,0.0,1.4226905E-4,1.56639E-4,1.56639E-4,1.0,0.0,0.0017307495,0.0019059771,0.0019059771,1.0,0.0,0.017173318,0.019057386,0.019057386,1.0,0.0
6.4,2.5148964E-5,2.7420736E-5,2.7420736E-5,1.0,0.0,1.0777682E-4,1.17515796E-4,1.17515796E-4,1.0,0.0,0.0013113929,0.0014304637,0.0014304637,1.0,0.0,0.01303681,0.014365338,0.014365338,1.0,0.0
6.5,2.5148964E-5,2.7420736E-5,2.7420736E-5,1.0,0.0,1.0777682E-4,1.17515796E-4,1.17515796E-4,1.0,0.0,0.0013113929,0.0014304637,0.0014304637,1.0,0.0,0.01303681,0.014365338,0.014365338,1.0,0.0
