Magnitude,1 wk TI Prob,1 wk TD Prob,1 wk ETAS Prob,1 wk ETAS/TD Gain,1 wk ETAS Triggered Only,1 mo TI Prob,1 mo TD Prob,1 mo ETAS Prob,1 mo ETAS/TD Gain,1 mo ETAS Triggered Only,1 yr TI Prob,1 yr TD Prob,1 yr ETAS Prob,1 yr ETAS/TD Gain,1 yr ETAS Triggered Only,10 yr TI Prob,10 yr TD Prob,10 yr ETAS Prob,10 yr ETAS/TD Gain,10 yr ETAS Triggered Only
6.0,1.6760017E-5,1.8776833E-5,2.9877157E-4,15.911714,2.8E-4,7.182667E-5,8.0470316E-5,5.104357E-4,6.3431554,4.3E-4,8.7413884E-4,9.794032E-4,0.0018785218,1.918027,9.0E-4,0.008707083,0.009762413,0.011168551,1.1440358,0.00142
6.1,9.852767E-6,1.0973587E-5,1.5097205E-4,13.757767,1.4E-4,4.222546E-5,4.702921E-5,2.770184E-4,5.8903475,2.3E-4,5.139737E-4,5.7250116E-4,0.0011021978,1.9252323,5.3E-4,0.005127866,0.005717221,0.006542476,1.1443454,8.3E-4
6.2,9.852767E-6,1.0973587E-5,1.5097205E-4,13.757767,1.4E-4,4.222546E-5,4.702921E-5,2.770184E-4,5.8903475,2.3E-4,5.139737E-4,5.7250116E-4,0.0011021978,1.9252323,5.3E-4,0.005127866,0.005717221,0.006542476,1.1443454,8.3E-4
6.3,4.3167724E-6,4.7780286E-6,4.4777837E-5,9.3716135,4.0E-5,1.8500323E-5,2.0477235E-5,9.04758E-5,4.41836,7.0E-5,2.2521814E-4,2.4930484E-4,4.3925748E-4,1.7619292,1.9E-4,0.0022499003,0.00249251,0.0028216874,1.1320666,3.3E-4
6.4,4.3167724E-6,4.7780286E-6,4.4777837E-5,9.3716135,4.0E-5,1.8500323E-5,2.0477235E-5,9.04758E-5,4.41836,7.0E-5,2.2521814E-4,2.4930484E-4,4.3925748E-4,1.7619292,1.9E-4,0.0022499003,0.00249251,0.0028216874,1.1320666,3.3E-4
6.5,4.3167724E-6,4.7780286E-6,4.4777837E-5,9.3716135,4.0E-5,1.8500323E-5,2.0477235E-5,9.04758E-5,4.41836,7.0E-5,2.2521814E-4,2.4930484E-4,4.3925748E-4,1.7619292,1.9E-4,0.0022499003,0.00249251,0.0028216874,1.1320666,3.3E-4
6.6,4.301311E-6,4.760897E-6,4.4760705E-5,9.401738,4.0E-5,1.8434059E-5,2.0403815E-5,9.0402384E-5,4.430661,7.0E-5,2.2441156E-4,2.4841115E-4,4.3836396E-4,1.764671,1.9E-4,0.0022418506,0.002483593,0.0028127735,1.132542,3.3E-4
6.7,3.8599724E-6,4.27106E-6,3.427093E-5,8.023988,3.0E-5,1.6542634E-5,1.8304541E-5,7.830344E-5,4.277815,6.0E-5,2.0138794E-4,2.228578E-4,4.0281768E-4,1.8075099,1.8E-4,0.0020120554,0.002228578,0.002537887,1.1387922,3.1E-4
