Magnitude,1 wk TI Prob,1 wk TD Prob,1 wk ETAS Prob,1 wk ETAS/TD Gain,1 wk ETAS Triggered Only,1 mo TI Prob,1 mo TD Prob,1 mo ETAS Prob,1 mo ETAS/TD Gain,1 mo ETAS Triggered Only,1 yr TI Prob,1 yr TD Prob,1 yr ETAS Prob,1 yr ETAS/TD Gain,1 yr ETAS Triggered Only,10 yr TI Prob,10 yr TD Prob,10 yr ETAS Prob,10 yr ETAS/TD Gain,10 yr ETAS Triggered Only
6.0,1.6760017E-5,1.8776833E-5,2.955691E-4,15.7411585,2.7679745E-4,7.182667E-5,8.0470316E-5,4.610362E-4,5.72927,3.805965E-4,8.7413884E-4,9.794032E-4,0.0018781138,1.9176105,8.995917E-4,0.008707083,0.009762413,0.011304199,1.1579309,0.0015569857
6.1,9.852767E-6,1.0973587E-5,1.14771494E-4,10.458886,1.03799044E-4,4.222546E-5,4.702921E-5,2.2001949E-4,4.678358,1.729984E-4,5.139737E-4,5.7250116E-4,0.0010911992,1.906021,5.189952E-4,0.005127866,0.005717221,0.0065084645,1.1383964,7.957927E-4
6.2,9.852767E-6,1.0973587E-5,1.14771494E-4,10.458886,1.03799044E-4,4.222546E-5,4.702921E-5,2.2001949E-4,4.678358,1.729984E-4,5.139737E-4,5.7250116E-4,0.0010911992,1.906021,5.189952E-4,0.005127866,0.005717221,0.0065084645,1.1383964,7.957927E-4
6.3,4.3167724E-6,4.7780286E-6,7.397706E-5,15.4827585,6.919936E-5,1.8500323E-5,2.0477235E-5,1.2427416E-4,6.0688934,1.03799044E-4,2.2521814E-4,2.4930484E-4,4.5685118E-4,1.8325002,2.0759809E-4,0.0022499003,0.00249251,0.0028721578,1.1523155,3.805965E-4
6.4,4.3167724E-6,4.7780286E-6,7.397706E-5,15.4827585,6.919936E-5,1.8500323E-5,2.0477235E-5,1.2427416E-4,6.0688934,1.03799044E-4,2.2521814E-4,2.4930484E-4,4.5685118E-4,1.8325002,2.0759809E-4,0.0022499003,0.00249251,0.0028721578,1.1523155,3.805965E-4
6.5,4.3167724E-6,4.7780286E-6,7.397706E-5,15.4827585,6.919936E-5,1.8500323E-5,2.0477235E-5,1.2427416E-4,6.0688934,1.03799044E-4,2.2521814E-4,2.4930484E-4,4.5685118E-4,1.8325002,2.0759809E-4,0.0022499003,0.00249251,0.0028721578,1.1523155,3.805965E-4
6.6,4.301311E-6,4.760897E-6,7.3959935E-5,15.534873,6.919936E-5,1.8434059E-5,2.0403815E-5,1.2420074E-4,6.0871334,1.03799044E-4,2.2441156E-4,2.4841115E-4,4.5595766E-4,1.835496,2.0759809E-4,0.0022418506,0.002483593,0.0028632444,1.1528637,3.805965E-4
6.7,3.8599724E-6,4.27106E-6,7.3470124E-5,17.201849,6.919936E-5,1.6542634E-5,1.8304541E-5,1.2210169E-4,6.6705675,1.03799044E-4,2.0138794E-4,2.228578E-4,4.3040962E-4,1.9313196,2.0759809E-4,0.0020120554,0.002228578,0.0026083263,1.1703994,3.805965E-4
