Magnitude,1 wk TI Prob,1 wk TD Prob,1 wk ETAS Prob,1 wk ETAS/TD Gain,1 wk ETAS Triggered Only,1 mo TI Prob,1 mo TD Prob,1 mo ETAS Prob,1 mo ETAS/TD Gain,1 mo ETAS Triggered Only,1 yr TI Prob,1 yr TD Prob,1 yr ETAS Prob,1 yr ETAS/TD Gain,1 yr ETAS Triggered Only,10 yr TI Prob,10 yr TD Prob,10 yr ETAS Prob,10 yr ETAS/TD Gain,10 yr ETAS Triggered Only
6.0,3.5090034E-5,4.0364324E-5,6.5102667E-4,16.128765,6.10687E-4,1.503772E-4,1.7297994E-4,8.980453E-4,5.1916156,7.2519085E-4,0.0018293047,0.0021042528,0.0028279177,1.3439058,7.2519085E-4,0.018143194,0.020869201,0.021654,1.0376056,8.015267E-4
6.1,3.5090034E-5,4.0364324E-5,6.5102667E-4,16.128765,6.10687E-4,1.503772E-4,1.7297994E-4,8.980453E-4,5.1916156,7.2519085E-4,0.0018293047,0.0021042528,0.0028279177,1.3439058,7.2519085E-4,0.018143194,0.020869201,0.021654,1.0376056,8.015267E-4
6.2,1.841879E-5,2.1059794E-5,2.8822973E-4,13.686256,2.6717558E-4,7.8935285E-5,9.0253714E-5,4.3373415E-4,4.8057213,3.4351146E-4,9.606133E-4,0.001098387,0.0014415211,1.3123982,3.4351146E-4,0.0095647145,0.010939667,0.011317171,1.0345078,3.816794E-4
6.3,1.841879E-5,2.1059794E-5,2.8822973E-4,13.686256,2.6717558E-4,7.8935285E-5,9.0253714E-5,4.3373415E-4,4.8057213,3.4351146E-4,9.606133E-4,0.001098387,0.0014415211,1.3123982,3.4351146E-4,0.0095647145,0.010939667,0.011317171,1.0345078,3.816794E-4
6.4,1.712201E-5,1.9565212E-5,2.8673557E-4,14.655377,2.6717558E-4,7.337798E-5,8.3848776E-5,3.891667E-4,4.641292,3.053435E-4,8.930107E-4,0.0010204813,0.0013255132,1.2989099,3.053435E-4,0.008894307,0.010167871,0.010507889,1.0334405,3.4351146E-4
6.5,1.4744935E-5,1.6836972E-5,2.4584075E-4,14.601245,2.2900764E-4,6.3191044E-5,7.215698E-5,3.3931326E-4,4.7024317,2.6717558E-4,7.6907943E-4,8.7825063E-4,0.0011451916,1.3039461,2.6717558E-4,0.007664232,0.008756994,0.009059664,1.0345632,3.053435E-4
6.6,1.2017839E-5,1.37240895E-5,2.0456116E-4,14.905263,1.908397E-4,5.150401E-5,5.88167E-5,2.8781086E-4,4.893353,2.2900764E-4,6.268809E-4,7.159466E-4,9.4479026E-4,1.3196379,2.2900764E-4,0.0062511545,0.0071450938,0.00741036,1.0371257,2.6717558E-4
6.7,1.00956095E-5,1.1533517E-5,2.0237101E-4,17.54634,1.908397E-4,4.326618E-5,4.942891E-5,2.7842523E-4,5.6328416,2.2900764E-4,5.266384E-4,6.017178E-4,8.3058764E-4,1.3803607,2.2900764E-4,0.005253921,0.0060094125,0.0062749824,1.0441923,2.6717558E-4
