Magnitude,1 wk TI Prob,1 wk TD Prob,1 wk ETAS Prob,1 wk ETAS/TD Gain,1 wk ETAS Triggered Only,1 mo TI Prob,1 mo TD Prob,1 mo ETAS Prob,1 mo ETAS/TD Gain,1 mo ETAS Triggered Only,1 yr TI Prob,1 yr TD Prob,1 yr ETAS Prob,1 yr ETAS/TD Gain,1 yr ETAS Triggered Only,10 yr TI Prob,10 yr TD Prob,10 yr ETAS Prob,10 yr ETAS/TD Gain,10 yr ETAS Triggered Only
6.0,6.222801E-6,6.439381E-6,5.075224E-5,7.8815403,4.4313147E-5,2.6668875E-5,2.7597147E-5,8.667971E-5,3.140894,5.9084196E-5,3.2464517E-4,3.3595937E-4,3.9502373E-4,1.175808,5.9084196E-5,0.0032417132,0.0033560768,0.0034149627,1.017546,5.9084196E-5
6.1,6.222801E-6,6.439381E-6,5.075224E-5,7.8815403,4.4313147E-5,2.6668875E-5,2.7597147E-5,8.667971E-5,3.140894,5.9084196E-5,3.2464517E-4,3.3595937E-4,3.9502373E-4,1.175808,5.9084196E-5,0.0032417132,0.0033560768,0.0034149627,1.017546,5.9084196E-5
6.2,6.222801E-6,6.439381E-6,5.075224E-5,7.8815403,4.4313147E-5,2.6668875E-5,2.7597147E-5,8.667971E-5,3.140894,5.9084196E-5,3.2464517E-4,3.3595937E-4,3.9502373E-4,1.175808,5.9084196E-5,0.0032417132,0.0033560768,0.0034149627,1.017546,5.9084196E-5
6.3,6.222801E-6,6.439381E-6,5.075224E-5,7.8815403,4.4313147E-5,2.6668875E-5,2.7597147E-5,8.667971E-5,3.140894,5.9084196E-5,3.2464517E-4,3.3595937E-4,3.9502373E-4,1.175808,5.9084196E-5,0.0032417132,0.0033560768,0.0034149627,1.017546,5.9084196E-5
6.4,6.222801E-6,6.439381E-6,5.075224E-5,7.8815403,4.4313147E-5,2.6668875E-5,2.7597147E-5,8.667971E-5,3.140894,5.9084196E-5,3.2464517E-4,3.3595937E-4,3.9502373E-4,1.175808,5.9084196E-5,0.0032417132,0.0033560768,0.0034149627,1.017546,5.9084196E-5
6.5,2.8528623E-6,2.9521684E-6,3.249418E-5,11.006886,2.9542098E-5,1.22264955E-5,1.2652138E-5,5.6964724E-5,4.5023794,4.4313147E-5,1.4884741E-4,1.540376E-4,1.9834391E-4,1.2876332,4.4313147E-5,0.0014874774,0.0015401616,0.0015844065,1.0287274,4.4313147E-5
6.6,2.8528623E-6,2.9521684E-6,3.249418E-5,11.006886,2.9542098E-5,1.22264955E-5,1.2652138E-5,5.6964724E-5,4.5023794,4.4313147E-5,1.4884741E-4,1.540376E-4,1.9834391E-4,1.2876332,4.4313147E-5,0.0014874774,0.0015401616,0.0015844065,1.0287274,4.4313147E-5
6.7,2.541E-6,2.6293578E-6,3.2171378E-5,12.235451,2.9542098E-5,1.0889954E-5,1.1268677E-5,5.5581324E-5,4.9323735,4.4313147E-5,1.3257713E-4,1.3719614E-4,1.815032E-4,1.3229469,4.4313147E-5,0.0013249806,0.0013719613,0.0014162137,1.0322548,4.4313147E-5
