Magnitude,1 wk TI Prob,1 wk TD Prob,1 wk ETAS Prob,1 wk ETAS/TD Gain,1 wk ETAS Triggered Only,1 mo TI Prob,1 mo TD Prob,1 mo ETAS Prob,1 mo ETAS/TD Gain,1 mo ETAS Triggered Only,1 yr TI Prob,1 yr TD Prob,1 yr ETAS Prob,1 yr ETAS/TD Gain,1 yr ETAS Triggered Only,10 yr TI Prob,10 yr TD Prob,10 yr ETAS Prob,10 yr ETAS/TD Gain,10 yr ETAS Triggered Only
6.0,1.6760017E-5,1.8776833E-5,2.875288E-4,15.312955,2.68757E-4,7.182667E-5,8.0470316E-5,4.0519223E-4,5.0353003,3.2474805E-4,8.7413884E-4,9.794032E-4,0.0013485821,1.3769428,3.6954088E-4,0.008707083,0.009762413,0.010139435,1.0386198,3.8073907E-4
6.1,9.852767E-6,1.09735865E-5,1.1175636E-4,10.184123,1.0078387E-4,4.222546E-5,4.702921E-5,1.9259907E-4,4.0953074,1.455767E-4,5.139737E-4,5.7250116E-4,7.6276175E-4,1.3323321,1.9036954E-4,0.005127866,0.005717221,0.0059065027,1.0331072,1.9036954E-4
6.2,9.852767E-6,1.09735865E-5,1.1175636E-4,10.184123,1.0078387E-4,4.222546E-5,4.702921E-5,1.9259907E-4,4.0953074,1.455767E-4,5.139737E-4,5.7250116E-4,7.6276175E-4,1.3323321,1.9036954E-4,0.005127866,0.005717221,0.0059065027,1.0331072,1.9036954E-4
6.3,4.3167724E-6,4.7780286E-6,2.7174337E-5,5.6873536,2.2396416E-5,1.8500323E-5,2.0477235E-5,6.526915E-5,3.1874006,4.4792832E-5,2.2521814E-4,2.4930484E-4,3.0528192E-4,1.2245327,5.599104E-5,0.0022499003,0.00249251,0.0025483614,1.0224078,5.599104E-5
6.4,4.3167724E-6,4.7780286E-6,2.7174337E-5,5.6873536,2.2396416E-5,1.8500323E-5,2.0477235E-5,6.526915E-5,3.1874006,4.4792832E-5,2.2521814E-4,2.4930484E-4,3.0528192E-4,1.2245327,5.599104E-5,0.0022499003,0.00249251,0.0025483614,1.0224078,5.599104E-5
6.5,4.3167724E-6,4.7780286E-6,2.7174337E-5,5.6873536,2.2396416E-5,1.8500323E-5,2.0477235E-5,6.526915E-5,3.1874006,4.4792832E-5,2.2521814E-4,2.4930484E-4,3.0528192E-4,1.2245327,5.599104E-5,0.0022499003,0.00249251,0.0025483614,1.0224078,5.599104E-5
6.6,4.301311E-6,4.760897E-6,2.7157206E-5,5.704221,2.2396416E-5,1.8434059E-5,2.0403815E-5,6.519573E-5,3.1952717,4.4792832E-5,2.2441156E-4,2.4841115E-4,3.043883E-4,1.2253406,5.599104E-5,0.0022418506,0.002483593,0.0025394452,1.0224884,5.599104E-5
6.7,3.8599724E-6,4.27106E-6,2.6667381E-5,6.2437387,2.2396416E-5,1.6542634E-5,1.8304541E-5,6.309656E-5,3.4470437,4.4792832E-5,2.0138794E-4,2.228578E-4,2.6764066E-4,1.2009481,4.4792832E-5,0.0020120554,0.002228578,0.002273271,1.0200545,4.4792832E-5
