Magnitude,UCERF3-TI Prob,UCERF3-TD Prob,UCERF3-ETAS Prob
6.0,0.43288535,0.4610614,0.407
6.1,0.43288535,0.4610614,0.407
6.2,0.22631274,0.23877591,0.287
6.3,0.22631274,0.23877591,0.287
6.4,0.1463777,0.15400134,0.229
6.5,0.1463777,0.15400134,0.229
6.6,0.104537375,0.109829076,0.177
6.7,0.07977535,0.08387721,0.14
6.8,0.060207084,0.06335176,0.106
6.9,0.023024078,0.024291145,0.039
