Magnitude,1 wk TI Prob,1 wk TD Prob,1 wk ETAS Prob,1 wk ETAS/TD Gain,1 wk ETAS Triggered Only,1 mo TI Prob,1 mo TD Prob,1 mo ETAS Prob,1 mo ETAS/TD Gain,1 mo ETAS Triggered Only,1 yr TI Prob,1 yr TD Prob,1 yr ETAS Prob,1 yr ETAS/TD Gain,1 yr ETAS Triggered Only,10 yr TI Prob,10 yr TD Prob,10 yr ETAS Prob,10 yr ETAS/TD Gain,10 yr ETAS Triggered Only
6.0,2.233523E-5,2.5106996E-5,3.5106743E-5,1.3982854,1.0E-5,9.571891E-5,1.0759792E-4,1.1759684E-4,1.0929286,1.0E-5,0.0011647546,0.0013093855,0.0013193724,1.0076271,1.0E-5,0.011586686,0.013033304,0.013043174,1.0007572,1.0E-5
6.1,2.233523E-5,2.5106996E-5,3.5106743E-5,1.3982854,1.0E-5,9.571891E-5,1.0759792E-4,1.1759684E-4,1.0929286,1.0E-5,0.0011647546,0.0013093855,0.0013193724,1.0076271,1.0E-5,0.011586686,0.013033304,0.013043174,1.0007572,1.0E-5
6.2,2.233523E-5,2.5106996E-5,3.5106743E-5,1.3982854,1.0E-5,9.571891E-5,1.0759792E-4,1.1759684E-4,1.0929286,1.0E-5,0.0011647546,0.0013093855,0.0013193724,1.0076271,1.0E-5,0.011586686,0.013033304,0.013043174,1.0007572,1.0E-5
6.3,2.233523E-5,2.5106996E-5,3.5106743E-5,1.3982854,1.0E-5,9.571891E-5,1.0759792E-4,1.1759684E-4,1.0929286,1.0E-5,0.0011647546,0.0013093855,0.0013193724,1.0076271,1.0E-5,0.011586686,0.013033304,0.013043174,1.0007572,1.0E-5
6.4,1.2288092E-5,1.37813295E-5,2.3781191E-5,1.7256094,1.0E-5,5.2662188E-5,5.9062033E-5,6.906144E-5,1.1693035,1.0E-5,6.409735E-4,7.189368E-4,7.289296E-4,1.0138994,1.0E-5,0.006391279,0.007175316,0.0071852445,1.0013837,1.0E-5
6.5,1.2288092E-5,1.37813295E-5,2.3781191E-5,1.7256094,1.0E-5,5.2662188E-5,5.9062033E-5,6.906144E-5,1.1693035,1.0E-5,6.409735E-4,7.189368E-4,7.289296E-4,1.0138994,1.0E-5,0.006391279,0.007175316,0.0071852445,1.0013837,1.0E-5
6.6,8.58281E-6,9.633926E-6,1.963383E-5,2.0379884,1.0E-5,3.6782953E-5,4.1288073E-5,5.1287658E-5,1.2421907,1.0E-5,4.4774043E-4,5.026495E-4,5.1264453E-4,1.0198846,1.0E-5,0.0044683935,0.0050232867,0.0050332365,1.0019808,1.0E-5
6.7,7.205685E-6,8.088433E-6,1.8088353E-5,2.2363234,1.0E-5,3.088114E-5,3.4664714E-5,4.4664368E-5,1.2884678,1.0E-5,3.7591302E-4,4.2204288E-4,4.3203865E-4,1.0236843,1.0E-5,0.0037527776,0.004220429,0.0042303866,1.0023594,1.0E-5
