Magnitude,UCERF3-TI Prob,UCERF3-TD Prob,UCERF3-ETAS Prob
6.0,0.21530208,0.17530923,0.0
6.1,0.1876262,0.1436591,0.0
6.2,0.17155094,0.12708864,0.0
6.3,0.15756348,0.11340347,0.0
6.4,0.14101982,0.098705724,0.0
6.5,0.13175,0.09122858,0.0
6.6,0.11015817,0.07549593,0.0
6.7,0.096546225,0.06540578,0.0
6.8,0.054636236,0.038872637,0.0
6.9,0.011096254,0.0086578885,0.0
7.0,0.010873411,0.008447531,0.0
7.1,0.0092900675,0.0069443905,0.0
7.2,0.005060534,0.0033405307,0.0
