Magnitude,UCERF3-TI Prob,UCERF3-TD Prob,UCERF3-ETAS Prob
6.0,0.0054180063,0.0054345652,0.0
6.1,0.0054180063,0.0054345652,0.0
6.2,0.0054180063,0.0054345652,0.0
6.3,0.0054180063,0.0054345652,0.0
6.4,0.0027962495,0.0028056945,0.0
6.5,0.0027962495,0.0028056945,0.0
