Magnitude,UCERF3-TI Prob,UCERF3-TD Prob,UCERF3-ETAS Prob
6.0,0.6407931,0.66555,0.78
6.1,0.6407931,0.66555,0.78
6.2,0.40645278,0.4217625,0.551
6.3,0.39369074,0.4098929,0.536
6.4,0.39369074,0.4098929,0.536
6.5,0.25173196,0.26177186,0.354
6.6,0.2245675,0.23647979,0.306
6.7,0.18799658,0.20253496,0.245
