Magnitude,UCERF3-TI Prob,UCERF3-TD Prob,UCERF3-ETAS Prob
6.0,0.6696682,0.7034239,0.632
6.1,0.6696682,0.7034239,0.632
6.2,0.6696682,0.7034239,0.632
6.3,0.4544738,0.47680452,0.448
6.4,0.4544738,0.47680452,0.448
6.5,0.372509,0.3930334,0.383
6.6,0.31837213,0.3377036,0.329
6.7,0.2793167,0.2977704,0.295
6.8,0.25039166,0.26787007,0.269
6.9,0.22066173,0.23708683,0.233
7.0,0.18341045,0.1985442,0.188
7.1,0.13754243,0.1508294,0.139
