Magnitude,UCERF3-TI Prob,UCERF3-TD Prob,UCERF3-ETAS Prob
6.0,0.57548225,0.5795862,0.484
6.1,0.57548225,0.5795862,0.484
6.2,0.57548225,0.5795862,0.484
6.3,0.46665534,0.4657817,0.359
6.4,0.46665534,0.4657817,0.359
6.5,0.41406003,0.41199607,0.293
6.6,0.39419606,0.39190125,0.268
6.7,0.36170566,0.35925767,0.234
6.8,0.23715682,0.21830907,0.115
6.9,0.21052082,0.19680549,0.102
7.0,0.16394413,0.15382724,0.075
