Magnitude,UCERF3-TI Prob,UCERF3-TD Prob,UCERF3-ETAS Prob
6.0,0.70374745,0.7441912,0.568
6.1,0.41903186,0.4397308,0.442
6.2,0.41903186,0.4397308,0.442
6.3,0.23493786,0.24481386,0.324
6.4,0.122228645,0.12704606,0.179
6.5,0.12159307,0.12640548,0.178
6.6,0.010756089,0.01090108,0.025
6.7,0.00911271,0.009235063,0.019
6.8,0.0064079873,0.006488176,0.013
6.9,0.0033338575,0.0033769684,0.006
7.0,3.36264E-4,3.407543E-4,0.001
