Magnitude,UCERF3-TI Prob,UCERF3-TD Prob,UCERF3-ETAS Prob
6.0,0.6821891,0.72467685,0.518
6.1,0.40631855,0.42899165,0.396
6.2,0.40631855,0.42899165,0.396
6.3,0.21391416,0.22454931,0.269
6.4,0.21391416,0.22454931,0.269
6.5,0.13216558,0.13891077,0.19
6.6,0.06956376,0.073193125,0.107
