Magnitude,UCERF3-TI Prob,UCERF3-TD Prob,UCERF3-ETAS Prob
6.0,0.48486465,0.5119654,0.483
6.1,0.48486465,0.5119654,0.483
6.2,0.48486465,0.5119654,0.483
6.3,0.48486465,0.5119654,0.483
6.4,0.48486465,0.5119654,0.483
6.5,0.48486465,0.5119654,0.483
6.6,0.25948974,0.2704201,0.281
6.7,0.25948974,0.2704201,0.281
6.8,0.16026354,0.16666998,0.175
6.9,0.10074536,0.10474221,0.103
7.0,0.06277363,0.06533443,0.068
7.1,0.034307536,0.03576699,0.04
7.2,0.02039023,0.021329373,0.017
