Magnitude,UCERF3-TI Prob,UCERF3-TD Prob,UCERF3-ETAS Prob
6.0,0.727604,0.68061227,0.574
6.1,0.727604,0.68061227,0.574
6.2,0.727604,0.68061227,0.574
6.3,0.727604,0.68061227,0.574
6.4,0.727604,0.68061227,0.574
6.5,0.6821125,0.64584076,0.509
6.6,0.6821125,0.64584076,0.509
6.7,0.63656086,0.6129494,0.451
6.8,0.63227904,0.60900337,0.448
6.9,0.28691438,0.2601632,0.142
7.0,0.24508896,0.22357914,0.122
7.1,0.20585392,0.18938474,0.096
7.2,0.1239207,0.11258642,0.055
7.3,0.040383127,0.03754473,0.015
