Magnitude,UCERF3-TI Prob,UCERF3-TD Prob,UCERF3-ETAS Prob
6.0,0.6923612,0.6994444,0.577
6.1,0.6923612,0.6994444,0.524
6.2,0.51264983,0.51029724,0.37
6.3,0.39734972,0.39449477,0.272
6.4,0.31515005,0.3137655,0.2
6.5,0.2681653,0.267669,0.17
6.6,0.1897956,0.18898244,0.121
6.7,0.079289585,0.07527155,0.051
6.8,0.038467046,0.035525355,0.022
