Magnitude,UCERF3-TI Prob,UCERF3-TD Prob,UCERF3-ETAS Prob
6.0,0.91148335,0.77792066,0.991
6.1,0.874813,0.7339325,0.877
6.2,0.84771466,0.7039777,0.851
6.3,0.8199588,0.67449087,0.82
6.4,0.78130877,0.63525534,0.782
6.5,0.7565286,0.6113158,0.758
6.6,0.6887365,0.5488917,0.673
6.7,0.6377075,0.5048455,0.617
6.8,0.42984948,0.34017792,0.372
6.9,0.10558264,0.095463514,0.069
7.0,0.10356508,0.09344665,0.064
7.1,0.089111604,0.078881115,0.055
7.2,0.04946835,0.041111007,0.032
