Magnitude,UCERF3-TI Prob,UCERF3-TD Prob,UCERF3-ETAS Prob
6.0,0.42661422,0.56647044,0.42
6.1,0.42661422,0.56647044,0.42
6.2,0.42661422,0.56647044,0.42
6.3,0.42661422,0.56647044,0.42
