Magnitude,UCERF3-TI Prob,UCERF3-TD Prob,UCERF3-ETAS Prob
6.0,0.85674584,0.8322682,0.913
6.1,0.7593685,0.7302328,0.848
6.2,0.7593685,0.7302328,0.848
6.3,0.6577092,0.6278541,0.753
6.4,0.6577092,0.6278541,0.753
6.5,0.6045465,0.5760039,0.708
6.6,0.57218635,0.5450458,0.674
6.7,0.49389556,0.46950752,0.591
6.8,0.41964048,0.39946556,0.503
6.9,0.3287705,0.3111762,0.386
7.0,0.18497102,0.17089552,0.197
7.1,0.08018191,0.0732713,0.089
