Magnitude,UCERF3-TI Prob,UCERF3-TD Prob,UCERF3-ETAS Prob
6.0,0.7291368,0.76572955,0.607
6.1,0.4802094,0.5026029,0.438
6.2,0.29145917,0.30405477,0.291
6.3,0.29145917,0.30405477,0.291
6.4,0.1857816,0.19382174,0.209
6.5,0.12015562,0.12553544,0.152
6.6,0.06793163,0.07105619,0.084
