Magnitude,UCERF3-TI Prob,UCERF3-TD Prob,UCERF3-ETAS Prob
6.0,0.6038257,0.6373614,0.542
6.1,0.6038257,0.6373614,0.542
6.2,0.6038257,0.6373614,0.542
6.3,0.6038257,0.6373614,0.542
6.4,0.6038257,0.6373614,0.542
6.5,0.48780912,0.51765126,0.427
6.6,0.48780912,0.51765126,0.427
6.7,0.39686966,0.42583868,0.356
6.8,0.39686966,0.42583868,0.356
6.9,0.3445555,0.37182483,0.319
7.0,0.31267747,0.3391052,0.298
7.1,0.16664736,0.19043167,0.142
7.2,0.11949291,0.14026004,0.097
