Magnitude,UCERF3-TI Prob,UCERF3-TD Prob,UCERF3-ETAS Prob
6.0,0.80820304,0.80143887,0.502
6.1,0.80820304,0.80143887,0.502
6.2,0.80820304,0.80143887,0.502
6.3,0.80820304,0.80143887,0.502
6.4,0.80820304,0.80143887,0.502
6.5,0.6097635,0.60669136,0.299
6.6,0.6097635,0.60669136,0.299
6.7,0.5073451,0.51525164,0.233
6.8,0.40242094,0.41756347,0.179
6.9,0.31580225,0.33976746,0.129
