Magnitude,UCERF3-TI Prob,UCERF3-TD Prob,UCERF3-ETAS Prob
6.0,0.6750987,0.7149544,0.457
6.1,0.6750987,0.7149544,0.457
6.2,0.6750987,0.7149544,0.457
6.3,0.4073317,0.42880335,0.239
6.4,0.4073317,0.42880335,0.239
6.5,0.30459058,0.32283613,0.169
6.6,0.22931452,0.24510543,0.121
6.7,0.17397828,0.18793555,0.087
6.8,0.12503842,0.13632569,0.06
6.9,0.08814783,0.09740486,0.043
