Magnitude,UCERF3-TI Prob,UCERF3-TD Prob,UCERF3-ETAS Prob
6.0,0.76512444,0.79472375,0.455
6.1,0.569729,0.59253496,0.307
6.2,0.569729,0.59253496,0.307
6.3,0.39862564,0.41456994,0.215
6.4,0.39862564,0.41456994,0.215
6.5,0.31640354,0.3296889,0.177
6.6,0.25645545,0.26769722,0.145
6.7,0.16628471,0.17423958,0.092
6.8,0.13383059,0.14035787,0.076
6.9,0.08294309,0.087171234,0.044
7.0,0.026271047,0.027719783,0.013
