Magnitude,UCERF3-TI Prob,UCERF3-TD Prob,UCERF3-ETAS Prob
6.0,0.5538329,0.58484143,0.354
6.1,0.5538329,0.58484143,0.354
6.2,0.4824967,0.51517713,0.309
6.3,0.4824967,0.51517713,0.309
6.4,0.3882329,0.42204228,0.249
6.5,0.38665184,0.4204926,0.249
6.6,0.33448404,0.36942676,0.208
6.7,0.11359194,0.11916923,0.045
6.8,0.103237055,0.10833842,0.039
6.9,0.09329296,0.097915396,0.034
7.0,0.07700698,0.080845416,0.032
7.1,0.055314273,0.05810472,0.023
7.2,0.0311593,0.03276091,0.012
