Magnitude,UCERF3-TI Prob,UCERF3-TD Prob,UCERF3-ETAS Prob
6.0,0.64431155,0.7836346,0.438
6.1,0.64431155,0.7836346,0.438
6.2,0.64431155,0.7836346,0.438
6.3,0.64431155,0.7836346,0.438
6.4,0.64431155,0.7836346,0.438
6.5,0.5922,0.7565302,0.4
6.6,0.5922,0.7565302,0.4
