Magnitude,UCERF3-TI Prob,UCERF3-TD Prob,UCERF3-ETAS Prob
6.0,0.9199791,0.8080343,0.816
6.1,0.9199791,0.8080343,0.816
6.2,0.9199791,0.8080343,0.816
6.3,0.9199791,0.8080343,0.816
6.4,0.9199791,0.8080343,0.816
6.5,0.9199791,0.8080343,0.816
6.6,0.9199791,0.8080343,0.816
6.7,0.83858335,0.70894873,0.698
6.8,0.76208663,0.6355731,0.612
6.9,0.7611974,0.63431215,0.611
7.0,0.629404,0.5286604,0.456
7.1,0.2520886,0.23429187,0.113
7.2,0.18885392,0.1790155,0.073
7.3,0.10366764,0.09914615,0.035
