Magnitude,UCERF3-TI Prob,UCERF3-TD Prob,UCERF3-ETAS Prob
6.0,0.33218464,0.35792196,0.339
6.1,0.33218464,0.35792196,0.339
6.2,0.33218464,0.35792196,0.339
6.3,0.24452533,0.263221,0.198
6.4,0.24452533,0.263221,0.198
6.5,0.17359881,0.1871757,0.123
6.6,0.17187582,0.18541884,0.122
6.7,0.121476546,0.13267888,0.074
6.8,0.024281945,0.02501402,0.013
6.9,0.020443987,0.021015136,0.011
7.0,0.014004569,0.014336571,0.005
7.1,0.007707497,0.007843828,0.003
