Magnitude,UCERF3-TI Prob,UCERF3-TD Prob,UCERF3-ETAS Prob
6.0,0.7875599,0.79871863,0.618
6.1,0.7875599,0.79871863,0.543
6.2,0.63339967,0.64102477,0.412
6.3,0.49904978,0.5054379,0.296
6.4,0.33499938,0.3411252,0.178
6.5,0.24190508,0.24787836,0.123
6.6,0.17127082,0.17695409,0.084
6.7,0.123952135,0.12946302,0.062
6.8,0.061261863,0.06429407,0.031
