Magnitude,UCERF3-TI Prob,UCERF3-TD Prob,UCERF3-ETAS Prob
6.0,0.727604,0.6805198,0.422
6.1,0.727604,0.6805198,0.422
6.2,0.727604,0.6805198,0.422
6.3,0.727604,0.6805198,0.422
6.4,0.727604,0.6805198,0.422
6.5,0.6821125,0.6457509,0.375
6.6,0.6821125,0.6457509,0.375
6.7,0.63656086,0.6128615,0.338
6.8,0.63227904,0.60891545,0.334
6.9,0.28691438,0.26010835,0.11
7.0,0.24508896,0.22353263,0.085
7.1,0.20585392,0.18934502,0.069
7.2,0.1239207,0.112555996,0.039
7.3,0.040383127,0.03753624,0.013
