Magnitude,UCERF3-TI Prob,UCERF3-TD Prob,UCERF3-ETAS Prob
6.0,0.7331228,0.7575703,0.458
6.1,0.7331228,0.7575703,0.419
6.2,0.5744957,0.59448445,0.308
6.3,0.46383056,0.48133346,0.24
6.4,0.38100967,0.39641604,0.182
6.5,0.33013827,0.3442461,0.164
6.6,0.28720173,0.30013058,0.135
6.7,0.21363826,0.2242586,0.094
6.8,0.15728219,0.16537508,0.059
6.9,0.11443008,0.12054131,0.034
7.0,0.061247602,0.06473395,0.023
