Magnitude,UCERF3-TI Prob,UCERF3-TD Prob,UCERF3-ETAS Prob
6.0,0.67439014,0.7245302,0.37
6.1,0.67439014,0.7245302,0.37
6.2,0.67439014,0.7245302,0.37
6.3,0.67439014,0.7245302,0.37
6.4,0.3187616,0.31531325,0.128
6.5,0.3187616,0.31531325,0.128
6.6,0.30055663,0.29732707,0.117
6.7,0.092070565,0.06758052,0.011
