Magnitude,UCERF3-TI Prob,UCERF3-TD Prob,UCERF3-ETAS Prob
6.0,0.9821205,0.9233383,0.961
6.1,0.9096776,0.801716,0.845
6.2,0.9096776,0.801716,0.845
6.3,0.8238168,0.7144172,0.738
6.4,0.76473963,0.66343784,0.673
6.5,0.76421374,0.66281414,0.672
6.6,0.69847906,0.6105473,0.589
6.7,0.6454404,0.5592197,0.539
6.8,0.29000953,0.26767328,0.206
6.9,0.25423676,0.23550195,0.167
7.0,0.18308742,0.16891061,0.116
7.1,0.08018191,0.0732713,0.052
