Magnitude,UCERF3-TI Prob,UCERF3-TD Prob,UCERF3-ETAS Prob
6.0,0.48266387,0.52732766,0.206
6.1,0.48266387,0.52732766,0.206
6.2,0.48266387,0.52732766,0.206
6.3,0.48266387,0.52732766,0.206
6.4,0.29292822,0.31025705,0.108
6.5,0.29292822,0.31025705,0.108
6.6,0.2736942,0.29052183,0.098
6.7,0.22752248,0.24186848,0.082
6.8,0.21406254,0.22780716,0.077
6.9,0.20182693,0.2150591,0.073
7.0,0.17721127,0.18930602,0.065
7.1,0.15349275,0.16447288,0.053
7.2,0.11010739,0.118892245,0.039
