Magnitude,UCERF3-TI Prob,UCERF3-TD Prob,UCERF3-ETAS Prob
6.0,0.5633755,0.5713666,0.285
6.1,0.5633755,0.5713666,0.285
6.2,0.5633755,0.5713666,0.285
6.3,0.5633755,0.5713666,0.285
6.4,0.5633755,0.5713666,0.285
6.5,0.42623568,0.41600683,0.196
6.6,0.36266336,0.34681278,0.155
6.7,0.36266336,0.34681278,0.155
6.8,0.31116918,0.28993934,0.124
6.9,0.28808132,0.26649612,0.108
7.0,0.23210292,0.21265924,0.08
7.1,0.20585392,0.18934502,0.069
7.2,0.1239207,0.112555996,0.039
7.3,0.040383127,0.03753624,0.013
