Magnitude,UCERF3-TI Prob,UCERF3-TD Prob,UCERF3-ETAS Prob
6.0,0.7071999,0.74838585,0.436
6.1,0.7071999,0.74838585,0.436
6.2,0.7071999,0.74838585,0.436
6.3,0.40056077,0.4194516,0.22
6.4,0.40056077,0.4194516,0.22
6.5,0.2760911,0.28914666,0.14
6.6,0.20386648,0.21367685,0.101
6.7,0.16084832,0.16902867,0.074
6.8,0.12589486,0.13244578,0.056
6.9,0.050780367,0.053667437,0.022
