Magnitude,UCERF3-TI Prob,UCERF3-TD Prob,UCERF3-ETAS Prob
6.0,0.6038257,0.6373653,0.335
6.1,0.6038257,0.6373653,0.335
6.2,0.6038257,0.6373653,0.335
6.3,0.6038257,0.6373653,0.335
6.4,0.6038257,0.6373653,0.335
6.5,0.48780912,0.51765454,0.26
6.6,0.48780912,0.51765454,0.26
6.7,0.39686966,0.4258416,0.206
6.8,0.39686966,0.4258416,0.206
6.9,0.3445555,0.3718273,0.172
7.0,0.31267747,0.33910736,0.162
7.1,0.16664736,0.19043288,0.08
7.2,0.11949291,0.14026089,0.058
