Magnitude,1 wk TI Prob,1 wk TD Prob,1 wk ETAS Prob,1 wk ETAS/TD Gain,1 wk ETAS Triggered Only,1 mo TI Prob,1 mo TD Prob,1 mo ETAS Prob,1 mo ETAS/TD Gain,1 mo ETAS Triggered Only,1 yr TI Prob,1 yr TD Prob,1 yr ETAS Prob,1 yr ETAS/TD Gain,1 yr ETAS Triggered Only,10 yr TI Prob,10 yr TD Prob,10 yr ETAS Prob,10 yr ETAS/TD Gain,10 yr ETAS Triggered Only
6.0,1.9621975E-5,2.2097078E-5,4.7208712E-4,21.364233,4.5E-4,8.4091465E-5,9.4699084E-5,7.646356E-4,8.074372,6.7E-4,0.0010233327,0.0011524865,0.002530896,2.1960309,0.00138,0.01018633,0.011478408,0.013969483,1.2170227,0.00252
6.1,1.9621975E-5,2.2097078E-5,4.7208712E-4,21.364233,4.5E-4,8.4091465E-5,9.4699084E-5,7.646356E-4,8.074372,6.7E-4,0.0010233327,0.0011524865,0.002530896,2.1960309,0.00138,0.01018633,0.011478408,0.013969483,1.2170227,0.00252
6.2,9.9971285E-6,1.125564E-5,2.2125327E-4,19.657104,2.1E-4,4.2844134E-5,4.8237856E-5,3.7822194E-4,7.84077,3.3E-4,5.2150246E-4,5.871897E-4,0.0013667316,2.3275812,7.8E-4,0.0052028033,0.005861487,0.007312929,1.2476236,0.00146
6.3,9.589428E-6,1.0798346E-5,2.0079629E-4,18.595097,1.9E-4,4.10969E-5,4.62781E-5,3.5626374E-4,7.6983232,3.1E-4,5.002399E-4,5.6334207E-4,0.0012929308,2.2951078,7.3E-4,0.0049911533,0.0056242296,0.007006412,1.245755,0.00139
6.4,9.589428E-6,1.0798346E-5,2.0079629E-4,18.595097,1.9E-4,4.10969E-5,4.62781E-5,3.5626374E-4,7.6983232,3.1E-4,5.002399E-4,5.6334207E-4,0.0012929308,2.2951078,7.3E-4,0.0049911533,0.0056242296,0.007006412,1.245755,0.00139
6.5,5.557707E-6,6.2856016E-6,1.0628497E-4,16.909277,1.0E-4,2.3818526E-5,2.6938165E-5,2.0693331E-4,7.6817894,1.8E-4,2.8995197E-4,3.279497E-4,7.8779884E-4,2.4021943,4.6E-4,0.0028957394,0.0032772934,0.0042241802,1.2889234,9.5E-4
6.6,4.8742945E-6,5.5132896E-6,9.551279E-5,17.324102,9.0E-5,2.0889667E-5,2.3628318E-5,1.8362454E-4,7.7713757,1.6E-4,2.54302E-4,2.87663E-4,7.075422E-4,2.459622,4.2E-4,0.002540112,0.0028754752,0.00371306,1.2912856,8.4E-4
6.7,3.991108E-6,4.5159104E-6,8.451555E-5,18.715063,8.0E-5,1.7104636E-5,1.9353902E-5,1.2935177E-4,6.6834984,1.1E-4,2.0822904E-4,2.3563375E-4,5.3556304E-4,2.2728622,3.0E-4,0.0020803404,0.0023563374,0.0030048059,1.2752018,6.5E-4
