Magnitude,1 wk TI Prob,1 wk TD Prob,1 wk ETAS Prob,1 wk ETAS/TD Gain,1 wk ETAS Triggered Only,1 mo TI Prob,1 mo TD Prob,1 mo ETAS Prob,1 mo ETAS/TD Gain,1 mo ETAS Triggered Only,1 yr TI Prob,1 yr TD Prob,1 yr ETAS Prob,1 yr ETAS/TD Gain,1 yr ETAS Triggered Only,10 yr TI Prob,10 yr TD Prob,10 yr ETAS Prob,10 yr ETAS/TD Gain,10 yr ETAS Triggered Only
6.0,1.9621975E-5,2.2097078E-5,7.3564495E-4,33.291504,7.1356364E-4,8.4091465E-5,9.4699084E-5,9.865692E-4,10.417938,8.919546E-4,0.0010233327,0.0011524865,0.0029343397,2.5460947,0.0017839092,0.01018633,0.011478408,0.014476243,1.2611717,0.0030326454
6.1,1.9621975E-5,2.2097078E-5,7.3564495E-4,33.291504,7.1356364E-4,8.4091465E-5,9.4699084E-5,9.865692E-4,10.417938,8.919546E-4,0.0010233327,0.0011524865,0.0029343397,2.5460947,0.0017839092,0.01018633,0.011478408,0.014476243,1.2611717,0.0030326454
6.2,9.9971285E-6,1.1255639E-5,4.2749642E-4,37.980644,4.1624546E-4,4.2844134E-5,4.8237856E-5,6.428455E-4,13.326578,5.9463637E-4,5.2150246E-4,5.871896E-4,0.001775764,3.0241747,0.0011892727,0.0052028033,0.005861487,0.007930514,1.3529869,0.0020812273
6.3,9.589428E-6,1.0798346E-5,3.6757631E-4,34.04006,3.5678182E-4,4.10969E-5,4.62781E-5,5.814261E-4,12.563742,5.3517276E-4,5.002399E-4,5.6334207E-4,0.0016330846,2.8989217,0.0010703455,0.0049911533,0.0056242296,0.0075754933,1.3469388,0.0019623002
6.4,9.589428E-6,1.0798346E-5,3.6757631E-4,34.04006,3.5678182E-4,4.10969E-5,4.62781E-5,5.814261E-4,12.563742,5.3517276E-4,5.002399E-4,5.6334207E-4,0.0016330846,2.8989217,0.0010703455,0.0049911533,0.0056242296,0.0075754933,1.3469388,0.0019623002
6.5,5.557707E-6,6.2856016E-6,1.2521213E-4,19.92047,1.1892727E-4,2.3818526E-5,2.6938165E-5,2.647863E-4,9.8294115,2.3785455E-4,2.8995197E-4,3.2794967E-4,9.223911E-4,2.8125992,5.9463637E-4,0.0028957394,0.0032772934,0.0044626687,1.3616934,0.0011892727
6.6,4.8742945E-6,5.5132896E-6,6.49766E-5,11.78545,5.9463637E-5,2.0889667E-5,2.3628318E-5,2.0201501E-4,8.5497,1.7839091E-4,2.54302E-4,2.87663E-4,7.6323526E-4,2.653227,4.757091E-4,0.002540112,0.0028754752,0.0038241576,1.329922,9.514182E-4
6.7,3.991108E-6,4.5159104E-6,4.5159104E-6,1.0,0.0,1.7104636E-5,1.9353902E-5,7.881639E-5,4.072377,5.9463637E-5,2.0822904E-4,2.3563375E-4,5.923315E-4,2.5137804,3.5678182E-4,0.0020803404,0.0023563374,0.0029495726,1.2517616,5.9463637E-4
