Magnitude,1 wk TI Prob,1 wk TD Prob,1 wk ETAS Prob,1 wk ETAS/TD Gain,1 wk ETAS Triggered Only,1 mo TI Prob,1 mo TD Prob,1 mo ETAS Prob,1 mo ETAS/TD Gain,1 mo ETAS Triggered Only,1 yr TI Prob,1 yr TD Prob,1 yr ETAS Prob,1 yr ETAS/TD Gain,1 yr ETAS Triggered Only,10 yr TI Prob,10 yr TD Prob,10 yr ETAS Prob,10 yr ETAS/TD Gain,10 yr ETAS Triggered Only
6.0,1.9621975E-5,2.2097078E-5,4.93956E-4,22.353905,4.7186934E-4,8.4091465E-5,9.4699084E-5,7.6614186E-4,8.090277,6.7150634E-4,0.0010233327,0.0011524865,0.002566463,2.226892,0.001415608,0.01018633,0.011478408,0.014097721,1.2281948,0.0026497277
6.1,1.9621975E-5,2.2097078E-5,4.93956E-4,22.353905,4.7186934E-4,8.4091465E-5,9.4699084E-5,7.6614186E-4,8.090277,6.7150634E-4,0.0010233327,0.0011524865,0.002566463,2.226892,0.001415608,0.01018633,0.011478408,0.014097721,1.2281948,0.0026497277
6.2,9.9971285E-6,1.1255639E-5,2.6533628E-4,23.57363,2.5408348E-4,4.2844134E-5,4.8237856E-5,4.4749264E-4,9.2767935,3.9927405E-4,5.2150246E-4,5.871896E-4,0.0014578215,2.48271,8.7114336E-4,0.0052028033,0.005861487,0.0075394334,1.2862664,0.0016878403
6.3,9.589428E-6,1.0798346E-5,2.4673046E-4,22.848913,2.3593467E-4,4.10969E-5,4.62781E-5,4.2738568E-4,9.235161,3.8112522E-4,5.002399E-4,5.6334207E-4,0.0013977175,2.481117,8.3484576E-4,0.0049911533,0.0056242296,0.0072664837,1.2919962,0.0016515426
6.4,9.589428E-6,1.0798346E-5,2.4673046E-4,22.848913,2.3593467E-4,4.10969E-5,4.62781E-5,4.2738568E-4,9.235161,3.8112522E-4,5.002399E-4,5.6334207E-4,0.0013977175,2.481117,8.3484576E-4,0.0049911533,0.0056242296,0.0072664837,1.2919962,0.0016515426
6.5,5.557707E-6,6.2856016E-6,1.1517784E-4,18.324076,1.0889292E-4,2.3818526E-5,2.6938165E-5,2.2656981E-4,8.410736,1.9963703E-4,2.8995197E-4,3.2794967E-4,8.1780716E-4,2.493697,4.9001817E-4,0.0028957394,0.0032772934,0.0043988326,1.3422151,0.0011252268
6.6,4.8742945E-6,5.5132896E-6,9.625689E-5,17.459066,9.07441E-5,2.0889667E-5,2.3628318E-5,1.8696384E-4,7.912702,1.6333938E-4,2.54302E-4,2.87663E-4,7.231094E-4,2.513738,4.3557168E-4,0.002540112,0.0028754752,0.0038707901,1.3461393,9.981851E-4
6.7,3.991108E-6,4.5159104E-6,7.711086E-5,17.075375,7.259528E-5,1.7104636E-5,1.9353902E-5,1.2824472E-4,6.626298,1.0889292E-4,2.0822904E-4,2.3563375E-4,5.44091E-4,2.3090537,3.0852994E-4,0.0020803404,0.0023563374,0.003134898,1.3304112,7.8039925E-4
