Magnitude,1 wk TI Prob,1 wk TD Prob,1 wk ETAS Prob,1 wk ETAS/TD Gain,1 wk ETAS Triggered Only,1 mo TI Prob,1 mo TD Prob,1 mo ETAS Prob,1 mo ETAS/TD Gain,1 mo ETAS Triggered Only,1 yr TI Prob,1 yr TD Prob,1 yr ETAS Prob,1 yr ETAS/TD Gain,1 yr ETAS Triggered Only,10 yr TI Prob,10 yr TD Prob,10 yr ETAS Prob,10 yr ETAS/TD Gain,10 yr ETAS Triggered Only
6.0,3.5090034E-5,4.0364324E-5,0.0010203248,25.277885,9.8E-4,1.503772E-4,1.7297994E-4,0.0017627049,10.1902275,0.00159,0.0018293047,0.0021042528,0.004898361,2.3278387,0.0028,0.018143194,0.020869201,0.025520073,1.2228582,0.00475
6.1,3.5090034E-5,4.0364324E-5,0.0010203248,25.277885,9.8E-4,1.503772E-4,1.7297994E-4,0.0017627049,10.1902275,0.00159,0.0018293047,0.0021042528,0.004898361,2.3278387,0.0028,0.018143194,0.020869201,0.025520073,1.2228582,0.00475
6.2,1.841879E-5,2.1059794E-5,5.7104824E-4,27.115566,5.5E-4,7.8935285E-5,9.0253714E-5,9.501761E-4,10.527834,8.6E-4,9.606133E-4,0.001098387,0.0026766516,2.436893,0.00158,0.0095647145,0.010939667,0.0136002395,1.2432041,0.00269
6.3,1.841879E-5,2.1059794E-5,5.7104824E-4,27.115566,5.5E-4,7.8935285E-5,9.0253714E-5,9.501761E-4,10.527834,8.6E-4,9.606133E-4,0.001098387,0.0026766516,2.436893,0.00158,0.0095647145,0.010939667,0.0136002395,1.2432041,0.00269
6.4,1.712201E-5,1.9565212E-5,5.095556E-4,26.043962,4.9E-4,7.337798E-5,8.3848776E-5,8.837817E-4,10.540186,8.0E-4,8.930107E-4,0.0010204813,0.0024889812,2.4390268,0.00147,0.008894307,0.010167871,0.012642451,1.2433726,0.0025
6.5,1.4744935E-5,1.6836972E-5,4.668294E-4,27.726446,4.5E-4,6.3191044E-5,7.215698E-5,7.7210646E-4,10.700371,7.0E-4,7.6907943E-4,8.7825063E-4,0.002177109,2.4789152,0.0013,0.007664232,0.008756994,0.010977379,1.2535555,0.00224
6.6,1.2017839E-5,1.37240895E-5,3.937189E-4,28.68816,3.8E-4,5.150401E-5,5.88167E-5,6.287832E-4,10.690556,5.7E-4,6.268809E-4,7.159466E-4,0.0017651948,2.46554,0.00105,0.0062511545,0.0071450938,0.008962018,1.2542897,0.00183
6.7,1.00956095E-5,1.1533517E-5,3.415297E-4,29.611933,3.3E-4,4.326618E-5,4.942891E-5,4.7940767E-4,9.698933,4.3E-4,5.266384E-4,6.017178E-4,0.0014212243,2.3619452,8.2E-4,0.005253921,0.0060094125,0.0074805184,1.2448003,0.00148
