Magnitude,1 wk TI Prob,1 wk TD Prob,1 wk ETAS Prob,1 wk ETAS/TD Gain,1 wk ETAS Triggered Only,1 mo TI Prob,1 mo TD Prob,1 mo ETAS Prob,1 mo ETAS/TD Gain,1 mo ETAS Triggered Only,1 yr TI Prob,1 yr TD Prob,1 yr ETAS Prob,1 yr ETAS/TD Gain,1 yr ETAS Triggered Only,10 yr TI Prob,10 yr TD Prob,10 yr ETAS Prob,10 yr ETAS/TD Gain,10 yr ETAS Triggered Only
6.0,2.233523E-5,2.5106583E-5,8.4568725E-5,3.3683887,5.9463637E-5,9.571891E-5,1.0759615E-4,2.8596786E-4,2.657789,1.7839091E-4,0.0011647546,0.001309364,0.0014875213,1.136064,1.7839091E-4,0.011586686,0.013033091,0.013209157,1.0135092,1.7839091E-4
6.1,2.233523E-5,2.5106583E-5,8.4568725E-5,3.3683887,5.9463637E-5,9.571891E-5,1.0759615E-4,2.8596786E-4,2.657789,1.7839091E-4,0.0011647546,0.001309364,0.0014875213,1.136064,1.7839091E-4,0.011586686,0.013033091,0.013209157,1.0135092,1.7839091E-4
6.2,2.233523E-5,2.5106583E-5,8.4568725E-5,3.3683887,5.9463637E-5,9.571891E-5,1.0759615E-4,2.8596786E-4,2.657789,1.7839091E-4,0.0011647546,0.001309364,0.0014875213,1.136064,1.7839091E-4,0.011586686,0.013033091,0.013209157,1.0135092,1.7839091E-4
6.3,2.233523E-5,2.5106583E-5,8.4568725E-5,3.3683887,5.9463637E-5,9.571891E-5,1.0759615E-4,2.8596786E-4,2.657789,1.7839091E-4,0.0011647546,0.001309364,0.0014875213,1.136064,1.7839091E-4,0.011586686,0.013033091,0.013209157,1.0135092,1.7839091E-4
6.4,1.2288092E-5,1.3781108E-5,1.3781108E-5,1.0,0.0,5.2662188E-5,5.906108E-5,1.7798133E-4,3.013513,1.1892727E-4,6.409735E-4,7.189252E-4,8.37767E-4,1.1653048,1.1892727E-4,0.006391279,0.0071752006,0.0072932746,1.0164559,1.1892727E-4
6.5,1.2288092E-5,1.3781108E-5,1.3781108E-5,1.0,0.0,5.2662188E-5,5.906108E-5,1.7798133E-4,3.013513,1.1892727E-4,6.409735E-4,7.189252E-4,8.37767E-4,1.1653048,1.1892727E-4,0.006391279,0.0071752006,0.0072932746,1.0164559,1.1892727E-4
6.6,8.58281E-6,9.63377E-6,9.63377E-6,1.0,0.0,3.6782953E-5,4.12874E-5,1.00748584E-4,2.4401774,5.9463637E-5,4.4774043E-4,5.026414E-4,5.620751E-4,1.1182429,5.9463637E-5,0.0044683935,0.005023205,0.0050823702,1.0117784,5.9463637E-5
6.7,7.205685E-6,8.088302E-6,8.088302E-6,1.0,0.0,3.088114E-5,3.466415E-5,9.4125724E-5,2.7153623,5.9463637E-5,3.7591302E-4,4.2203604E-4,4.8147456E-4,1.1408376,5.9463637E-5,0.0037527776,0.0042203604,0.004279573,1.0140302,5.9463637E-5
