Magnitude,UCERF3-TI Prob,UCERF3-TD Prob,UCERF3-ETAS Prob
6.0,0.6215107,0.6659466,0.56231886
6.1,0.50945795,0.54853946,0.4347826
6.2,0.50945795,0.54853946,0.4347826
6.3,0.41494375,0.4490603,0.35652173
6.4,0.41494375,0.4490603,0.35652173
6.5,0.37114903,0.40336686,0.31304348
6.6,0.34592536,0.37712613,0.28985506
6.7,0.28858984,0.31698847,0.22608696
6.8,0.23818669,0.2628906,0.1884058
6.9,0.18071403,0.20048635,0.11884058
7.0,0.097210445,0.1083143,0.055072464
7.1,0.040928528,0.04581024,0.026086956
