Magnitude,1 wk TI Prob,1 wk TD Prob,1 wk ETAS Prob,1 wk ETAS/TD Gain,1 wk ETAS Triggered Only,1 mo TI Prob,1 mo TD Prob,1 mo ETAS Prob,1 mo ETAS/TD Gain,1 mo ETAS Triggered Only,1 yr TI Prob,1 yr TD Prob,1 yr ETAS Prob,1 yr ETAS/TD Gain,1 yr ETAS Triggered Only,10 yr TI Prob,10 yr TD Prob,10 yr ETAS Prob,10 yr ETAS/TD Gain,10 yr ETAS Triggered Only
6.0,3.5090034E-5,4.0364153E-5,4.0364153E-5,1.0,0.0,1.503772E-4,1.7297921E-4,1.8297748E-4,1.0578004,1.0E-5,0.0018293047,0.002104245,0.0021142238,1.0047423,1.0E-5,0.018143194,0.020869121,0.020878913,1.0004692,1.0E-5
6.1,3.5090034E-5,4.0364153E-5,4.0364153E-5,1.0,0.0,1.503772E-4,1.7297921E-4,1.8297748E-4,1.0578004,1.0E-5,0.0018293047,0.002104245,0.0021142238,1.0047423,1.0E-5,0.018143194,0.020869121,0.020878913,1.0004692,1.0E-5
6.2,1.841879E-5,2.1059712E-5,2.1059712E-5,1.0,0.0,7.8935285E-5,9.0253365E-5,9.0253365E-5,1.0,0.0,9.606133E-4,0.0010983829,0.0010983829,1.0,0.0,0.0095647145,0.010939626,0.010939626,1.0,0.0
6.3,1.841879E-5,2.1059712E-5,2.1059712E-5,1.0,0.0,7.8935285E-5,9.0253365E-5,9.0253365E-5,1.0,0.0,9.606133E-4,0.0010983829,0.0010983829,1.0,0.0,0.0095647145,0.010939626,0.010939626,1.0,0.0
6.4,1.712201E-5,1.9565137E-5,1.9565137E-5,1.0,0.0,7.337798E-5,8.384846E-5,8.384846E-5,1.0,0.0,8.930107E-4,0.0010204775,0.0010204775,1.0,0.0,0.008894307,0.0101678325,0.0101678325,1.0,0.0
6.5,1.4744935E-5,1.6836908E-5,1.6836908E-5,1.0,0.0,6.3191044E-5,7.215671E-5,7.215671E-5,1.0,0.0,7.6907943E-4,8.782473E-4,8.782473E-4,1.0,0.0,0.007664232,0.008756962,0.008756962,1.0,0.0
6.6,1.2017839E-5,1.3724037E-5,1.3724037E-5,1.0,0.0,5.150401E-5,5.8816477E-5,5.8816477E-5,1.0,0.0,6.268809E-4,7.1594387E-4,7.1594387E-4,1.0,0.0,0.0062511545,0.0071450667,0.0071450667,1.0,0.0
6.7,1.00956095E-5,1.1533472E-5,1.1533472E-5,1.0,0.0,4.326618E-5,4.9428723E-5,4.9428723E-5,1.0,0.0,5.266384E-4,6.017155E-4,6.017155E-4,1.0,0.0,0.005253921,0.0060093896,0.0060093896,1.0,0.0
