Magnitude,1 wk TI Prob,1 wk TD Prob,1 wk ETAS Prob,1 wk ETAS/TD Gain,1 wk ETAS Triggered Only,1 mo TI Prob,1 mo TD Prob,1 mo ETAS Prob,1 mo ETAS/TD Gain,1 mo ETAS Triggered Only,1 yr TI Prob,1 yr TD Prob,1 yr ETAS Prob,1 yr ETAS/TD Gain,1 yr ETAS Triggered Only
6.0,9.102099E-5,8.966761E-5,2.0965685E-4,2.338156,1.2E-4,3.9003167E-4,3.8422062E-4,5.041745E-4,1.3122005,1.2E-4,0.0047383,0.0046685147,0.0049073943,1.0511682,2.4E-4
6.1,3.8306698E-5,4.1548446E-5,1.2154513E-4,2.925383,8.0E-5,1.6416123E-4,1.7805643E-4,2.580422E-4,1.4492158,8.0E-5,0.0019968306,0.0021661238,0.0023257772,1.0737046,1.6E-4
6.2,3.8306698E-5,4.1548446E-5,1.2154513E-4,2.925383,8.0E-5,1.6416123E-4,1.7805643E-4,2.580422E-4,1.4492158,8.0E-5,0.0019968306,0.0021661238,0.0023257772,1.0737046,1.6E-4
6.3,3.3197924E-5,3.6596153E-5,1.16593226E-4,3.1859422,8.0E-5,1.4226905E-4,1.5683495E-4,2.3682241E-4,1.5100104,8.0E-5,0.0017307495,0.001908332,0.0020680267,1.0836829,1.6E-4
6.4,2.5148964E-5,2.7451913E-5,1.0744972E-4,3.9141066,8.0E-5,1.0777682E-4,1.1764941E-4,1.9764001E-4,1.6799064,8.0E-5,0.0013113929,0.00143209,0.0015519181,1.0836736,1.2E-4
6.5,2.5148964E-5,2.7451913E-5,1.0744972E-4,3.9141066,8.0E-5,1.0777682E-4,1.1764941E-4,1.9764001E-4,1.6799064,8.0E-5,0.0013113929,0.00143209,0.0015519181,1.0836736,1.2E-4
