Magnitude,UCERF3-TI Prob,UCERF3-TD Prob,UCERF3-ETAS Prob
6.0,0.16731344,0.17553239,0.19197397
6.1,0.16731344,0.17553239,0.19197397
6.2,0.09163364,0.09593823,0.11171366
6.3,0.09163364,0.09593823,0.11171366
6.4,0.0854663,0.08952937,0.106290676
6.5,0.074052304,0.07764051,0.09436008
6.6,0.06078208,0.06385765,0.077006504
6.7,0.051314287,0.054039508,0.06832972
