Magnitude,UCERF3-TI Prob,UCERF3-TD Prob,UCERF3-ETAS Prob
6.0,0.11558291,0.11834761,0.11930586
6.1,0.11558291,0.11834761,0.11930586
6.2,0.11558291,0.11834761,0.11930586
6.3,0.04988863,0.05082007,0.06290673
6.4,0.04988863,0.05082007,0.06290673
6.5,0.031792615,0.0323502,0.048806943
6.6,0.022540906,0.022921285,0.03362256
6.7,0.017383514,0.017677434,0.02494577
6.8,0.013365341,0.013592248,0.021691974
6.9,0.0051979506,0.0052890973,0.00867679
