Magnitude,1 wk TI Prob,1 wk TD Prob,1 wk ETAS Prob,1 wk ETAS/TD Gain,1 wk ETAS Triggered Only,1 mo TI Prob,1 mo TD Prob,1 mo ETAS Prob,1 mo ETAS/TD Gain,1 mo ETAS Triggered Only,1 yr TI Prob,1 yr TD Prob,1 yr ETAS Prob,1 yr ETAS/TD Gain,1 yr ETAS Triggered Only,10 yr TI Prob,10 yr TD Prob,10 yr ETAS Prob,10 yr ETAS/TD Gain,10 yr ETAS Triggered Only
6.0,3.5090034E-5,4.0364324E-5,0.0011741647,29.089172,0.0011338462,1.503772E-4,1.7297994E-4,0.0014461562,8.360253,0.0012733964,0.0018293047,0.0021042528,0.0035316334,1.6783314,0.0014303905,0.018143194,0.020869201,0.022406379,1.0736578,0.0015699408
6.1,3.5090034E-5,4.0364324E-5,0.0011741647,29.089172,0.0011338462,1.503772E-4,1.7297994E-4,0.0014461562,8.360253,0.0012733964,0.0018293047,0.0021042528,0.0035316334,1.6783314,0.0014303905,0.018143194,0.020869201,0.022406379,1.0736578,0.0015699408
6.2,1.841879E-5,2.1059794E-5,6.490229E-4,30.818104,6.279763E-4,7.8935285E-5,9.0253714E-5,7.7050005E-4,8.5370455,6.803077E-4,9.606133E-4,0.001098387,0.001847646,1.6821448,7.5008284E-4,0.0095647145,0.010939667,0.011750556,1.0741237,8.19858E-4
6.3,1.841879E-5,2.1059794E-5,6.490229E-4,30.818104,6.279763E-4,7.8935285E-5,9.0253714E-5,7.7050005E-4,8.5370455,6.803077E-4,9.606133E-4,0.001098387,0.001847646,1.6821448,7.5008284E-4,0.0095647145,0.010939667,0.011750556,1.0741237,8.19858E-4
6.4,1.712201E-5,1.9565212E-5,6.4752926E-4,33.09595,6.279763E-4,7.337798E-5,8.3848776E-5,7.640995E-4,9.112827,6.803077E-4,8.930107E-4,0.0010204813,0.0017697987,1.7342784,7.5008284E-4,0.008894307,0.010167871,0.010979393,1.0798124,8.19858E-4
6.5,1.4744935E-5,1.6836972E-5,5.226983E-4,31.044674,5.0586986E-4,6.3191044E-5,7.215698E-5,6.128754E-4,8.493639,5.4075744E-4,7.6907943E-4,8.7825063E-4,0.001488247,1.6945584,6.1053253E-4,0.007664232,0.008756994,0.009431344,1.077007,6.803077E-4
6.6,1.2017839E-5,1.37240895E-5,4.6725632E-4,34.046436,4.5353847E-4,5.150401E-5,5.88167E-5,5.47214E-4,9.303719,4.8842607E-4,6.268809E-4,7.159466E-4,0.0012737481,1.7791106,5.582012E-4,0.0062511545,0.0071450938,0.007751264,1.0848373,6.1053253E-4
6.7,1.00956095E-5,1.1533517E-5,4.3017959E-4,37.298214,4.186509E-4,4.326618E-5,4.942891E-5,5.02945E-4,10.1751175,4.5353847E-4,5.266384E-4,6.017178E-4,0.0011247165,1.8691761,5.2331365E-4,0.005253921,0.0060094125,0.006581598,1.095215,5.75645E-4
