Magnitude,1 wk TI Prob,1 wk TD Prob,1 wk ETAS Prob,1 wk ETAS/TD Gain,1 wk ETAS Triggered Only,1 mo TI Prob,1 mo TD Prob,1 mo ETAS Prob,1 mo ETAS/TD Gain,1 mo ETAS Triggered Only,1 yr TI Prob,1 yr TD Prob,1 yr ETAS Prob,1 yr ETAS/TD Gain,1 yr ETAS Triggered Only,10 yr TI Prob,10 yr TD Prob,10 yr ETAS Prob,10 yr ETAS/TD Gain,10 yr ETAS Triggered Only
6.0,1.9621975E-5,2.2097078E-5,4.2208823E-4,19.101542,4.0E-4,8.4091465E-5,9.4699084E-5,5.2465836E-4,5.5402684,4.3E-4,0.0010233327,0.0011524865,0.0016618988,1.4420115,5.1E-4,0.01018633,0.011478408,0.012022095,1.047366,5.5E-4
6.1,1.9621975E-5,2.2097078E-5,4.2208823E-4,19.101542,4.0E-4,8.4091465E-5,9.4699084E-5,5.2465836E-4,5.5402684,4.3E-4,0.0010233327,0.0011524865,0.0016618988,1.4420115,5.1E-4,0.01018633,0.011478408,0.012022095,1.047366,5.5E-4
6.2,9.9971285E-6,1.125564E-5,2.712527E-4,24.099272,2.6E-4,4.2844134E-5,4.8237856E-5,3.2822436E-4,6.80429,2.8E-4,5.2150246E-4,5.871897E-4,9.2699E-4,1.5786892,3.4E-4,0.0052028033,0.005861487,0.0062293177,1.0627539,3.7E-4
6.3,9.589428E-6,1.0798346E-5,2.5079577E-4,23.225386,2.4E-4,4.10969E-5,4.62781E-5,3.0626607E-4,6.6179485,2.6E-4,5.002399E-4,5.6334207E-4,8.831618E-4,1.5677185,3.2E-4,0.0049911533,0.0056242296,0.005972261,1.0618807,3.5E-4
6.4,9.589428E-6,1.0798346E-5,2.5079577E-4,23.225386,2.4E-4,4.10969E-5,4.62781E-5,3.0626607E-4,6.6179485,2.6E-4,5.002399E-4,5.6334207E-4,8.831618E-4,1.5677185,3.2E-4,0.0049911533,0.0056242296,0.005972261,1.0618807,3.5E-4
6.5,5.557707E-6,6.2856016E-6,1.8628447E-4,29.636698,1.8E-4,2.3818526E-5,2.6938165E-5,2.2693278E-4,8.424211,2.0E-4,2.8995197E-4,3.279497E-4,5.67871E-4,1.7315795,2.4E-4,0.0028957394,0.0032772934,0.0035364414,1.0790738,2.6E-4
6.6,4.8742945E-6,5.5132896E-6,1.7551235E-4,31.834415,1.7E-4,2.0889667E-5,2.3628318E-5,2.1362383E-4,9.041009,1.9E-4,2.54302E-4,2.87663E-4,5.1759684E-4,1.7993166,2.3E-4,0.002540112,0.0028754752,0.0031247563,1.0866921,2.5E-4
6.7,3.991108E-6,4.5159104E-6,1.4451527E-4,32.00136,1.4E-4,1.7104636E-5,1.9353902E-5,1.793508E-4,9.266907,1.6E-4,2.0822904E-4,2.3563375E-4,4.355866E-4,1.8485749,2.0E-4,0.0020803404,0.0023563374,0.0025758191,1.0931453,2.2E-4
