Magnitude,1 wk TI Prob,1 wk TD Prob,1 wk ETAS Prob,1 wk ETAS/TD Gain,1 wk ETAS Triggered Only,1 mo TI Prob,1 mo TD Prob,1 mo ETAS Prob,1 mo ETAS/TD Gain,1 mo ETAS Triggered Only,1 yr TI Prob,1 yr TD Prob,1 yr ETAS Prob,1 yr ETAS/TD Gain,1 yr ETAS Triggered Only,10 yr TI Prob,10 yr TD Prob,10 yr ETAS Prob,10 yr ETAS/TD Gain,10 yr ETAS Triggered Only
6.0,2.233523E-5,2.5106583E-5,7.510533E-5,2.9914596,5.0E-5,9.571891E-5,1.0759615E-4,1.675897E-4,1.5575808,6.0E-5,0.0011647546,0.001309364,0.0013692854,1.0457637,6.0E-5,0.011586686,0.013033091,0.013092309,1.0045437,6.0E-5
6.1,2.233523E-5,2.5106583E-5,7.510533E-5,2.9914596,5.0E-5,9.571891E-5,1.0759615E-4,1.675897E-4,1.5575808,6.0E-5,0.0011647546,0.001309364,0.0013692854,1.0457637,6.0E-5,0.011586686,0.013033091,0.013092309,1.0045437,6.0E-5
6.2,2.233523E-5,2.5106583E-5,7.510533E-5,2.9914596,5.0E-5,9.571891E-5,1.0759615E-4,1.675897E-4,1.5575808,6.0E-5,0.0011647546,0.001309364,0.0013692854,1.0457637,6.0E-5,0.011586686,0.013033091,0.013092309,1.0045437,6.0E-5
6.3,2.233523E-5,2.5106583E-5,7.510533E-5,2.9914596,5.0E-5,9.571891E-5,1.0759615E-4,1.675897E-4,1.5575808,6.0E-5,0.0011647546,0.001309364,0.0013692854,1.0457637,6.0E-5,0.011586686,0.013033091,0.013092309,1.0045437,6.0E-5
6.4,1.2288092E-5,1.3781108E-5,3.378083E-5,2.4512422,2.0E-5,5.2662188E-5,5.906108E-5,7.90599E-5,1.3386124,2.0E-5,6.409735E-4,7.189252E-4,7.3891087E-4,1.0277992,2.0E-5,0.006391279,0.0071752006,0.0071950573,1.0027673,2.0E-5
6.5,1.2288092E-5,1.3781108E-5,3.378083E-5,2.4512422,2.0E-5,5.2662188E-5,5.906108E-5,7.90599E-5,1.3386124,2.0E-5,6.409735E-4,7.189252E-4,7.3891087E-4,1.0277992,2.0E-5,0.006391279,0.0071752006,0.0071950573,1.0027673,2.0E-5
6.6,8.58281E-6,9.63377E-6,2.9633577E-5,3.0760105,2.0E-5,3.6782953E-5,4.12874E-5,6.128658E-5,1.4843893,2.0E-5,4.4774043E-4,5.026414E-4,5.2263134E-4,1.0397698,2.0E-5,0.0044683935,0.005023205,0.0050431048,1.0039616,2.0E-5
6.7,7.205685E-6,8.088302E-6,2.808814E-5,3.472687,2.0E-5,3.088114E-5,3.466415E-5,5.466346E-5,1.576945,2.0E-5,3.7591302E-4,4.2203604E-4,4.4202758E-4,1.0473694,2.0E-5,0.0037527776,0.0042203604,0.004240276,1.0047189,2.0E-5
