Magnitude,UCERF3-TI Prob,UCERF3-TD Prob,UCERF3-ETAS Prob
6.0,0.15221803,0.17616904,0.1045045
6.1,0.15221803,0.17616904,0.1045045
6.2,0.15221803,0.17616904,0.1045045
6.3,0.15221803,0.17616904,0.1045045
6.4,0.15221803,0.17616904,0.1045045
6.5,0.08980848,0.10389611,0.06486487
6.6,0.08980848,0.10389611,0.06486487
6.7,0.0683468,0.079341896,0.045045044
6.8,0.050183877,0.0585974,0.034234233
6.9,0.037239723,0.043746587,0.025225226
