Magnitude,UCERF3-TI Prob,UCERF3-TD Prob,UCERF3-ETAS Prob
6.0,0.106334195,0.114343,0.10990991
6.1,0.106334195,0.114343,0.10990991
6.2,0.106334195,0.114343,0.10990991
6.3,0.050967317,0.054471396,0.048648648
6.4,0.050967317,0.054471396,0.048648648
6.5,0.0356736,0.03811346,0.02882883
6.6,0.025711183,0.02748381,0.025225226
6.7,0.01893192,0.02025688,0.023423424
6.8,0.013268714,0.014220787,0.014414415
6.9,0.009185295,0.0098604,0.012612613
