Magnitude,UCERF3-TI Prob,UCERF3-TD Prob,UCERF3-ETAS Prob
6.0,0.106334195,0.114343,0.106
6.1,0.106334195,0.114343,0.106
6.2,0.106334195,0.114343,0.106
6.3,0.050967317,0.054471396,0.056
6.4,0.050967317,0.054471396,0.056
6.5,0.0356736,0.03811346,0.041
6.6,0.025711183,0.02748381,0.031
6.7,0.01893192,0.02025688,0.026
6.8,0.013268714,0.014220787,0.019
6.9,0.009185295,0.0098604,0.018
