Magnitude,UCERF3-TI Prob,UCERF3-TD Prob,UCERF3-ETAS Prob
6.0,0.14805683,0.15928744,0.1009009
6.1,0.14805683,0.15928744,0.1009009
6.2,0.059261315,0.06323324,0.061261263
6.3,0.059261315,0.06323324,0.061261263
6.4,0.040529612,0.04317306,0.046846848
6.5,0.030231453,0.0321816,0.032432433
6.6,0.030231453,0.0321816,0.032432433
6.7,0.015898956,0.016929304,0.025225226
6.8,0.011786168,0.01255812,0.021621622
6.9,0.0051795617,0.005528814,0.016216217
7.0,0.0024694544,0.0026386015,0.012612613
