Magnitude,UCERF3-TI Prob,UCERF3-TD Prob,UCERF3-ETAS Prob
6.0,0.781003,0.7626876,0.891
6.1,0.781003,0.7626876,0.891
6.2,0.781003,0.7626876,0.891
6.3,0.781003,0.7626876,0.891
6.4,0.72994804,0.7235219,0.884
6.5,0.72994804,0.7235219,0.884
6.6,0.6980793,0.6999155,0.871
6.7,0.6408199,0.656822,0.821
6.8,0.5540666,0.5870062,0.716
6.9,0.46678874,0.5145793,0.565
7.0,0.3853411,0.44298607,0.426
7.1,0.23083489,0.2896471,0.213
7.2,3.4142533E-4,2.4066657E-4,0.0
