Magnitude,UCERF3-TI Prob,UCERF3-TD Prob,UCERF3-ETAS Prob
6.0,0.09817335,0.10728612,0.093693696
6.1,0.09817335,0.10728612,0.093693696
6.2,0.09817335,0.10728612,0.093693696
6.3,0.07694598,0.08424105,0.07927928
6.4,0.07694598,0.08424105,0.07927928
6.5,0.071365766,0.07820762,0.07387388
6.6,0.06786848,0.07443208,0.072072074
6.7,0.06571945,0.072074465,0.072072074
6.8,0.029280808,0.032123804,0.027027028
6.9,0.022624092,0.024889331,0.021621622
