Magnitude,UCERF3-TI Prob,UCERF3-TD Prob,UCERF3-ETAS Prob
6.0,0.09820675,0.11782999,0.05045045
6.1,0.09820675,0.11782999,0.05045045
6.2,0.09820675,0.11782999,0.05045045
6.3,0.09820675,0.11782999,0.05045045
6.4,0.09820675,0.11782999,0.05045045
6.5,0.08579262,0.10369453,0.048648648
6.6,0.08579262,0.10369453,0.048648648
