Magnitude,UCERF3-TI Prob,UCERF3-TD Prob,UCERF3-ETAS Prob
6.0,0.031948306,0.033151437,0.026
6.1,0.031948306,0.033151437,0.026
6.2,0.031948306,0.033151437,0.026
6.3,0.031948306,0.033151437,0.026
6.4,0.031948306,0.033151437,0.026
6.5,0.014775602,0.015352462,0.011
6.6,0.014775602,0.015352462,0.011
6.7,0.013171083,0.013694866,0.007
