Magnitude,UCERF3-TI Prob,UCERF3-TD Prob,UCERF3-ETAS Prob
6.0,0.03676582,0.03896986,0.024
6.1,0.03676582,0.03896986,0.024
6.2,0.03676582,0.03896986,0.024
6.3,0.03676582,0.03896986,0.024
6.4,0.03676582,0.03896986,0.024
6.5,0.027078528,0.028791731,0.02
6.6,0.027078528,0.028791731,0.02
