Magnitude,UCERF3-TI Prob,UCERF3-TD Prob,UCERF3-ETAS Prob
6.0,0.08293039,0.09044104,0.094
6.1,0.041089572,0.044734556,0.045
6.2,0.01697257,0.0184622,0.022
6.3,0.010040271,0.010930479,0.014
6.4,0.0068341834,0.0074470774,0.008
