Magnitude,UCERF3-TI Prob,UCERF3-TD Prob,UCERF3-ETAS Prob
6.0,0.2747185,0.33717996,0.236
6.1,0.2747185,0.33717996,0.223
6.2,0.19401062,0.23749864,0.161
6.3,0.19401062,0.23749864,0.161
6.4,0.15551512,0.19030885,0.129
6.5,0.13234088,0.16209325,0.116
6.6,0.10234764,0.12579687,0.091
6.7,0.08993582,0.110842936,0.081
6.8,0.072745554,0.09007057,0.072
6.9,0.043704968,0.054732822,0.042
