Magnitude,UCERF3-TI Prob,UCERF3-TD Prob,UCERF3-ETAS Prob
6.0,0.05041216,0.05182607,0.11531532
6.1,0.05041216,0.05182607,0.11531532
6.2,0.02351082,0.024183169,0.05765766
6.3,0.02351082,0.024183169,0.05765766
6.4,0.017597485,0.01812696,0.043243244
6.5,0.014685288,0.015143541,0.04144144
6.6,0.011679373,0.012064453,0.037837837
6.7,0.009819415,0.010157849,0.036036037
6.8,0.0077314293,0.008013017,0.032432433
6.9,0.00356056,0.0037134734,0.009009009
