Magnitude,UCERF3-TI Prob,UCERF3-TD Prob,UCERF3-ETAS Prob
6.0,0.044655062,0.04896289,0.043243244
6.1,0.044655062,0.04896289,0.023423424
6.2,0.038088642,0.04189021,0.018018018
