Magnitude,UCERF3-TI Prob,UCERF3-TD Prob,UCERF3-ETAS Prob
6.0,0.09859227,0.10200935,0.063754424
6.1,0.09859227,0.10200935,0.063754424
6.2,0.09859227,0.10200935,0.063754424
6.3,0.056358494,0.058132328,0.030696576
6.4,0.056358494,0.058132328,0.030696576
6.5,0.031343445,0.0322821,0.012987013
6.6,0.029897554,0.03080641,0.012987013
6.7,0.02516531,0.025938498,0.011806375
6.8,0.009238992,0.009492481,0.0059031877
6.9,0.003929416,0.004043821,0.002361275
7.0,0.0035719506,0.0036763325,0.002361275
