Magnitude,1 wk TI Prob,1 wk TD Prob,1 wk ETAS Prob,1 wk ETAS/TD Gain,1 wk ETAS Triggered Only,1 mo TI Prob,1 mo TD Prob,1 mo ETAS Prob,1 mo ETAS/TD Gain,1 mo ETAS Triggered Only,1 yr TI Prob,1 yr TD Prob,1 yr ETAS Prob,1 yr ETAS/TD Gain,1 yr ETAS Triggered Only
6.0,8.258278E-6,8.552293E-6,4.8551952E-5,5.677068,4.0E-5,3.539214E-5,3.665227E-5,7.66508E-5,2.0912976,4.0E-5,4.308141E-4,4.461679E-4,4.8615006E-4,1.0896124,4.0E-5
6.1,3.649988E-6,3.7757554E-6,4.3775606E-5,11.593866,4.0E-5,1.5642712E-5,1.6181735E-5,5.618109E-5,3.4718828,4.0E-5,1.9043336E-4,1.9699958E-4,2.369917E-4,1.2030061,4.0E-5
6.2,3.649988E-6,3.7757554E-6,4.3775606E-5,11.593866,4.0E-5,1.5642712E-5,1.6181735E-5,5.618109E-5,3.4718828,4.0E-5,1.9043336E-4,1.9699958E-4,2.369917E-4,1.2030061,4.0E-5
6.3,1.3924937E-6,1.4412872E-6,1.4412872E-6,1.0,0.0,5.9678164E-6,6.1769383E-6,6.1769383E-6,1.0,0.0,7.265574E-5,7.520305E-5,7.520305E-5,1.0,0.0
6.4,1.3924937E-6,1.4412872E-6,1.4412872E-6,1.0,0.0,5.9678164E-6,6.1769383E-6,6.1769383E-6,1.0,0.0,7.265574E-5,7.520305E-5,7.520305E-5,1.0,0.0
6.5,9.876812E-7,1.0223123E-6,1.0223123E-6,1.0,0.0,4.2329125E-6,4.3813384E-6,4.3813384E-6,1.0,0.0,5.153449E-5,5.3342792E-5,5.3342792E-5,1.0,0.0
