Magnitude,UCERF3-TI Prob,UCERF3-TD Prob,UCERF3-ETAS Prob
6.0,0.27615035,0.29456028,0.139
6.1,0.27615035,0.29456028,0.139
6.2,0.27615035,0.29456028,0.139
6.3,0.27615035,0.29456028,0.139
6.4,0.27615035,0.29456028,0.139
6.5,0.16675177,0.17600296,0.081
6.6,0.16675177,0.17600296,0.081
6.7,0.13315807,0.14064929,0.064
6.8,0.09898019,0.10462007,0.048
6.9,0.07424423,0.078599796,0.042
7.0,0.037275415,0.0395498,0.021
7.1,0.01808444,0.019270042,0.01
