Magnitude,UCERF3-TI Prob,UCERF3-TD Prob,UCERF3-ETAS Prob
6.0,0.081861295,0.07576933,0.042
6.1,0.081861295,0.07576933,0.042
6.2,0.081861295,0.07576933,0.042
6.3,0.081861295,0.07576933,0.042
6.4,0.081861295,0.07576933,0.042
6.5,0.081861295,0.07576933,0.042
6.6,0.081861295,0.07576933,0.042
6.7,0.081861295,0.07576933,0.042
6.8,0.081861295,0.07576933,0.042
6.9,0.062932074,0.056082163,0.029
7.0,0.06187579,0.05503934,0.029
7.1,0.045595266,0.038524438,0.025
7.2,0.025047874,0.019488607,0.009
