Magnitude,1 wk TI Prob,1 wk TD Prob,1 wk ETAS Prob,1 wk ETAS/TD Gain,1 wk ETAS Triggered+TD,1 wk ETAS Triggered Only,1 mo TI Prob,1 mo TD Prob,1 mo ETAS Prob,1 mo ETAS/TD Gain,1 mo ETAS Triggered+TD,1 mo ETAS Triggered Only,1 yr TI Prob,1 yr TD Prob,1 yr ETAS Prob,1 yr ETAS/TD Gain,1 yr ETAS Triggered+TD,1 yr ETAS Triggered Only,500 yr TI Prob,500 yr TD Prob,500 yr ETAS Prob,500 yr ETAS/TD Gain,500 yr ETAS Triggered+TD,500 yr ETAS Triggered Only
6.0,3.112429E-5,3.4717374E-5,0.0,0.0,3.4717374E-5,0.0,1.33383E-4,1.4878123E-4,0.0,0.0,1.4878123E-4,0.0,0.0016227282,0.001810078,0.0,0.0,0.001810078,0.0,0.556041,0.6074171,0.352,0.57950294,0.6085949,0.003
6.1,1.7119446E-5,1.903886E-5,0.0,0.0,1.903886E-5,0.0,7.336699E-5,8.1592894E-5,0.0,0.0,8.1592894E-5,0.0,8.92877E-4,9.929992E-4,0.0,0.0,9.929992E-4,0.0,0.3602245,0.39552665,0.196,0.49554184,0.39734006,0.003
6.2,1.7119446E-5,1.903886E-5,0.0,0.0,1.903886E-5,0.0,7.336699E-5,8.1592894E-5,0.0,0.0,8.1592894E-5,0.0,8.92877E-4,9.929992E-4,0.0,0.0,9.929992E-4,0.0,0.3602245,0.39552665,0.196,0.49554184,0.39734006,0.003
6.3,9.041288E-6,1.0044615E-5,0.0,0.0,1.0044615E-5,0.0,3.87478E-5,4.3047763E-5,0.0,0.0,4.3047763E-5,0.0,4.7165234E-4,5.240021E-4,0.0,0.0,5.240021E-4,0.0,0.21012597,0.23141345,0.099,0.42780572,0.23218204,0.001
6.4,5.5972064E-6,6.219881E-6,0.0,0.0,6.219881E-6,0.0,2.3987806E-5,2.6656437E-5,0.0,0.0,2.6656437E-5,0.0,2.920124E-4,3.2450721E-4,0.0,0.0,3.2450721E-4,0.0,0.13586608,0.15037613,0.059,0.3923495,0.15037613,0.0
6.5,3.530659E-6,3.927686E-6,0.0,0.0,3.927686E-6,0.0,1.5131307E-5,1.683289E-5,0.0,0.0,1.683289E-5,0.0,1.842081E-4,2.0493142E-4,0.0,0.0,2.0493142E-4,0.0,0.08799748,0.09815824,0.041,0.4176929,0.09815824,0.0
6.6,2.4625563E-6,2.7402227E-6,0.0,0.0,2.7402227E-6,0.0,1.0553769E-5,1.1743811E-5,0.0,0.0,1.1743811E-5,0.0,1.2848456E-4,1.429809E-4,0.0,0.0,1.429809E-4,0.0,0.06222611,0.070102625,0.033,0.47073844,0.070102625,0.0
