Magnitude,1 wk TI Prob,1 wk TD Prob,1 wk ETAS Prob,1 wk ETAS/TD Gain,1 wk ETAS Triggered+TD,1 wk ETAS Triggered Only,1 mo TI Prob,1 mo TD Prob,1 mo ETAS Prob,1 mo ETAS/TD Gain,1 mo ETAS Triggered+TD,1 mo ETAS Triggered Only,1 yr TI Prob,1 yr TD Prob,1 yr ETAS Prob,1 yr ETAS/TD Gain,1 yr ETAS Triggered+TD,1 yr ETAS Triggered Only,500 yr TI Prob,500 yr TD Prob,500 yr ETAS Prob,500 yr ETAS/TD Gain,500 yr ETAS Triggered+TD,500 yr ETAS Triggered Only
6.0,2.9687902E-5,3.258226E-5,0.0,0.0,3.258226E-5,0.0,1.2722766E-4,1.3963117E-4,0.0,0.0,1.3963117E-4,0.0,0.0015478961,0.001698755,0.0,0.0,0.001698755,0.0,0.5390878,0.5774475,0.528,0.9143689,0.5842083,0.016
6.1,2.9687902E-5,3.258226E-5,0.0,0.0,3.258226E-5,0.0,1.2722766E-4,1.3963117E-4,0.0,0.0,1.3963117E-4,0.0,0.0015478961,0.001698755,0.0,0.0,0.001698755,0.0,0.5390878,0.5774475,0.458,0.7931458,0.5837857,0.015
6.2,1.9231524E-5,2.1049447E-5,0.0,0.0,2.1049447E-5,0.0,8.2418206E-5,9.020893E-5,0.0,0.0,9.020893E-5,0.0,0.0010029797,0.0010977632,0.0,0.0,0.0010977632,0.0,0.39452472,0.42361048,0.301,0.7105584,0.4282216,0.008
6.3,1.324766E-5,1.4474637E-5,0.0,0.0,1.4474637E-5,0.0,5.6774446E-5,6.203274E-5,0.0,0.0,6.203274E-5,0.0,6.910097E-4,7.5499597E-4,0.0,0.0,7.5499597E-4,0.0,0.29222164,0.314465,0.209,0.6646209,0.31994927,0.008
6.4,7.818645E-6,8.530072E-6,0.0,0.0,8.530072E-6,0.0,3.3508048E-5,3.6556958E-5,0.0,0.0,3.6556958E-5,0.0,4.078841E-4,4.449934E-4,0.0,0.0,4.449934E-4,0.0,0.18452431,0.19933817,0.129,0.64714146,0.20334148,0.005
6.5,5.3076565E-6,5.788883E-6,0.0,0.0,5.788883E-6,0.0,2.27469E-5,2.4809273E-5,0.0,0.0,2.4809273E-5,0.0,2.7690834E-4,3.0201313E-4,0.0,0.0,3.0201313E-4,0.0,0.12931353,0.14014192,0.085,0.60652804,0.14272149,0.003
6.6,3.6003578E-6,3.9287515E-6,0.0,0.0,3.9287515E-6,0.0,1.5430012E-5,1.6837406E-5,0.0,0.0,1.6837406E-5,0.0,1.8784421E-4,2.0497768E-4,0.0,0.0,2.0497768E-4,0.0,0.08965436,0.09753196,0.061,0.625436,0.10023937,0.003
6.7,2.5361826E-6,2.7694339E-6,0.0,0.0,2.7694339E-6,0.0,1.0869308E-5,1.1868956E-5,0.0,0.0,1.1868956E-5,0.0,1.3232579E-4,1.4449627E-4,0.0,0.0,1.4449627E-4,0.0,0.064025715,0.06993569,0.045,0.6434483,0.072725885,0.003
6.8,1.2115831E-6,1.3245732E-6,0.0,0.0,1.3245732E-6,0.0,5.1924885E-6,5.6767353E-6,0.0,0.0,5.6767353E-6,0.0,6.3216714E-5,6.911302E-5,0.0,0.0,6.911302E-5,0.0,0.031115005,0.03416537,0.018,0.5268492,0.03513121,0.001
