Magnitude,1 wk TI Prob,1 wk TD Prob,1 wk ETAS Prob,1 wk ETAS/TD Gain,1 wk ETAS Triggered+TD,1 wk ETAS Triggered Only,1 mo TI Prob,1 mo TD Prob,1 mo ETAS Prob,1 mo ETAS/TD Gain,1 mo ETAS Triggered+TD,1 mo ETAS Triggered Only,1 yr TI Prob,1 yr TD Prob,1 yr ETAS Prob,1 yr ETAS/TD Gain,1 yr ETAS Triggered+TD,1 yr ETAS Triggered Only,500 yr TI Prob,500 yr TD Prob,500 yr ETAS Prob,500 yr ETAS/TD Gain,500 yr ETAS Triggered+TD,500 yr ETAS Triggered Only
6.0,2.2591947E-5,2.5038684E-5,0.0,0.0,2.5038684E-5,0.0,9.6819036E-5,1.0730467E-4,0.0,0.0,1.0730467E-4,0.0,0.0011781343,0.0013057295,0.001,0.7658554,0.0013057295,0.0,0.44534802,0.48403528,0.367,0.7582092,0.48506722,0.002
6.1,2.2591947E-5,2.5038684E-5,0.0,0.0,2.5038684E-5,0.0,9.6819036E-5,1.0730467E-4,0.0,0.0,1.0730467E-4,0.0,0.0011781343,0.0013057295,0.001,0.7658554,0.0013057295,0.0,0.44534802,0.48403528,0.319,0.6590429,0.48506722,0.002
6.2,1.3775145E-5,1.5233153E-5,0.0,0.0,1.5233153E-5,0.0,5.9035E-5,6.528344E-5,0.0,0.0,6.528344E-5,0.0,7.185141E-4,7.9456E-4,0.001,1.2585582,7.9456E-4,0.0,0.3018953,0.32710284,0.189,0.5778,0.32777572,0.001
6.3,9.705435E-6,1.0706761E-5,0.0,0.0,1.0706761E-5,0.0,4.1594063E-5,4.5885383E-5,0.0,0.0,4.5885383E-5,0.0,5.0629E-4,5.585236E-4,0.001,1.7904347,5.585236E-4,0.0,0.22369447,0.24224569,0.131,0.5407733,0.24300344,0.001
6.4,7.2549733E-6,7.98253E-6,0.0,0.0,7.98253E-6,0.0,3.109237E-5,3.421044E-5,0.0,0.0,3.421044E-5,0.0,3.7848388E-4,4.1644042E-4,0.001,2.401304,4.1644042E-4,0.0,0.17244339,0.18676524,0.096,0.5140143,0.18757847,0.001
6.5,5.983293E-6,6.576513E-6,0.0,0.0,6.576513E-6,0.0,2.5642432E-5,2.818479E-5,0.0,0.0,2.818479E-5,0.0,3.1215188E-4,3.4310247E-4,0.001,2.9145813,3.4310247E-4,0.0,0.14452662,0.15667407,0.079,0.5042315,0.1575174,0.001
6.6,4.0336154E-6,4.4330836E-6,0.0,0.0,4.4330836E-6,0.0,1.728681E-5,1.8998813E-5,0.0,0.0,1.8998813E-5,0.0,2.1044657E-4,2.3129002E-4,0.001,4.3235765,2.3129002E-4,0.0,0.099886455,0.108230524,0.059,0.54513276,0.10912229,0.001
6.7,1.5832104E-6,1.769841E-6,0.0,0.0,1.769841E-6,0.0,6.7851697E-6,7.5850126E-6,0.0,0.0,7.5850126E-6,0.0,8.260631E-5,9.234388E-5,0.001,10.829088,9.234388E-5,0.0,0.04046344,0.044156406,0.029,0.65675634,0.045112252,0.001
6.8,7.5177275E-7,8.526248E-7,0.0,0.0,8.526248E-7,0.0,3.221879E-6,3.654102E-6,0.0,0.0,3.654102E-6,0.0,3.9225673E-5,4.448795E-5,0.001,22.477997,4.448795E-5,0.0,0.019422133,0.02142822,0.019,0.88668126,0.02240679,0.001
