Magnitude,1 wk TI Prob,1 wk TD Prob,1 wk ETAS Prob,1 wk ETAS/TD Gain,1 wk ETAS Triggered Only,1 mo TI Prob,1 mo TD Prob,1 mo ETAS Prob,1 mo ETAS/TD Gain,1 mo ETAS Triggered Only,1 yr TI Prob,1 yr TD Prob,1 yr ETAS Prob,1 yr ETAS/TD Gain,1 yr ETAS Triggered Only,10 yr TI Prob,10 yr TD Prob,10 yr ETAS Prob,10 yr ETAS/TD Gain,10 yr ETAS Triggered Only
6.0,1.9621975E-5,2.2103526E-5,2.2103526E-5,1.0,0.0,8.4091465E-5,9.472672E-5,9.472672E-5,1.0,0.0,0.0010233327,0.0011528227,0.0011939342,1.0356617,4.1159037E-5,0.01018633,0.011481743,0.011888607,1.0354358,4.115904E-4
6.1,1.9621975E-5,2.2103526E-5,2.2103526E-5,1.0,0.0,8.4091465E-5,9.472672E-5,9.472672E-5,1.0,0.0,0.0010233327,0.0011528227,0.0011939342,1.0356617,4.1159037E-5,0.01018633,0.011481743,0.011888607,1.0354358,4.115904E-4
6.2,9.9971285E-6,1.1258916E-5,1.1258916E-5,1.0,0.0,4.2844134E-5,4.82519E-5,4.82519E-5,1.0,0.0,5.2150246E-4,5.873606E-4,6.284954E-4,1.0700334,4.1159037E-5,0.0052028033,0.0058631897,0.006067778,1.0348938,2.057952E-4
6.3,9.589428E-6,1.0801494E-5,1.0801494E-5,1.0,0.0,4.10969E-5,4.629159E-5,4.629159E-5,1.0,0.0,5.002399E-4,5.6350627E-4,6.046421E-4,1.0729998,4.1159037E-5,0.0049911533,0.0056258664,0.0058305035,1.0363743,2.057952E-4
6.4,9.589428E-6,1.0801494E-5,1.0801494E-5,1.0,0.0,4.10969E-5,4.629159E-5,4.629159E-5,1.0,0.0,5.002399E-4,5.6350627E-4,6.046421E-4,1.0729998,4.1159037E-5,0.0049911533,0.0056258664,0.0058305035,1.0363743,2.057952E-4
6.5,5.557707E-6,6.2875047E-6,6.2875047E-6,1.0,0.0,2.3818526E-5,2.6946322E-5,2.6946322E-5,1.0,0.0,2.8995197E-4,3.2804898E-4,3.6919452E-4,1.125425,4.1159037E-5,0.0028957394,0.003278285,0.0034834056,1.0625695,2.057952E-4
6.6,4.8742945E-6,5.514961E-6,5.514961E-6,1.0,0.0,2.0889667E-5,2.3635479E-5,2.3635479E-5,1.0,0.0,2.54302E-4,2.8775018E-4,3.2889738E-4,1.1429962,4.1159037E-5,0.002540112,0.0028763462,0.0030405088,1.0570734,1.6463615E-4
6.7,3.991108E-6,4.5172833E-6,4.5172833E-6,1.0,0.0,1.7104636E-5,1.9359784E-5,1.9359784E-5,1.0,0.0,2.0822904E-4,2.3570537E-4,2.7685473E-4,1.1745795,4.1159037E-5,0.0020803404,0.0023570538,0.0024802398,1.0522628,1.2347712E-4
