Magnitude,1 wk TI Prob,1 wk TD Prob,1 wk ETAS Prob,1 wk ETAS/TD Gain,1 wk ETAS Triggered Only,1 mo TI Prob,1 mo TD Prob,1 mo ETAS Prob,1 mo ETAS/TD Gain,1 mo ETAS Triggered Only,1 yr TI Prob,1 yr TD Prob,1 yr ETAS Prob,1 yr ETAS/TD Gain,1 yr ETAS Triggered Only,10 yr TI Prob,10 yr TD Prob,10 yr ETAS Prob,10 yr ETAS/TD Gain,10 yr ETAS Triggered Only
6.0,1.9621975E-5,2.2103526E-5,2.2103526E-5,1.0,0.0,8.4091465E-5,9.472672E-5,1.14645154E-4,1.2102726,1.9920319E-5,0.0010233327,0.0011528227,0.0012324121,1.0690387,7.9681275E-5,0.01018633,0.011481743,0.011836192,1.0308707,3.5856574E-4
6.1,1.9621975E-5,2.2103526E-5,2.2103526E-5,1.0,0.0,8.4091465E-5,9.472672E-5,1.14645154E-4,1.2102726,1.9920319E-5,0.0010233327,0.0011528227,0.0012324121,1.0690387,7.9681275E-5,0.01018633,0.011481743,0.011836192,1.0308707,3.5856574E-4
6.2,9.9971285E-6,1.1258916E-5,1.1258916E-5,1.0,0.0,4.2844134E-5,4.82519E-5,6.8171255E-5,1.4128202,1.9920319E-5,5.2150246E-4,5.873606E-4,6.470864E-4,1.1016852,5.9760958E-5,0.0052028033,0.0058631897,0.0060612247,1.033776,1.9920319E-4
6.3,9.589428E-6,1.0801494E-5,1.0801494E-5,1.0,0.0,4.10969E-5,4.629159E-5,6.621099E-5,1.4303027,1.9920319E-5,5.002399E-4,5.6350627E-4,6.232335E-4,1.1059922,5.9760958E-5,0.0049911533,0.0056258664,0.005823949,1.0352093,1.9920319E-4
6.4,9.589428E-6,1.0801494E-5,1.0801494E-5,1.0,0.0,4.10969E-5,4.629159E-5,6.621099E-5,1.4303027,1.9920319E-5,5.002399E-4,5.6350627E-4,6.232335E-4,1.1059922,5.9760958E-5,0.0049911533,0.0056258664,0.005823949,1.0352093,1.9920319E-4
6.5,5.557707E-6,6.2875047E-6,6.2875047E-6,1.0,0.0,2.3818526E-5,2.6946322E-5,4.6866106E-5,1.7392393,1.9920319E-5,2.8995197E-4,3.2804898E-4,3.6787655E-4,1.1214074,3.9840637E-5,0.0028957394,0.003278285,0.0034371251,1.0484521,1.5936255E-4
6.6,4.8742945E-6,5.514961E-6,5.514961E-6,1.0,0.0,2.0889667E-5,2.3635479E-5,4.3555327E-5,1.8427943,1.9920319E-5,2.54302E-4,2.8775018E-4,3.2757936E-4,1.1384158,3.9840637E-5,0.002540112,0.0028763462,0.0030153876,1.0483395,1.3944223E-4
6.7,3.991108E-6,4.5172833E-6,4.5172833E-6,1.0,0.0,1.7104636E-5,1.9359784E-5,3.927972E-5,2.0289335,1.9920319E-5,2.0822904E-4,2.3570537E-4,2.7553661E-4,1.1689874,3.9840637E-5,0.0020803404,0.0023570538,0.0024564206,1.0421572,9.9601595E-5
