Magnitude,1 wk TI Prob,1 wk TD Prob,1 wk ETAS Prob,1 wk ETAS/TD Gain,1 wk ETAS Triggered Only,1 mo TI Prob,1 mo TD Prob,1 mo ETAS Prob,1 mo ETAS/TD Gain,1 mo ETAS Triggered Only,1 yr TI Prob,1 yr TD Prob,1 yr ETAS Prob,1 yr ETAS/TD Gain,1 yr ETAS Triggered Only,10 yr TI Prob,10 yr TD Prob,10 yr ETAS Prob,10 yr ETAS/TD Gain,10 yr ETAS Triggered Only
6.0,3.5090034E-5,4.0378352E-5,4.0378352E-5,1.0,0.0,1.503772E-4,1.7304007E-4,1.7304007E-4,1.0,0.0,0.0018293047,0.0021049846,0.002269274,1.0780479,1.6463615E-4,0.018143194,0.020876396,0.021722693,1.0405384,8.643398E-4
6.1,3.5090034E-5,4.0378352E-5,4.0378352E-5,1.0,0.0,1.503772E-4,1.7304007E-4,1.7304007E-4,1.0,0.0,0.0018293047,0.0021049846,0.002269274,1.0780479,1.6463615E-4,0.018143194,0.020876396,0.021722693,1.0405384,8.643398E-4
6.2,1.841879E-5,2.1066777E-5,2.1066777E-5,1.0,0.0,7.8935285E-5,9.028364E-5,9.028364E-5,1.0,0.0,9.606133E-4,0.0010987511,0.0011809787,1.0748373,8.2318074E-5,0.0095647145,0.01094328,0.011391074,1.0409197,4.5274943E-4
6.3,1.841879E-5,2.1066777E-5,2.1066777E-5,1.0,0.0,7.8935285E-5,9.028364E-5,9.028364E-5,1.0,0.0,9.606133E-4,0.0010987511,0.0011809787,1.0748373,8.2318074E-5,0.0095647145,0.01094328,0.011391074,1.0409197,4.5274943E-4
6.4,1.712201E-5,1.957167E-5,1.957167E-5,1.0,0.0,7.337798E-5,8.387645E-5,8.387645E-5,1.0,0.0,8.930107E-4,0.001020818,0.001103052,1.080557,8.2318074E-5,0.008894307,0.010171213,0.010578617,1.0400546,4.115904E-4
6.5,1.4744935E-5,1.6842498E-5,1.6842498E-5,1.0,0.0,6.3191044E-5,7.218066E-5,7.218066E-5,1.0,0.0,7.6907943E-4,8.7853876E-4,9.6078456E-4,1.0936165,8.2318074E-5,0.007664232,0.008759859,0.009127046,1.041917,3.7043134E-4
6.6,1.2017839E-5,1.3728596E-5,1.3728596E-5,1.0,0.0,5.150401E-5,5.8836013E-5,5.8836013E-5,1.0,0.0,6.268809E-4,7.1618165E-4,7.984408E-4,1.1148579,8.2318074E-5,0.0062511545,0.007147435,0.007433489,1.0400219,2.8811328E-4
6.7,1.00956095E-5,1.1537316E-5,1.1537316E-5,1.0,0.0,4.326618E-5,4.9445192E-5,4.9445192E-5,1.0,0.0,5.266384E-4,6.01916E-4,6.8418455E-4,1.1366777,8.2318074E-5,0.005253921,0.0060113897,0.006297771,1.0476397,2.8811328E-4
