Magnitude,1 wk TI Prob,1 wk TD Prob,1 wk ETAS Prob,1 wk ETAS/TD Gain,1 wk ETAS Triggered Only,1 mo TI Prob,1 mo TD Prob,1 mo ETAS Prob,1 mo ETAS/TD Gain,1 mo ETAS Triggered Only,1 yr TI Prob,1 yr TD Prob,1 yr ETAS Prob,1 yr ETAS/TD Gain,1 yr ETAS Triggered Only,10 yr TI Prob,10 yr TD Prob,10 yr ETAS Prob,10 yr ETAS/TD Gain,10 yr ETAS Triggered Only
6.0,9.102099E-5,8.9626745E-5,8.9626745E-5,1.0,0.0,3.9003167E-4,3.840592E-4,3.840592E-4,1.0,0.0,0.0047383,0.0046666493,0.0046666493,1.0,0.0,0.046385348,0.045887362,0.04590637,1.0004143,1.9920319E-5
6.1,3.8306698E-5,4.1533815E-5,4.1533815E-5,1.0,0.0,1.6416123E-4,1.7799016E-4,1.7799016E-4,1.0,0.0,0.0019968306,0.0021653408,0.0021653408,1.0,0.0,0.019789828,0.021622965,0.021622965,1.0,0.0
6.2,3.8306698E-5,4.1533815E-5,4.1533815E-5,1.0,0.0,1.6416123E-4,1.7799016E-4,1.7799016E-4,1.0,0.0,0.0019968306,0.0021653408,0.0021653408,1.0,0.0,0.019789828,0.021622965,0.021622965,1.0,0.0
6.3,3.3197924E-5,3.658413E-5,3.658413E-5,1.0,0.0,1.4226905E-4,1.5678069E-4,1.5678069E-4,1.0,0.0,0.0017307495,0.0019076922,0.0019076922,1.0,0.0,0.017173318,0.019081721,0.019081721,1.0,0.0
6.4,2.5148964E-5,2.744243E-5,2.744243E-5,1.0,0.0,1.0777682E-4,1.1760877E-4,1.1760877E-4,1.0,0.0,0.0013113929,0.0014315953,0.0014315953,1.0,0.0,0.01303681,0.014382674,0.014382674,1.0,0.0
6.5,2.5148964E-5,2.744243E-5,2.744243E-5,1.0,0.0,1.0777682E-4,1.1760877E-4,1.1760877E-4,1.0,0.0,0.0013113929,0.0014315953,0.0014315953,1.0,0.0,0.01303681,0.014382674,0.014382674,1.0,0.0
