Magnitude,1 wk TI Prob,1 wk TD Prob,1 wk ETAS Prob,1 wk ETAS/TD Gain,1 wk ETAS Triggered Only,1 mo TI Prob,1 mo TD Prob,1 mo ETAS Prob,1 mo ETAS/TD Gain,1 mo ETAS Triggered Only,1 yr TI Prob,1 yr TD Prob,1 yr ETAS Prob,1 yr ETAS/TD Gain,1 yr ETAS Triggered Only
6.0,7.1789214E-6,7.5533308E-6,1.2755243E-4,16.886911,1.2E-4,3.076644E-5,3.2371245E-5,1.5236736E-4,4.7068734,1.2E-4,3.7451705E-4,3.9408944E-4,5.1404216E-4,1.3043793,1.2E-4
6.1,7.1789214E-6,7.5533308E-6,1.2755243E-4,16.886911,1.2E-4,3.076644E-5,3.2371245E-5,1.5236736E-4,4.7068734,1.2E-4,3.7451705E-4,3.9408944E-4,5.1404216E-4,1.3043793,1.2E-4
6.2,7.1789214E-6,7.5533308E-6,1.2755243E-4,16.886911,1.2E-4,3.076644E-5,3.2371245E-5,1.5236736E-4,4.7068734,1.2E-4,3.7451705E-4,3.9408944E-4,5.1404216E-4,1.3043793,1.2E-4
6.3,7.1789214E-6,7.5533308E-6,1.2755243E-4,16.886911,1.2E-4,3.076644E-5,3.2371245E-5,1.5236736E-4,4.7068734,1.2E-4,3.7451705E-4,3.9408944E-4,5.1404216E-4,1.3043793,1.2E-4
6.4,7.1789214E-6,7.5533308E-6,1.2755243E-4,16.886911,1.2E-4,3.076644E-5,3.2371245E-5,1.5236736E-4,4.7068734,1.2E-4,3.7451705E-4,3.9408944E-4,5.1404216E-4,1.3043793,1.2E-4
6.5,5.2611317E-6,5.5336936E-6,1.2553303E-4,22.685215,1.2E-4,2.2547512E-5,2.3715831E-5,1.4371298E-4,6.0597916,1.2E-4,2.744814E-4,2.8874024E-4,4.087056E-4,1.4154785,1.2E-4
6.6,5.2611317E-6,5.5336936E-6,1.2553303E-4,22.685215,1.2E-4,2.2547512E-5,2.3715831E-5,1.4371298E-4,6.0597916,1.2E-4,2.744814E-4,2.8874024E-4,4.087056E-4,1.4154785,1.2E-4
