Magnitude,1 wk TI Prob,1 wk TD Prob,1 wk ETAS Prob,1 wk ETAS/TD Gain,1 wk ETAS Triggered Only,1 mo TI Prob,1 mo TD Prob,1 mo ETAS Prob,1 mo ETAS/TD Gain,1 mo ETAS Triggered Only,1 yr TI Prob,1 yr TD Prob,1 yr ETAS Prob,1 yr ETAS/TD Gain,1 yr ETAS Triggered Only,10 yr TI Prob,10 yr TD Prob,10 yr ETAS Prob,10 yr ETAS/TD Gain,10 yr ETAS Triggered Only
6.0,1.980352E-5,2.1708405E-5,2.1708405E-5,1.0,0.0,8.486947E-5,9.3033115E-5,9.3033115E-5,1.0,0.0,0.0010327959,0.0011321616,0.0011321616,1.0,0.0,0.010280091,0.011271116,0.011349568,1.0069604,7.934619E-5
6.1,1.980352E-5,2.1708405E-5,2.1708405E-5,1.0,0.0,8.486947E-5,9.3033115E-5,9.3033115E-5,1.0,0.0,0.0010327959,0.0011321616,0.0011321616,1.0,0.0,0.010280091,0.011271116,0.011349568,1.0069604,7.934619E-5
6.2,1.980352E-5,2.1708405E-5,2.1708405E-5,1.0,0.0,8.486947E-5,9.3033115E-5,9.3033115E-5,1.0,0.0,0.0010327959,0.0011321616,0.0011321616,1.0,0.0,0.010280091,0.011271116,0.011349568,1.0069604,7.934619E-5
6.3,1.5344787E-5,1.6821958E-5,1.6821958E-5,1.0,0.0,6.576172E-5,7.209246E-5,7.209246E-5,1.0,0.0,8.003548E-4,8.774334E-4,8.774334E-4,1.0,0.0,0.007974784,0.008745736,0.0088243885,1.0089933,7.934619E-5
6.4,1.5344787E-5,1.6821958E-5,1.6821958E-5,1.0,0.0,6.576172E-5,7.209246E-5,7.209246E-5,1.0,0.0,8.003548E-4,8.774334E-4,8.774334E-4,1.0,0.0,0.007974784,0.008745736,0.0088243885,1.0089933,7.934619E-5
6.5,1.4189697E-5,1.555918E-5,1.555918E-5,1.0,0.0,6.081157E-5,6.668084E-5,6.668084E-5,1.0,0.0,7.401293E-4,8.1159716E-4,8.1159716E-4,1.0,0.0,0.0073766913,0.008092275,0.008170979,1.0097258,7.934619E-5
6.6,1.3469301E-5,1.4772714E-5,1.4772714E-5,1.0,0.0,5.7724297E-5,6.3310436E-5,6.3310436E-5,1.0,0.0,7.025667E-4,7.7059196E-4,7.7059196E-4,1.0,0.0,0.0070034964,0.007685104,0.0077638403,1.0102453,7.934619E-5
6.7,1.3027966E-5,1.4282839E-5,1.4282839E-5,1.0,0.0,5.5832945E-5,6.121107E-5,6.121107E-5,1.0,0.0,6.7955407E-4,7.450497E-4,7.450497E-4,1.0,0.0,0.006774798,0.0074313963,0.007510153,1.0105978,7.934619E-5
6.8,5.695434E-6,6.224878E-6,6.224878E-6,1.0,0.0,2.4408775E-5,2.6677944E-5,2.6677944E-5,1.0,0.0,2.971363E-4,3.2478556E-4,3.2478556E-4,1.0,0.0,0.0029673933,0.00324605,0.0033251387,1.0243646,7.934619E-5
6.9,4.385688E-6,4.7934095E-6,4.7934095E-6,1.0,0.0,1.879567E-5,2.0543184E-5,2.0543184E-5,1.0,0.0,2.2881327E-4,2.5011325E-4,2.5011325E-4,1.0,0.0,0.002285778,0.0025011327,0.0025802804,1.0316447,7.934619E-5
