Magnitude,1 wk TI Prob,1 wk TD Prob,1 wk ETAS Prob,1 wk ETAS/TD Gain,1 wk ETAS Triggered Only,1 mo TI Prob,1 mo TD Prob,1 mo ETAS Prob,1 mo ETAS/TD Gain,1 mo ETAS Triggered Only,1 yr TI Prob,1 yr TD Prob,1 yr ETAS Prob,1 yr ETAS/TD Gain,1 yr ETAS Triggered Only,10 yr TI Prob,10 yr TD Prob,10 yr ETAS Prob,10 yr ETAS/TD Gain,10 yr ETAS Triggered Only
6.0,1.6760017E-5,1.8778632E-5,1.8778632E-5,1.0,0.0,7.182667E-5,8.047803E-5,8.047803E-5,1.0,0.0,8.7413884E-4,9.79497E-4,9.79497E-4,1.0,0.0,0.008707083,0.009763345,0.010420436,1.0673019,6.6357E-4
6.1,9.852767E-6,1.0974581E-5,1.0974581E-5,1.0,0.0,4.222546E-5,4.703347E-5,4.703347E-5,1.0,0.0,5.139737E-4,5.72553E-4,5.72553E-4,1.0,0.0,0.005127866,0.0057177385,0.0057177385,1.0,0.0
6.2,9.852767E-6,1.0974581E-5,1.0974581E-5,1.0,0.0,4.222546E-5,4.703347E-5,4.703347E-5,1.0,0.0,5.139737E-4,5.72553E-4,5.72553E-4,1.0,0.0,0.005127866,0.0057177385,0.0057177385,1.0,0.0
6.3,4.3167724E-6,4.7784347E-6,4.7784347E-6,1.0,0.0,1.8500323E-5,2.0478976E-5,2.0478976E-5,1.0,0.0,2.2521814E-4,2.4932603E-4,2.4932603E-4,1.0,0.0,0.0022499003,0.002492722,0.002492722,1.0,0.0
6.4,4.3167724E-6,4.7784347E-6,4.7784347E-6,1.0,0.0,1.8500323E-5,2.0478976E-5,2.0478976E-5,1.0,0.0,2.2521814E-4,2.4932603E-4,2.4932603E-4,1.0,0.0,0.0022499003,0.002492722,0.002492722,1.0,0.0
6.5,4.3167724E-6,4.7784347E-6,4.7784347E-6,1.0,0.0,1.8500323E-5,2.0478976E-5,2.0478976E-5,1.0,0.0,2.2521814E-4,2.4932603E-4,2.4932603E-4,1.0,0.0,0.0022499003,0.002492722,0.002492722,1.0,0.0
6.6,4.301311E-6,4.761302E-6,4.761302E-6,1.0,0.0,1.8434059E-5,2.040555E-5,2.040555E-5,1.0,0.0,2.2441156E-4,2.4843228E-4,2.4843228E-4,1.0,0.0,0.0022418506,0.0024838042,0.0024838042,1.0,0.0
6.7,3.8599724E-6,4.271422E-6,4.271422E-6,1.0,0.0,1.6542634E-5,1.8306093E-5,1.8306093E-5,1.0,0.0,2.0138794E-4,2.2287668E-4,2.2287668E-4,1.0,0.0,0.0020120554,0.002228767,0.002228767,1.0,0.0
