Magnitude,1 wk TI Prob,1 wk TD Prob,1 wk ETAS Prob,1 wk ETAS/TD Gain,1 wk ETAS Triggered Only,1 mo TI Prob,1 mo TD Prob,1 mo ETAS Prob,1 mo ETAS/TD Gain,1 mo ETAS Triggered Only,1 yr TI Prob,1 yr TD Prob,1 yr ETAS Prob,1 yr ETAS/TD Gain,1 yr ETAS Triggered Only,10 yr TI Prob,10 yr TD Prob,10 yr ETAS Prob,10 yr ETAS/TD Gain,10 yr ETAS Triggered Only
6.0,1.6591328E-5,1.8109271E-5,1.8109271E-5,1.0,0.0,7.110376E-5,7.760924E-5,7.760924E-5,1.0,0.0,8.6534437E-4,9.4455207E-4,9.545426E-4,1.0105771,1.0E-5,0.008619824,0.009412207,0.009422113,1.0010525,1.0E-5
6.1,8.041125E-6,8.770359E-6,8.770359E-6,1.0,0.0,3.4461507E-5,3.7586826E-5,3.7586826E-5,1.0,0.0,4.194881E-4,4.5754382E-4,4.5754382E-4,1.0,0.0,0.004186971,0.0045680157,0.0045680157,1.0,0.0
6.2,3.2807004E-6,3.5798282E-6,3.5798282E-6,1.0,0.0,1.4060069E-5,1.5342055E-5,1.5342055E-5,1.0,0.0,1.7116789E-4,1.8677766E-4,1.8677766E-4,1.0,0.0,0.0017103611,0.0018666149,0.0018666149,1.0,0.0
6.3,1.9339366E-6,2.1105338E-6,2.1105338E-6,1.0,0.0,8.288273E-6,9.04513E-6,9.04513E-6,1.0,0.0,1.00905054E-4,1.1012175E-4,1.1012175E-4,1.0,0.0,0.0010085925,0.0011009518,0.0011009518,1.0,0.0
6.4,1.3142635E-6,1.4340906E-6,1.4340906E-6,1.0,0.0,5.6325457E-6,6.1461024E-6,6.1461024E-6,1.0,0.0,6.857408E-5,7.48288E-5,7.48288E-5,1.0,0.0,6.8552926E-4,7.48288E-4,7.48288E-4,1.0,0.0
