Magnitude,1 wk TI Prob,1 wk TD Prob,1 wk ETAS Prob,1 wk ETAS/TD Gain,1 wk ETAS Triggered Only,1 mo TI Prob,1 mo TD Prob,1 mo ETAS Prob,1 mo ETAS/TD Gain,1 mo ETAS Triggered Only,1 yr TI Prob,1 yr TD Prob,1 yr ETAS Prob,1 yr ETAS/TD Gain,1 yr ETAS Triggered Only,10 yr TI Prob,10 yr TD Prob,10 yr ETAS Prob,10 yr ETAS/TD Gain,10 yr ETAS Triggered Only
6.0,8.258278E-6,8.551507E-6,8.551507E-6,1.0,0.0,3.539214E-5,3.66489E-5,4.6648533E-5,1.2728494,1.0E-5,4.308141E-4,4.4612685E-4,5.0610007E-4,1.1344309,6.0E-5,0.0042997985,0.0044540702,0.004663135,1.046938,2.1E-4
6.1,3.649988E-6,3.7754191E-6,3.7754191E-6,1.0,0.0,1.5642712E-5,1.6180295E-5,1.6180295E-5,1.0,0.0,1.9043336E-4,1.9698204E-4,2.2697613E-4,1.1522682,3.0E-5,0.0019027026,0.0019685416,0.0020583647,1.0456291,9.0E-5
6.2,3.649988E-6,3.7754191E-6,3.7754191E-6,1.0,0.0,1.5642712E-5,1.6180295E-5,1.6180295E-5,1.0,0.0,1.9043336E-4,1.9698204E-4,2.2697613E-4,1.1522682,3.0E-5,0.0019027026,0.0019685416,0.0020583647,1.0456291,9.0E-5
6.3,1.3924937E-6,1.4411567E-6,1.4411567E-6,1.0,0.0,5.9678164E-6,6.176379E-6,6.176379E-6,1.0,0.0,7.265574E-5,7.5196236E-5,8.519548E-5,1.1329753,1.0E-5,7.263199E-4,7.518467E-4,7.918166E-4,1.0531623,4.0E-5
6.4,1.3924937E-6,1.4411567E-6,1.4411567E-6,1.0,0.0,5.9678164E-6,6.176379E-6,6.176379E-6,1.0,0.0,7.265574E-5,7.5196236E-5,8.519548E-5,1.1329753,1.0E-5,7.263199E-4,7.518467E-4,7.918166E-4,1.0531623,4.0E-5
6.5,9.876812E-7,1.0222196E-6,1.0222196E-6,1.0,0.0,4.2329125E-6,4.3809414E-6,4.3809414E-6,1.0,0.0,5.153449E-5,5.333796E-5,5.333796E-5,1.0,0.0,5.1522546E-4,5.333796E-4,5.633636E-4,1.0562152,3.0E-5
