Magnitude,1 wk TI Prob,1 wk TD Prob,1 wk ETAS Prob,1 wk ETAS/TD Gain,1 wk ETAS Triggered Only,1 mo TI Prob,1 mo TD Prob,1 mo ETAS Prob,1 mo ETAS/TD Gain,1 mo ETAS Triggered Only,1 yr TI Prob,1 yr TD Prob,1 yr ETAS Prob,1 yr ETAS/TD Gain,1 yr ETAS Triggered Only,10 yr TI Prob,10 yr TD Prob,10 yr ETAS Prob,10 yr ETAS/TD Gain,10 yr ETAS Triggered Only
6.0,3.5090034E-5,4.0367544E-5,8.4068255E-5,2.0825703,4.3702472E-5,1.503772E-4,1.7299375E-4,2.603836E-4,1.5051618,8.7404944E-5,0.0018293047,0.0021044204,0.00293302,1.3937424,8.30347E-4,0.018143194,0.020870851,0.022496887,1.0779094,0.001660694
6.1,3.5090034E-5,4.0367544E-5,8.4068255E-5,2.0825703,4.3702472E-5,1.503772E-4,1.7299375E-4,2.603836E-4,1.5051618,8.7404944E-5,0.0018293047,0.0021044204,0.00293302,1.3937424,8.30347E-4,0.018143194,0.020870851,0.022496887,1.0779094,0.001660694
6.2,1.841879E-5,2.1061396E-5,2.1061396E-5,1.0,0.0,7.8935285E-5,9.026058E-5,9.026058E-5,1.0,0.0,9.606133E-4,0.0010984705,0.0014913607,1.3576702,3.9332226E-4,0.0095647145,0.010940496,0.01197788,1.0948206,0.0010488593
6.3,1.841879E-5,2.1061396E-5,2.1061396E-5,1.0,0.0,7.8935285E-5,9.026058E-5,9.026058E-5,1.0,0.0,9.606133E-4,0.0010984705,0.0014913607,1.3576702,3.9332226E-4,0.0095647145,0.010940496,0.01197788,1.0948206,0.0010488593
6.4,1.712201E-5,1.9566693E-5,1.9566693E-5,1.0,0.0,7.337798E-5,8.385513E-5,8.385513E-5,1.0,0.0,8.930107E-4,0.0010205585,0.0014134794,1.3850057,3.9332226E-4,0.008894307,0.010168637,0.011120315,1.0935895,9.614544E-4
6.5,1.4744935E-5,1.683824E-5,1.683824E-5,1.0,0.0,6.3191044E-5,7.216242E-5,7.216242E-5,1.0,0.0,7.6907943E-4,8.7831676E-4,0.0011403013,1.2982802,2.6221483E-4,0.007664232,0.008757652,0.009494088,1.0840906,7.4294204E-4
6.6,1.2017839E-5,1.3725124E-5,1.3725124E-5,1.0,0.0,5.150401E-5,5.882113E-5,5.882113E-5,1.0,0.0,6.268809E-4,7.1600056E-4,9.343565E-4,1.3049661,2.1851237E-4,0.0062511545,0.007145631,0.007839874,1.0971563,6.9923955E-4
6.7,1.00956095E-5,1.1534388E-5,1.1534388E-5,1.0,0.0,4.326618E-5,4.943265E-5,4.943265E-5,1.0,0.0,5.266384E-4,6.0176325E-4,7.327918E-4,1.217741,1.3110742E-4,0.005253921,0.006009866,0.006444264,1.0722809,4.3702475E-4
