Magnitude,1 wk TI Prob,1 wk TD Prob,1 wk ETAS Prob,1 wk ETAS/TD Gain,1 wk ETAS Triggered Only,1 mo TI Prob,1 mo TD Prob,1 mo ETAS Prob,1 mo ETAS/TD Gain,1 mo ETAS Triggered Only,1 yr TI Prob,1 yr TD Prob,1 yr ETAS Prob,1 yr ETAS/TD Gain,1 yr ETAS Triggered Only,10 yr TI Prob,10 yr TD Prob,10 yr ETAS Prob,10 yr ETAS/TD Gain,10 yr ETAS Triggered Only
6.0,3.5090034E-5,4.0367544E-5,1.2701916E-4,3.1465664,8.665511E-5,1.503772E-4,1.7299375E-4,3.0295394E-4,1.751242,1.2998267E-4,0.0018293047,0.0021044204,0.0029691479,1.41091,8.665511E-4,0.018143194,0.020870851,0.022525359,1.0792736,0.0016897747
6.1,3.5090034E-5,4.0367544E-5,1.2701916E-4,3.1465664,8.665511E-5,1.503772E-4,1.7299375E-4,3.0295394E-4,1.751242,1.2998267E-4,0.0018293047,0.0021044204,0.0029691479,1.41091,8.665511E-4,0.018143194,0.020870851,0.022525359,1.0792736,0.0016897747
6.2,1.841879E-5,2.1061396E-5,6.438804E-5,3.0571592,4.3327556E-5,7.8935285E-5,9.026058E-5,1.3358422E-4,1.4799842,4.3327556E-5,9.606133E-4,0.0010984705,0.0015312701,1.3940021,4.3327556E-4,0.0095647145,0.010940496,0.012011834,1.0979241,0.0010831889
6.3,1.841879E-5,2.1061396E-5,6.438804E-5,3.0571592,4.3327556E-5,7.8935285E-5,9.026058E-5,1.3358422E-4,1.4799842,4.3327556E-5,9.606133E-4,0.0010984705,0.0015312701,1.3940021,4.3327556E-4,0.0095647145,0.010940496,0.012011834,1.0979241,0.0010831889
6.4,1.712201E-5,1.9566693E-5,6.28934E-5,3.2143092,4.3327556E-5,7.337798E-5,8.385513E-5,1.2717905E-4,1.516652,4.3327556E-5,8.930107E-4,0.0010205585,0.001453392,1.4241142,4.3327556E-4,0.008894307,0.010168637,0.011155038,1.0970042,9.965338E-4
6.5,1.4744935E-5,1.683824E-5,6.0165064E-5,3.573121,4.3327556E-5,6.3191044E-5,7.216242E-5,1.15486844E-4,1.6003739,4.3327556E-5,7.6907943E-4,8.7831676E-4,0.0011813432,1.3450083,3.0329288E-4,0.007664232,0.008757652,0.0095307175,1.0882732,7.79896E-4
6.6,1.2017839E-5,1.3725124E-5,5.7052086E-5,4.156763,4.3327556E-5,5.150401E-5,5.882113E-5,1.02146136E-4,1.7365552,4.3327556E-5,6.268809E-4,7.1600056E-4,9.757797E-4,1.3628198,2.5996534E-4,0.0062511545,0.007145631,0.007876936,1.102343,7.365685E-4
6.7,1.00956095E-5,1.1534388E-5,5.4861444E-5,4.7563376,4.3327556E-5,4.326618E-5,4.943265E-5,9.275806E-5,1.8764535,4.3327556E-5,5.266384E-4,6.0176325E-4,7.7496923E-4,1.2878307,1.7331023E-4,0.005253921,0.006009866,0.006483605,1.0788269,4.766031E-4
