Magnitude,1 wk TI Prob,1 wk TD Prob,1 wk ETAS Prob,1 wk ETAS/TD Gain,1 wk ETAS Triggered Only,1 mo TI Prob,1 mo TD Prob,1 mo ETAS Prob,1 mo ETAS/TD Gain,1 mo ETAS Triggered Only,1 yr TI Prob,1 yr TD Prob,1 yr ETAS Prob,1 yr ETAS/TD Gain,1 yr ETAS Triggered Only,10 yr TI Prob,10 yr TD Prob,10 yr ETAS Prob,10 yr ETAS/TD Gain,10 yr ETAS Triggered Only
6.0,1.6760017E-5,1.8778032E-5,6.210477E-5,3.30731,4.3327556E-5,7.182667E-5,8.047546E-5,1.2379953E-4,1.5383513,4.3327556E-5,8.7413884E-4,9.794658E-4,0.0013690318,1.3977332,3.89948E-4,0.008707083,0.009763034,0.010621125,1.0878918,8.665511E-4
6.1,9.852767E-6,1.097425E-5,5.430133E-5,4.9480677,4.3327556E-5,4.222546E-5,4.703205E-5,9.035757E-5,1.9211913,4.3327556E-5,5.139737E-4,5.7253573E-4,7.890495E-4,1.3781663,2.1663778E-4,0.005127866,0.005717566,0.0061483644,1.0753465,4.3327556E-4
6.2,9.852767E-6,1.097425E-5,5.430133E-5,4.9480677,4.3327556E-5,4.222546E-5,4.703205E-5,9.035757E-5,1.9211913,4.3327556E-5,5.139737E-4,5.7253573E-4,7.890495E-4,1.3781663,2.1663778E-4,0.005127866,0.005717566,0.0061483644,1.0753465,4.3327556E-4
6.3,4.3167724E-6,4.7782996E-6,4.810565E-5,10.067525,4.3327556E-5,1.8500323E-5,2.0478396E-5,6.380506E-5,3.1157258,4.3327556E-5,2.2521814E-4,2.4931898E-4,3.3595247E-4,1.3474807,8.665511E-5,0.0022499003,0.002492651,0.002708749,1.086694,2.1663778E-4
6.4,4.3167724E-6,4.7782996E-6,4.810565E-5,10.067525,4.3327556E-5,1.8500323E-5,2.0478396E-5,6.380506E-5,3.1157258,4.3327556E-5,2.2521814E-4,2.4931898E-4,3.3595247E-4,1.3474807,8.665511E-5,0.0022499003,0.002492651,0.002708749,1.086694,2.1663778E-4
6.5,4.3167724E-6,4.7782996E-6,4.810565E-5,10.067525,4.3327556E-5,1.8500323E-5,2.0478396E-5,6.380506E-5,3.1157258,4.3327556E-5,2.2521814E-4,2.4931898E-4,3.3595247E-4,1.3474807,8.665511E-5,0.0022499003,0.002492651,0.002708749,1.086694,2.1663778E-4
6.6,4.301311E-6,4.761167E-6,4.8088517E-5,10.100154,4.3327556E-5,1.8434059E-5,2.0404972E-5,6.373164E-5,3.123339,4.3327556E-5,2.2441156E-4,2.4842523E-4,3.350588E-4,1.348731,8.665511E-5,0.0022418506,0.002483734,0.0026998336,1.087006,2.1663778E-4
6.7,3.8599724E-6,4.2713013E-6,4.759867E-5,11.143834,4.3327556E-5,1.6542634E-5,1.8305576E-5,6.163234E-5,3.3668613,4.3327556E-5,2.0138794E-4,2.228704E-4,3.095062E-4,1.3887273,8.665511E-5,0.0020120554,0.0022287038,0.0024016278,1.0775895,1.7331023E-4
