Magnitude,1 wk TI Prob,1 wk TD Prob,1 wk ETAS Prob,1 wk ETAS/TD Gain,1 wk ETAS Triggered Only,1 mo TI Prob,1 mo TD Prob,1 mo ETAS Prob,1 mo ETAS/TD Gain,1 mo ETAS Triggered Only,1 yr TI Prob,1 yr TD Prob,1 yr ETAS Prob,1 yr ETAS/TD Gain,1 yr ETAS Triggered Only,10 yr TI Prob,10 yr TD Prob,10 yr ETAS Prob,10 yr ETAS/TD Gain,10 yr ETAS Triggered Only
6.0,1.6760017E-5,1.8778032E-5,2.9164534E-5,1.5531198,1.0386697E-5,7.182667E-5,8.047546E-5,1.4279062E-4,1.7743375,6.232018E-5,8.7413884E-4,9.794658E-4,0.0012700084,1.2966338,2.908275E-4,0.008707083,0.009763034,0.010616713,1.0874399,8.6209585E-4
6.1,9.852767E-6,1.097425E-5,2.1360833E-5,1.9464504,1.0386697E-5,4.222546E-5,4.703205E-5,8.857688E-5,1.8833302,4.1546788E-5,5.139737E-4,5.7253573E-4,7.28247E-4,1.2719678,1.5580044E-4,0.005127866,0.005717566,0.0061409855,1.0740559,4.2585455E-4
6.2,9.852767E-6,1.097425E-5,2.1360833E-5,1.9464504,1.0386697E-5,4.222546E-5,4.703205E-5,8.857688E-5,1.8833302,4.1546788E-5,5.139737E-4,5.7253573E-4,7.28247E-4,1.2719678,1.5580044E-4,0.005127866,0.005717566,0.0061409855,1.0740559,4.2585455E-4
6.3,4.3167724E-6,4.7782996E-6,1.51649465E-5,3.173712,1.0386697E-5,1.8500323E-5,2.0478396E-5,5.1637846E-5,2.521577,3.116009E-5,2.2521814E-4,2.4931898E-4,3.1162362E-4,1.2498993,6.232018E-5,0.0022499003,0.002492651,0.002668785,1.0706612,1.7657384E-4
6.4,4.3167724E-6,4.7782996E-6,1.51649465E-5,3.173712,1.0386697E-5,1.8500323E-5,2.0478396E-5,5.1637846E-5,2.521577,3.116009E-5,2.2521814E-4,2.4931898E-4,3.1162362E-4,1.2498993,6.232018E-5,0.0022499003,0.002492651,0.002668785,1.0706612,1.7657384E-4
6.5,4.3167724E-6,4.7782996E-6,1.51649465E-5,3.173712,1.0386697E-5,1.8500323E-5,2.0478396E-5,5.1637846E-5,2.521577,3.116009E-5,2.2521814E-4,2.4931898E-4,3.1162362E-4,1.2498993,6.232018E-5,0.0022499003,0.002492651,0.002668785,1.0706612,1.7657384E-4
6.6,4.301311E-6,4.761167E-6,1.5147814E-5,3.181534,1.0386697E-5,1.8434059E-5,2.0404972E-5,5.1564424E-5,2.5270522,3.116009E-5,2.2441156E-4,2.4842523E-4,3.1072993E-4,1.2507986,6.232018E-5,0.0022418506,0.002483734,0.0026598691,1.0709156,1.7657384E-4
6.7,3.8599724E-6,4.2713013E-6,1.4657953E-5,3.4317303,1.0386697E-5,1.6542634E-5,1.8305576E-5,4.9465096E-5,2.7021873,3.116009E-5,2.0138794E-4,2.228704E-4,2.8517668E-4,1.2795628,6.232018E-5,0.0020120554,0.0022287038,0.0023945207,1.0744005,1.6618715E-4
