Magnitude,1 wk TI Prob,1 wk TD Prob,1 wk ETAS Prob,1 wk ETAS/TD Gain,1 wk ETAS Triggered Only,1 mo TI Prob,1 mo TD Prob,1 mo ETAS Prob,1 mo ETAS/TD Gain,1 mo ETAS Triggered Only,1 yr TI Prob,1 yr TD Prob,1 yr ETAS Prob,1 yr ETAS/TD Gain,1 yr ETAS Triggered Only,10 yr TI Prob,10 yr TD Prob,10 yr ETAS Prob,10 yr ETAS/TD Gain,10 yr ETAS Triggered Only
6.0,3.3861274E-6,3.434085E-6,3.434085E-6,1.0,0.0,1.4511894E-5,1.471744E-5,1.471744E-5,1.0,0.0,1.7666799E-4,1.7917292E-4,2.2286756E-4,1.2438686,4.3702472E-5,0.001765276,0.001790561,0.0018341853,1.0243634,4.3702472E-5
6.1,3.3861274E-6,3.434085E-6,3.434085E-6,1.0,0.0,1.4511894E-5,1.471744E-5,1.471744E-5,1.0,0.0,1.7666799E-4,1.7917292E-4,2.2286756E-4,1.2438686,4.3702472E-5,0.001765276,0.001790561,0.0018341853,1.0243634,4.3702472E-5
6.2,3.3861274E-6,3.434085E-6,3.434085E-6,1.0,0.0,1.4511894E-5,1.471744E-5,1.471744E-5,1.0,0.0,1.7666799E-4,1.7917292E-4,2.2286756E-4,1.2438686,4.3702472E-5,0.001765276,0.001790561,0.0018341853,1.0243634,4.3702472E-5
6.3,3.3861274E-6,3.434085E-6,3.434085E-6,1.0,0.0,1.4511894E-5,1.471744E-5,1.471744E-5,1.0,0.0,1.7666799E-4,1.7917292E-4,2.2286756E-4,1.2438686,4.3702472E-5,0.001765276,0.001790561,0.0018341853,1.0243634,4.3702472E-5
6.4,1.5291708E-6,1.5502898E-6,1.5502898E-6,1.0,0.0,6.553573E-6,6.6440866E-6,6.6440866E-6,1.0,0.0,7.978683E-5,8.088955E-5,1.2458849E-4,1.5402297,4.3702472E-5,7.975819E-4,8.0867927E-4,8.523464E-4,1.0539981,4.3702472E-5
6.5,1.5291708E-6,1.5502898E-6,1.5502898E-6,1.0,0.0,6.553573E-6,6.6440866E-6,6.6440866E-6,1.0,0.0,7.978683E-5,8.088955E-5,1.2458849E-4,1.5402297,4.3702472E-5,7.975819E-4,8.0867927E-4,8.523464E-4,1.0539981,4.3702472E-5
6.6,5.396423E-7,5.472036E-7,5.472036E-7,1.0,0.0,2.312751E-6,2.3451573E-6,2.3451573E-6,1.0,0.0,2.8157378E-5,2.8552104E-5,7.225333E-5,2.5305781,4.3702472E-5,2.8153812E-4,2.8550276E-4,3.2919276E-4,1.1530282,4.3702472E-5
6.7,5.396423E-7,5.472036E-7,5.472036E-7,1.0,0.0,2.312751E-6,2.3451573E-6,2.3451573E-6,1.0,0.0,2.8157378E-5,2.8552104E-5,7.225333E-5,2.5305781,4.3702472E-5,2.8153812E-4,2.8550276E-4,3.2919276E-4,1.1530282,4.3702472E-5
6.8,3.6058395E-7,3.6563338E-7,3.6563338E-7,1.0,0.0,1.5453588E-6,1.5670003E-6,1.5670003E-6,1.0,0.0,1.8814582E-5,1.9078228E-5,6.2779865E-5,3.2906551,4.3702472E-5,1.8812988E-4,1.9078227E-4,2.344764E-4,1.2290262,4.3702472E-5
