Magnitude,1 wk TI Prob,1 wk TD Prob,1 wk ETAS Prob,1 wk ETAS/TD Gain,1 wk ETAS Triggered Only,1 mo TI Prob,1 mo TD Prob,1 mo ETAS Prob,1 mo ETAS/TD Gain,1 mo ETAS Triggered Only,1 yr TI Prob,1 yr TD Prob,1 yr ETAS Prob,1 yr ETAS/TD Gain,1 yr ETAS Triggered Only,10 yr TI Prob,10 yr TD Prob,10 yr ETAS Prob,10 yr ETAS/TD Gain,10 yr ETAS Triggered Only
6.0,2.5031832E-5,2.7058131E-5,2.7058131E-5,1.0,0.0,1.0727487E-4,1.15958814E-4,1.15958814E-4,1.0,0.0,0.001305289,0.0014109816,0.0014578615,1.033225,4.6946152E-5,0.012976485,0.014030014,0.0141225895,1.0065984,9.3892304E-5
6.1,1.2540113E-5,1.3513622E-5,1.3513622E-5,1.0,0.0,5.3742235E-5,5.7914367E-5,5.7914367E-5,1.0,0.0,6.541153E-4,7.0490176E-4,7.0490176E-4,1.0,0.0,0.0065219323,0.0070288926,0.007075509,1.0066321,4.6946152E-5
6.2,6.603218E-6,7.107477E-6,7.107477E-6,1.0,0.0,2.8299199E-5,3.0460296E-5,3.0460296E-5,1.0,0.0,3.4448825E-4,3.707975E-4,3.707975E-4,1.0,0.0,0.0034395473,0.003702429,0.003749201,1.0126328,4.6946152E-5
6.3,6.603218E-6,7.107477E-6,7.107477E-6,1.0,0.0,2.8299199E-5,3.0460296E-5,3.0460296E-5,1.0,0.0,3.4448825E-4,3.707975E-4,3.707975E-4,1.0,0.0,0.0034395473,0.003702429,0.003749201,1.0126328,4.6946152E-5
6.4,3.9389015E-6,4.2393463E-6,4.2393463E-6,1.0,0.0,1.6880897E-5,1.816852E-5,1.816852E-5,1.0,0.0,2.0550552E-4,2.2118236E-4,2.2118236E-4,1.0,0.0,0.0020531558,0.0022099272,0.0022099272,1.0,0.0
6.5,2.4533072E-6,2.6413759E-6,2.6413759E-6,1.0,0.0,1.0514132E-5,1.1320145E-5,1.1320145E-5,1.0,0.0,1.2800204E-4,1.3781598E-4,1.3781598E-4,1.0,0.0,0.0012792832,0.0013774954,0.0013774954,1.0,0.0
6.6,1.3482367E-6,1.453053E-6,1.453053E-6,1.0,0.0,5.778144E-6,6.2273616E-6,6.2273616E-6,1.0,0.0,7.0346636E-5,7.581662E-5,7.581662E-5,1.0,0.0,7.032437E-4,7.5801864E-4,7.5801864E-4,1.0,0.0
