Magnitude,1 wk TI Prob,1 wk TD Prob,1 wk ETAS Prob,1 wk ETAS/TD Gain,1 wk ETAS Triggered Only,1 mo TI Prob,1 mo TD Prob,1 mo ETAS Prob,1 mo ETAS/TD Gain,1 mo ETAS Triggered Only,1 yr TI Prob,1 yr TD Prob,1 yr ETAS Prob,1 yr ETAS/TD Gain,1 yr ETAS Triggered Only,10 yr TI Prob,10 yr TD Prob,10 yr ETAS Prob,10 yr ETAS/TD Gain,10 yr ETAS Triggered Only
6.0,6.1479834E-5,8.327275E-5,8.327275E-5,1.0,0.0,2.6345838E-4,3.5683662E-4,3.5683662E-4,1.0,0.0,0.0032028882,0.0043365126,0.0043464694,1.002296,1.0E-5,0.031571172,0.042586748,0.04259632,1.0002248,1.0E-5
6.1,4.4387216E-5,5.976769E-5,5.976769E-5,1.0,0.0,1.9021705E-4,2.5612462E-4,2.5612462E-4,1.0,0.0,0.0023134327,0.0031143634,0.0031243323,1.0032009,1.0E-5,0.022894967,0.030755702,0.030765396,1.0003152,1.0E-5
6.2,4.4387216E-5,5.976769E-5,5.976769E-5,1.0,0.0,1.9021705E-4,2.5612462E-4,2.5612462E-4,1.0,0.0,0.0023134327,0.0031143634,0.0031243323,1.0032009,1.0E-5,0.022894967,0.030755702,0.030765396,1.0003152,1.0E-5
6.3,2.9523822E-5,3.9547132E-5,3.9547132E-5,1.0,0.0,1.2652454E-4,1.6947792E-4,1.6947792E-4,1.0,0.0,0.0015393476,0.002061801,0.002061801,1.0,0.0,0.015287281,0.020461192,0.020461192,1.0,0.0
6.4,2.0512744E-5,2.7430755E-5,2.7430755E-5,1.0,0.0,8.79088E-5,1.1755609E-4,1.1755609E-4,1.0,0.0,0.001069764,0.0014306227,0.0014306227,1.0,0.0,0.010646289,0.014244635,0.014244635,1.0,0.0
6.5,1.6750226E-5,2.2390459E-5,2.2390459E-5,1.0,0.0,7.178471E-5,9.595651E-5,9.595651E-5,1.0,0.0,8.7362836E-4,0.0011679651,0.0011679651,1.0,0.0,0.008702018,0.011649241,0.011649241,1.0,0.0
6.6,1.4745303E-5,1.9706944E-5,1.9706944E-5,1.0,0.0,6.319262E-5,8.445667E-5,8.445667E-5,1.0,0.0,7.690986E-4,0.0010281025,0.0010281025,1.0,0.0,0.0076644225,0.01026517,0.01026517,1.0,0.0
6.7,9.951145E-7,1.1616371E-6,1.1616371E-6,1.0,0.0,4.26477E-6,4.978436E-6,4.978436E-6,1.0,0.0,5.1922336E-5,6.061095E-5,6.061095E-5,1.0,0.0,5.1910203E-4,6.059614E-4,6.059614E-4,1.0,0.0
6.8,5.866312E-7,6.8493983E-7,6.8493983E-7,1.0,0.0,2.5141312E-6,2.935454E-6,2.935454E-6,1.0,0.0,3.0609117E-5,3.5738696E-5,3.5738696E-5,1.0,0.0,3.06049E-4,3.573423E-4,3.573423E-4,1.0,0.0
