Magnitude,1 yr TI Prob,TD Prob,ETAS Prob,ETAS/TD Gain,ETAS Triggered Only,10 yr TI Prob,TD Prob,ETAS Prob,ETAS/TD Gain,ETAS Triggered Only
6.0,0.0032028882,0.0043366286,0.0043465854,1.002296,1.0E-5,0.031571172,0.04258594,0.042595513,1.0002248,1.0E-5
6.1,0.0023134327,0.003114438,0.0031244068,1.0032009,1.0E-5,0.022894967,0.030755155,0.030764848,1.0003152,1.0E-5
6.2,0.0023134327,0.003114438,0.0031244068,1.0032009,1.0E-5,0.022894967,0.030755155,0.030764848,1.0003152,1.0E-5
6.3,0.0015393476,0.0020618802,0.0020618802,1.0,0.0,0.015287281,0.020460874,0.020460874,1.0,0.0
6.4,0.001069764,0.001430746,0.001430746,1.0,0.0,0.010646289,0.014244468,0.014244468,1.0,0.0
6.5,8.7362836E-4,0.0011680675,0.0011680675,1.0,0.0,0.008702018,0.011649082,0.011649082,1.0,0.0
6.6,7.690986E-4,0.0010281999,0.0010281999,1.0,0.0,0.0076644225,0.010265011,0.010265011,1.0,0.0
6.7,5.1922336E-5,6.061095E-5,6.061095E-5,1.0,0.0,5.1910203E-4,6.059614E-4,6.059614E-4,1.0,0.0
6.8,3.0609117E-5,3.5738696E-5,3.5738696E-5,1.0,0.0,3.06049E-4,3.573423E-4,3.573423E-4,1.0,0.0
