Magnitude,1 yr TI Prob,TD Prob,ETAS Prob,ETAS/TD Gain,ETAS Triggered Only,10 yr TI Prob,TD Prob,ETAS Prob,ETAS/TD Gain,ETAS Triggered Only
6.0,0.0010233327,0.0011524883,0.0018017392,1.563347,6.5E-4,0.01018633,0.011478426,0.012615225,1.099038,0.00115
6.1,0.0010233327,0.0011524883,0.0018017392,1.563347,6.5E-4,0.01018633,0.011478426,0.012615225,1.099038,0.00115
6.2,5.2150246E-4,5.8719056E-4,0.001006944,1.7148503,4.2E-4,0.0052028033,0.0058614956,0.006617041,1.1288997,7.6E-4
6.3,5.002399E-4,5.6334294E-4,9.831063E-4,1.7451295,4.2E-4,0.0049911533,0.0056242384,0.00637002,1.1326014,7.5E-4
6.4,5.002399E-4,5.6334294E-4,9.831063E-4,1.7451295,4.2E-4,0.0049911533,0.0056242384,0.00637002,1.1326014,7.5E-4
6.5,2.8995197E-4,3.2795023E-4,6.5784197E-4,2.0059202,3.3E-4,0.0028957394,0.0032772988,0.0038055617,1.1611886,5.3E-4
6.6,2.54302E-4,2.8766345E-4,5.875772E-4,2.0425854,3.0E-4,0.002540112,0.0028754799,0.0033441284,1.162981,4.7E-4
6.7,2.0822904E-4,2.3563413E-4,5.255658E-4,2.2304316,2.9E-4,0.0020803404,0.0023563413,0.0027454223,1.1651208,3.9E-4
