Magnitude,1 wk TI Prob,1 wk TD Prob,1 wk ETAS Prob,1 wk ETAS/TD Gain,1 wk ETAS Triggered Only,1 mo TI Prob,1 mo TD Prob,1 mo ETAS Prob,1 mo ETAS/TD Gain,1 mo ETAS Triggered Only,1 yr TI Prob,1 yr TD Prob,1 yr ETAS Prob,1 yr ETAS/TD Gain,1 yr ETAS Triggered Only,10 yr TI Prob,10 yr TD Prob,10 yr ETAS Prob,10 yr ETAS/TD Gain,10 yr ETAS Triggered Only
6.0,1.0522846E-5,1.1040648E-5,2.1040538E-5,1.905734,1.0E-5,4.509713E-5,4.7316502E-5,5.731603E-5,1.2113328,1.0E-5,5.4891926E-4,5.759788E-4,6.0596154E-4,1.0520552,3.0E-5,0.0054756533,0.005750025,0.00580968,1.0103748,6.0E-5
6.1,1.0522846E-5,1.1040648E-5,2.1040538E-5,1.905734,1.0E-5,4.509713E-5,4.7316502E-5,5.731603E-5,1.2113328,1.0E-5,5.4891926E-4,5.759788E-4,6.0596154E-4,1.0520552,3.0E-5,0.0054756533,0.005750025,0.00580968,1.0103748,6.0E-5
6.2,2.1045846E-6,2.2082038E-6,2.2082038E-6,1.0,0.0,9.019617E-6,9.46372E-6,9.46372E-6,1.0,0.0,1.098083E-4,1.1521889E-4,1.1521889E-4,1.0,0.0,0.0010975406,0.001152003,0.0011619914,1.0086706,1.0E-5
6.3,2.1045846E-6,2.2082038E-6,2.2082038E-6,1.0,0.0,9.019617E-6,9.46372E-6,9.46372E-6,1.0,0.0,1.098083E-4,1.1521889E-4,1.1521889E-4,1.0,0.0,0.0010975406,0.001152003,0.0011619914,1.0086706,1.0E-5
6.4,1.7259927E-6,1.8108782E-6,1.8108782E-6,1.0,0.0,7.3970905E-6,7.760907E-6,7.760907E-6,1.0,0.0,9.005586E-5,9.4489034E-5,9.4489034E-5,1.0,0.0,9.001937E-4,9.448904E-4,9.548809E-4,1.0105733,1.0E-5
