Magnitude,1 yr TI Prob,TD Prob,ETAS Prob,ETAS/TD Gain,ETAS Triggered Only,10 yr TI Prob,TD Prob,ETAS Prob,ETAS/TD Gain,ETAS Triggered Only
6.0,8.7413884E-4,9.794047E-4,0.001578817,1.612017,6.0E-4,0.008707083,0.009762427,0.010762568,1.1024479,0.00101
6.1,5.139737E-4,5.72502E-4,9.422902E-4,1.645916,3.7E-4,0.005127866,0.0057172296,0.0063237417,1.1060851,6.1E-4
6.2,5.139737E-4,5.72502E-4,9.422902E-4,1.645916,3.7E-4,0.005127866,0.0057172296,0.0063237417,1.1060851,6.1E-4
6.3,2.2521814E-4,2.4930516E-4,4.392578E-4,1.7619282,1.9E-4,0.0022499003,0.0024925133,0.0027817904,1.1160585,2.9E-4
6.4,2.2521814E-4,2.4930516E-4,4.392578E-4,1.7619282,1.9E-4,0.0022499003,0.0024925133,0.0027817904,1.1160585,2.9E-4
6.5,2.2521814E-4,2.4930516E-4,4.392578E-4,1.7619282,1.9E-4,0.0022499003,0.0024925133,0.0027817904,1.1160585,2.9E-4
6.6,2.2441156E-4,2.484115E-4,4.3836428E-4,1.76467,1.9E-4,0.0022418506,0.0024835963,0.002772876,1.1164762,2.9E-4
6.7,2.0138794E-4,2.228581E-4,3.8282244E-4,1.7177856,1.6E-4,0.0020120554,0.0022285809,0.0024580683,1.1029747,2.3E-4
