Magnitude,1 yr TI Prob,TD Prob,ETAS Prob,ETAS/TD Gain,ETAS Triggered Only,10 yr TI Prob,TD Prob,ETAS Prob,ETAS/TD Gain,ETAS Triggered Only
6.0,0.0015478961,0.0017078866,0.0017378354,1.0175356,3.0E-5,0.015371585,0.016955158,0.016984649,1.0017394,3.0E-5
6.1,0.0015478961,0.0017078866,0.0017378354,1.0175356,3.0E-5,0.015371585,0.016955158,0.016984649,1.0017394,3.0E-5
6.2,0.0010029797,0.0011034836,0.0011234615,1.0181044,2.0E-5,0.00998465,0.010982454,0.011002234,1.0018011,2.0E-5
6.3,6.910097E-4,7.588499E-4,7.788347E-4,1.0263357,2.0E-5,0.006888649,0.007563533,0.0075833816,1.0026243,2.0E-5
6.4,4.078841E-4,4.4722456E-4,4.4722456E-4,1.0,0.0,0.004071363,0.004463586,0.004463586,1.0,0.0
6.5,2.7690834E-4,3.0352196E-4,3.0352196E-4,1.0,0.0,0.0027656353,0.0030312834,0.0030312834,1.0,0.0
6.6,1.8784421E-4,2.0600796E-4,2.0600796E-4,1.0,0.0,0.0018768552,0.002058324,0.002058324,1.0,0.0
6.7,1.3232579E-4,1.4522862E-4,1.4522862E-4,1.0,0.0,0.0013224703,0.001451467,0.001451467,1.0,0.0
6.8,6.3216714E-5,6.946825E-5,6.946825E-5,1.0,0.0,6.3198735E-4,6.9456047E-4,6.9456047E-4,1.0,0.0
