Magnitude,1 wk TI Prob,1 wk TD Prob,1 wk ETAS Prob,1 wk ETAS/TD Gain,1 wk ETAS Triggered Only,1 mo TI Prob,1 mo TD Prob,1 mo ETAS Prob,1 mo ETAS/TD Gain,1 mo ETAS Triggered Only,1 yr TI Prob,1 yr TD Prob,1 yr ETAS Prob,1 yr ETAS/TD Gain,1 yr ETAS Triggered Only,10 yr TI Prob,10 yr TD Prob,10 yr ETAS Prob,10 yr ETAS/TD Gain,10 yr ETAS Triggered Only
6.0,4.187212E-5,5.3443076E-5,5.3443076E-5,1.0,0.0,1.794396E-4,2.290274E-4,2.290274E-4,1.0,0.0,0.002182488,0.002785809,0.002785809,1.0,0.0,0.021611776,0.02760331,0.027613033,1.0003523,1.0E-5
6.1,4.187212E-5,5.3443076E-5,5.3443076E-5,1.0,0.0,1.794396E-4,2.290274E-4,2.290274E-4,1.0,0.0,0.002182488,0.002785809,0.002785809,1.0,0.0,0.021611776,0.02760331,0.027613033,1.0003523,1.0E-5
6.2,1.7353306E-5,2.2154747E-5,2.2154747E-5,1.0,0.0,7.436919E-5,9.494778E-5,9.494778E-5,1.0,0.0,9.050688E-4,0.0011557612,0.0011557612,1.0,0.0,0.009013915,0.0115352385,0.0115352385,1.0,0.0
6.3,1.7353306E-5,2.2154747E-5,2.2154747E-5,1.0,0.0,7.436919E-5,9.494778E-5,9.494778E-5,1.0,0.0,9.050688E-4,0.0011557612,0.0011557612,1.0,0.0,0.009013915,0.0115352385,0.0115352385,1.0,0.0
6.4,1.4028824E-5,1.7901122E-5,1.7901122E-5,1.0,0.0,6.0122147E-5,7.6719094E-5,7.6719094E-5,1.0,0.0,7.3174125E-4,9.340334E-4,9.340334E-4,1.0,0.0,0.0072933645,0.009338243,0.009338243,1.0,0.0
