Magnitude,UCERF3-TI Prob,UCERF3-TD Prob,UCERF3-ETAS Prob
6.0,0.09820675,0.106683515,0.084
6.1,0.09820675,0.106683515,0.084
6.2,0.09820675,0.106683515,0.084
6.3,0.09820675,0.106683515,0.084
6.4,0.09820675,0.106683515,0.084
6.5,0.08579262,0.0937704,0.08
6.6,0.08579262,0.0937704,0.08
