Magnitude,UCERF3-TI Prob,UCERF3-TD Prob,UCERF3-ETAS Prob
6.0,0.33562234,0.39878976,0.218
6.1,0.33562234,0.39878976,0.218
6.2,0.33562234,0.39878976,0.218
6.3,0.33562234,0.39878976,0.218
6.4,0.33562234,0.39878976,0.218
6.5,0.29904807,0.36434713,0.193
