Magnitude,UCERF3-TI Prob,UCERF3-TD Prob,UCERF3-ETAS Prob
6.0,0.5153604,0.530618,0.36
6.1,0.34404954,0.3518411,0.243
6.2,0.34404954,0.3518411,0.243
6.3,0.22451669,0.22859986,0.172
6.4,0.22451669,0.22859986,0.172
6.5,0.17320107,0.17620845,0.13
6.6,0.1377097,0.14004688,0.104
6.7,0.08691989,0.08837258,0.052
6.8,0.06931777,0.07048503,0.039
6.9,0.042369116,0.04310584,0.026
7.0,0.013222947,0.013471437,0.006
