Magnitude,UCERF3-TI Prob,UCERF3-TD Prob,UCERF3-ETAS Prob
6.0,0.556041,0.583512,0.335
6.1,0.3602245,0.37657222,0.197
6.2,0.3602245,0.37657222,0.197
6.3,0.21012597,0.21906751,0.12
6.4,0.13586608,0.14194292,0.07
6.5,0.08799748,0.09244383,0.049
6.6,0.06222611,0.065924376,0.028
