Magnitude,UCERF3-TI Prob,UCERF3-TD Prob,UCERF3-ETAS Prob
6.0,0.43625277,0.45599917,0.273
6.1,0.22949272,0.23718011,0.136
6.2,0.22949272,0.23718011,0.136
6.3,0.11338517,0.116554566,0.064
6.4,0.11338517,0.116554566,0.064
6.5,0.068423696,0.070340194,0.038
6.6,0.035408773,0.036426637,0.022
