Magnitude,UCERF3-TI Prob,UCERF3-TD Prob,UCERF3-ETAS Prob
6.0,0.48339844,0.49598548,0.362
6.1,0.48339844,0.49598548,0.332
6.2,0.3476931,0.35500154,0.237
6.3,0.2677641,0.2729661,0.186
6.4,0.21324062,0.21720086,0.153
6.5,0.18154918,0.18487321,0.129
6.6,0.1557262,0.15856916,0.113
6.7,0.1132296,0.11529096,0.077
6.8,0.08200337,0.08351502,0.051
6.9,0.058952753,0.060070388,0.032
7.0,0.031107644,0.031735547,0.018
