Magnitude,UCERF3-TI Prob,UCERF3-TD Prob,UCERF3-ETAS Prob
6.0,0.3642308,0.3776292,0.429
6.1,0.21056688,0.21552867,0.24
6.2,0.21056688,0.21552867,0.24
6.3,0.17249899,0.17659716,0.188
6.4,0.17249899,0.17659716,0.188
6.5,0.14636655,0.14999087,0.164
6.6,0.13590075,0.13937633,0.151
6.7,0.1279345,0.13130325,0.139
6.8,0.09964277,0.10256197,0.113
6.9,0.017676475,0.01798723,0.026
