Magnitude,UCERF3-TI Prob,UCERF3-TD Prob,UCERF3-ETAS Prob
6.0,0.7989123,0.7965178,0.7210884
6.1,0.68590397,0.68719494,0.48979592
6.2,0.68590397,0.68719494,0.48979592
6.3,0.53711045,0.54361296,0.30612245
6.4,0.41442928,0.42783225,0.23129252
6.5,0.35403186,0.37275383,0.20408164
6.6,0.31934333,0.3416175,0.1904762
6.7,0.02562773,0.028588885,0.006802721
6.8,0.01518827,0.016975738,0.0
