Magnitude,UCERF3-TI Prob,UCERF3-TD Prob,UCERF3-ETAS Prob
6.0,0.7989123,0.7965178,0.69721115
6.1,0.68590397,0.68719494,0.53386456
6.2,0.68590397,0.68719494,0.53386456
6.3,0.53711045,0.54361296,0.37250996
6.4,0.41442928,0.42783225,0.2749004
6.5,0.35403186,0.37275383,0.2430279
6.6,0.31934333,0.3416175,0.21115538
6.7,0.02562773,0.028588885,0.003984064
6.8,0.01518827,0.016975738,0.0
