Magnitude,UCERF3-TI Prob,UCERF3-TD Prob,UCERF3-ETAS Prob
6.0,0.5620537,0.62337154,0.376
6.1,0.5620537,0.62337154,0.376
6.2,0.5620537,0.62337154,0.376
6.3,0.5620537,0.62337154,0.376
6.4,0.5620537,0.62337154,0.376
6.5,0.3753109,0.42682013,0.231
6.6,0.3753109,0.42682013,0.231
6.7,0.2981062,0.34707096,0.172
6.8,0.22696762,0.27051714,0.122
6.9,0.17283754,0.21204762,0.091
