Magnitude,UCERF3-TI Prob,UCERF3-TD Prob,UCERF3-ETAS Prob
6.0,0.4299989,0.46470094,0.4239766
6.1,0.4299989,0.46470094,0.4239766
6.2,0.4299989,0.46470094,0.4239766
6.3,0.23015048,0.24630177,0.23684211
6.4,0.23015048,0.24630177,0.23684211
6.5,0.1660879,0.17808323,0.16666667
6.6,0.12211306,0.13133095,0.116959065
6.7,0.09114263,0.09841293,0.10233918
6.8,0.06460619,0.07013607,0.064327486
6.9,0.04509049,0.049296554,0.038011696
