Magnitude,UCERF3-TI Prob,UCERF3-TD Prob,UCERF3-ETAS Prob
6.0,0.556041,0.6074171,0.35
6.1,0.3602245,0.39552665,0.236
6.2,0.3602245,0.39552665,0.236
6.3,0.21012597,0.23141345,0.126
6.4,0.13586608,0.15037613,0.079
6.5,0.08799748,0.09815824,0.048
6.6,0.06222611,0.070102625,0.032
