Magnitude,UCERF3-TI Prob,UCERF3-TD Prob,UCERF3-ETAS Prob
6.0,0.5996796,0.65789795,0.55847955
6.1,0.5996796,0.65789795,0.55847955
6.2,0.38154912,0.42836806,0.38304093
6.3,0.38154912,0.42836806,0.38304093
6.4,0.36026728,0.40673462,0.37134504
6.5,0.3193368,0.36414084,0.35380116
6.6,0.26914394,0.3119978,0.30701753
6.7,0.23155676,0.27304053,0.23976608
