Magnitude,UCERF3-TI Prob,UCERF3-TD Prob,UCERF3-ETAS Prob
6.0,0.35419685,0.40021715,0.3809524
6.1,0.22667271,0.26037455,0.23129252
6.2,0.22667271,0.26037455,0.23129252
6.3,0.10651145,0.12201949,0.10204082
6.4,0.10651145,0.12201949,0.10204082
6.5,0.10651145,0.12201949,0.10204082
6.6,0.106150955,0.12163386,0.10204082
6.7,0.09579947,0.11049489,0.088435374
