Magnitude,UCERF3-TI Prob,UCERF3-TD Prob,UCERF3-ETAS Prob
6.0,0.44534802,0.4840314,0.33536586
6.1,0.44534802,0.4840314,0.2902439
6.2,0.3018953,0.32709995,0.17317073
6.3,0.22369447,0.24224374,0.11829268
6.4,0.17244339,0.18676382,0.090243906
6.5,0.14452662,0.15667292,0.07073171
6.6,0.099886455,0.108229764,0.05
6.7,0.04046344,0.044156056,0.014634146
6.8,0.019422133,0.021427996,0.0060975607
