Magnitude,UCERF3-TI Prob,UCERF3-TD Prob,UCERF3-ETAS Prob
6.0,0.2807392,0.30784938,0.169
6.1,0.2807392,0.30784938,0.169
6.2,0.2807392,0.30784938,0.169
6.3,0.2807392,0.30784938,0.169
6.4,0.15912439,0.16983213,0.091
6.5,0.15912439,0.16983213,0.091
6.6,0.14776422,0.15779087,0.082
6.7,0.121093,0.12932809,0.068
6.8,0.11346886,0.121285394,0.061
6.9,0.106594674,0.11403256,0.056
7.0,0.09292298,0.099553145,0.044
7.1,0.07994171,0.085788615,0.037
7.2,0.05665881,0.061011527,0.025
