Magnitude,UCERF3-TI Prob,UCERF3-TD Prob,UCERF3-ETAS Prob
6.0,0.19382422,0.2036472,0.16565657
6.1,0.09083234,0.094835214,0.07979798
6.2,0.09083234,0.094835214,0.07979798
6.3,0.035677206,0.03721023,0.030303031
6.4,0.035677206,0.03721023,0.030303031
6.5,0.02543875,0.02661988,0.023232324
