Magnitude,1 wk TI Prob,1 wk TD Prob,1 wk ETAS Prob,1 wk ETAS/TD Gain,1 wk ETAS Triggered Only,1 mo TI Prob,1 mo TD Prob,1 mo ETAS Prob,1 mo ETAS/TD Gain,1 mo ETAS Triggered Only,1 yr TI Prob,1 yr TD Prob,1 yr ETAS Prob,1 yr ETAS/TD Gain,1 yr ETAS Triggered Only,10 yr TI Prob,10 yr TD Prob,10 yr ETAS Prob,10 yr ETAS/TD Gain,10 yr ETAS Triggered Only
6.0,1.9810619E-5,2.311252E-5,8.399392E-5,3.6341305,6.08828E-5,8.489989E-5,9.905276E-5,1.7514873E-4,1.7682366,7.6103504E-5,0.001033166,0.0012058079,0.0013122243,1.0882533,1.065449E-4,0.010283757,0.012042425,0.0121627245,1.0099896,1.217656E-4
6.1,1.9810619E-5,2.311252E-5,8.399392E-5,3.6341305,6.08828E-5,8.489989E-5,9.905276E-5,1.7514873E-4,1.7682366,7.6103504E-5,0.001033166,0.0012058079,0.0013122243,1.0882533,1.065449E-4,0.010283757,0.012042425,0.0121627245,1.0099896,1.217656E-4
6.2,1.9810619E-5,2.311252E-5,8.399392E-5,3.6341305,6.08828E-5,8.489989E-5,9.905276E-5,1.7514873E-4,1.7682366,7.6103504E-5,0.001033166,0.0012058079,0.0013122243,1.0882533,1.065449E-4,0.010283757,0.012042425,0.0121627245,1.0099896,1.217656E-4
6.3,1.9810619E-5,2.311252E-5,8.399392E-5,3.6341305,6.08828E-5,8.489989E-5,9.905276E-5,1.7514873E-4,1.7682366,7.6103504E-5,0.001033166,0.0012058079,0.0013122243,1.0882533,1.065449E-4,0.010283757,0.012042425,0.0121627245,1.0099896,1.217656E-4
6.4,1.9810619E-5,2.311252E-5,8.399392E-5,3.6341305,6.08828E-5,8.489989E-5,9.905276E-5,1.7514873E-4,1.7682366,7.6103504E-5,0.001033166,0.0012058079,0.0013122243,1.0882533,1.065449E-4,0.010283757,0.012042425,0.0121627245,1.0099896,1.217656E-4
6.5,1.7190405E-5,2.0050555E-5,8.0932135E-5,4.0364037,6.08828E-5,7.367108E-5,8.593095E-5,1.620279E-4,1.8855594,7.6103504E-5,8.9657627E-4,0.0010462094,0.0011526428,1.1017325,1.065449E-4,0.008929676,0.010462056,0.010582548,1.011517,1.217656E-4
6.6,1.7190405E-5,2.0050555E-5,8.0932135E-5,4.0364037,6.08828E-5,7.367108E-5,8.593095E-5,1.620279E-4,1.8855594,7.6103504E-5,8.9657627E-4,0.0010462094,0.0011526428,1.1017325,1.065449E-4,0.008929676,0.010462056,0.010582548,1.011517,1.217656E-4
