Magnitude,1 wk TI Prob,1 wk TD Prob,1 wk ETAS Prob,1 wk ETAS/TD Gain,1 wk ETAS Triggered Only,1 mo TI Prob,1 mo TD Prob,1 mo ETAS Prob,1 mo ETAS/TD Gain,1 mo ETAS Triggered Only,1 yr TI Prob,1 yr TD Prob,1 yr ETAS Prob,1 yr ETAS/TD Gain,1 yr ETAS Triggered Only,10 yr TI Prob,10 yr TD Prob,10 yr ETAS Prob,10 yr ETAS/TD Gain,10 yr ETAS Triggered Only
6.0,6.1479834E-5,8.3312785E-5,9.331195E-5,1.1200196,1.0E-5,2.6345838E-4,3.570119E-4,3.670083E-4,1.0280002,1.0E-5,0.0032028882,0.004338327,0.004348283,1.002295,1.0E-5,0.031571172,0.042603754,0.042613328,1.0002247,1.0E-5
6.1,4.4387216E-5,5.9792666E-5,6.979207E-5,1.1672345,1.0E-5,1.9021705E-4,2.5623335E-4,2.6623078E-4,1.039017,1.0E-5,0.0023134327,0.003115673,0.0031256417,1.0031996,1.0E-5,0.022894967,0.03076789,0.030777583,1.0003151,1.0E-5
6.2,4.4387216E-5,5.9792666E-5,6.979207E-5,1.1672345,1.0E-5,1.9021705E-4,2.5623335E-4,2.6623078E-4,1.039017,1.0E-5,0.0023134327,0.003115673,0.0031256417,1.0031996,1.0E-5,0.022894967,0.03076789,0.030777583,1.0003151,1.0E-5
6.3,2.9523822E-5,3.9565213E-5,4.9564816E-5,1.2527373,1.0E-5,1.2652454E-4,1.695571E-4,1.7955541E-4,1.0589672,1.0E-5,0.0015393476,0.002062696,0.0020726754,1.004838,1.0E-5,0.015287281,0.020469263,0.020479059,1.0004785,1.0E-5
6.4,2.0512744E-5,2.7444068E-5,3.744379E-5,1.3643675,1.0E-5,8.79088E-5,1.1761455E-4,1.2761338E-4,1.0850135,1.0E-5,0.001069764,0.0014312996,0.0014412854,1.0069766,1.0E-5,0.010646289,0.014250277,0.014260134,1.0006918,1.0E-5
6.5,1.6750226E-5,2.2401457E-5,2.2401457E-5,1.0,0.0,7.178471E-5,9.6005046E-5,9.6005046E-5,1.0,0.0,8.7362836E-4,0.0011685027,0.0011685027,1.0,0.0,0.008702018,0.011653836,0.011653836,1.0,0.0
6.6,1.4745303E-5,1.9716887E-5,1.9716887E-5,1.0,0.0,6.319262E-5,8.450052E-5,8.450052E-5,1.0,0.0,7.690986E-4,0.0010285722,0.0010285722,1.0,0.0,0.0076644225,0.010269201,0.010269201,1.0,0.0
6.7,9.951145E-7,1.1618928E-6,1.1618928E-6,1.0,0.0,4.26477E-6,4.979532E-6,4.979532E-6,1.0,0.0,5.1922336E-5,6.0624294E-5,6.0624294E-5,1.0,0.0,5.1910203E-4,6.060948E-4,6.060948E-4,1.0,0.0
6.8,5.866312E-7,6.8509075E-7,6.8509075E-7,1.0,0.0,2.5141312E-6,2.9361006E-6,2.9361006E-6,1.0,0.0,3.0609117E-5,3.574657E-5,3.574657E-5,1.0,0.0,3.06049E-4,3.5742103E-4,3.5742103E-4,1.0,0.0
