Magnitude,1 wk TI Prob,1 wk TD Prob,1 wk ETAS Prob,1 wk ETAS/TD Gain,1 wk ETAS Triggered Only,1 mo TI Prob,1 mo TD Prob,1 mo ETAS Prob,1 mo ETAS/TD Gain,1 mo ETAS Triggered Only,1 yr TI Prob,1 yr TD Prob,1 yr ETAS Prob,1 yr ETAS/TD Gain,1 yr ETAS Triggered Only,10 yr TI Prob,10 yr TD Prob,10 yr ETAS Prob,10 yr ETAS/TD Gain,10 yr ETAS Triggered Only
6.0,1.0522846E-5,1.1041362E-5,1.1041362E-5,1.0,0.0,4.509713E-5,4.731956E-5,4.731956E-5,1.0,0.0,5.4891926E-4,5.76016E-4,5.960045E-4,1.0347012,2.0E-5,0.0054756533,0.0057503963,0.0057802238,1.005187,3.0E-5
6.1,1.0522846E-5,1.1041362E-5,1.1041362E-5,1.0,0.0,4.509713E-5,4.731956E-5,4.731956E-5,1.0,0.0,5.4891926E-4,5.76016E-4,5.960045E-4,1.0347012,2.0E-5,0.0054756533,0.0057503963,0.0057802238,1.005187,3.0E-5
6.2,2.1045846E-6,2.2083466E-6,2.2083466E-6,1.0,0.0,9.019617E-6,9.464332E-6,9.464332E-6,1.0,0.0,1.098083E-4,1.1522634E-4,1.252252E-4,1.0867757,1.0E-5,0.0010975406,0.0011520775,0.0011720544,1.01734,2.0E-5
6.3,2.1045846E-6,2.2083466E-6,2.2083466E-6,1.0,0.0,9.019617E-6,9.464332E-6,9.464332E-6,1.0,0.0,1.098083E-4,1.1522634E-4,1.252252E-4,1.0867757,1.0E-5,0.0010975406,0.0011520775,0.0011720544,1.01734,2.0E-5
6.4,1.7259927E-6,1.8109952E-6,1.8109952E-6,1.0,0.0,7.3970905E-6,7.761408E-6,7.761408E-6,1.0,0.0,9.005586E-5,9.4495146E-5,1.044942E-4,1.1058155,1.0E-5,9.001937E-4,9.4495143E-4,9.6493255E-4,1.0211451,2.0E-5
