Magnitude,1 wk TI Prob,1 wk TD Prob,1 wk ETAS Prob,1 wk ETAS/TD Gain,1 wk ETAS Triggered Only,1 mo TI Prob,1 mo TD Prob,1 mo ETAS Prob,1 mo ETAS/TD Gain,1 mo ETAS Triggered Only,1 yr TI Prob,1 yr TD Prob,1 yr ETAS Prob,1 yr ETAS/TD Gain,1 yr ETAS Triggered Only,10 yr TI Prob,10 yr TD Prob,10 yr ETAS Prob,10 yr ETAS/TD Gain,10 yr ETAS Triggered Only
6.0,1.0522846E-5,1.1041362E-5,1.1041362E-5,1.0,0.0,4.509713E-5,4.731956E-5,4.731956E-5,1.0,0.0,5.4891926E-4,5.76016E-4,5.9532933E-4,1.033529,1.9324418E-5,0.0054756533,0.0057503963,0.005788823,1.0066824,3.8648835E-5
6.1,1.0522846E-5,1.1041362E-5,1.1041362E-5,1.0,0.0,4.509713E-5,4.731956E-5,4.731956E-5,1.0,0.0,5.4891926E-4,5.76016E-4,5.9532933E-4,1.033529,1.9324418E-5,0.0054756533,0.0057503963,0.005788823,1.0066824,3.8648835E-5
6.2,2.1045846E-6,2.2083466E-6,2.2083466E-6,1.0,0.0,9.019617E-6,9.464332E-6,9.464332E-6,1.0,0.0,1.098083E-4,1.1522634E-4,1.3454854E-4,1.167689,1.9324418E-5,0.0010975406,0.0011520775,0.0011906818,1.0335084,3.8648835E-5
6.3,2.1045846E-6,2.2083466E-6,2.2083466E-6,1.0,0.0,9.019617E-6,9.464332E-6,9.464332E-6,1.0,0.0,1.098083E-4,1.1522634E-4,1.3454854E-4,1.167689,1.9324418E-5,0.0010975406,0.0011520775,0.0011906818,1.0335084,3.8648835E-5
6.4,1.7259927E-6,1.8109952E-6,1.8109952E-6,1.0,0.0,7.3970905E-6,7.761408E-6,7.761408E-6,1.0,0.0,9.005586E-5,9.4495146E-5,1.1381773E-4,1.2044824,1.9324418E-5,9.001937E-4,9.4495143E-4,9.835637E-4,1.0408617,3.8648835E-5
