Magnitude,1 wk TI Prob,1 wk TD Prob,1 wk ETAS Prob,1 wk ETAS/TD Gain,1 wk ETAS Triggered Only,1 mo TI Prob,1 mo TD Prob,1 mo ETAS Prob,1 mo ETAS/TD Gain,1 mo ETAS Triggered Only,1 yr TI Prob,1 yr TD Prob,1 yr ETAS Prob,1 yr ETAS/TD Gain,1 yr ETAS Triggered Only,10 yr TI Prob,10 yr TD Prob,10 yr ETAS Prob,10 yr ETAS/TD Gain,10 yr ETAS Triggered Only
6.0,9.102099E-5,8.9578614E-5,8.9578614E-5,1.0,0.0,3.9003167E-4,3.8386503E-4,3.8386503E-4,1.0,0.0,0.0047383,0.0046650036,0.0046650036,1.0,0.0,0.046385348,0.045895047,0.0459169,1.0004762,2.2906359E-5
6.1,3.8306698E-5,4.1522737E-5,4.1522737E-5,1.0,0.0,1.6416123E-4,1.7794652E-4,1.7794652E-4,1.0,0.0,0.0019968306,0.0021641937,0.0021641937,1.0,0.0,0.019789828,0.021639477,0.021661889,1.0010357,2.2906359E-5
6.2,3.8306698E-5,4.1522737E-5,4.1522737E-5,1.0,0.0,1.6416123E-4,1.7794652E-4,1.7794652E-4,1.0,0.0,0.0019968306,0.0021641937,0.0021641937,1.0,0.0,0.019789828,0.021639477,0.021661889,1.0010357,2.2906359E-5
6.3,3.3197924E-5,3.65734E-5,3.65734E-5,1.0,0.0,1.4226905E-4,1.5673772E-4,1.5673772E-4,1.0,0.0,0.0017307495,0.0019067894,0.0019067894,1.0,0.0,0.017173318,0.019099101,0.01912157,1.0011765,2.2906359E-5
6.4,2.5148964E-5,2.743219E-5,2.743219E-5,1.0,0.0,1.0777682E-4,1.1756489E-4,1.1756489E-4,1.0,0.0,0.0013113929,0.0014310612,0.0014310612,1.0,0.0,0.01303681,0.014393246,0.014415822,1.0015686,2.2906359E-5
6.5,2.5148964E-5,2.743219E-5,2.743219E-5,1.0,0.0,1.0777682E-4,1.1756489E-4,1.1756489E-4,1.0,0.0,0.0013113929,0.0014310612,0.0014310612,1.0,0.0,0.01303681,0.014393246,0.014415822,1.0015686,2.2906359E-5
