Magnitude,1 wk TI Prob,1 wk TD Prob,1 wk ETAS Prob,1 wk ETAS/TD Gain,1 wk ETAS Triggered Only,1 mo TI Prob,1 mo TD Prob,1 mo ETAS Prob,1 mo ETAS/TD Gain,1 mo ETAS Triggered Only,1 yr TI Prob,1 yr TD Prob,1 yr ETAS Prob,1 yr ETAS/TD Gain,1 yr ETAS Triggered Only,10 yr TI Prob,10 yr TD Prob,10 yr ETAS Prob,10 yr ETAS/TD Gain,10 yr ETAS Triggered Only
6.0,1.6760017E-5,1.8779832E-5,2.8779645E-5,1.5324762,1.0E-5,7.182667E-5,8.048317E-5,1.00481564E-4,1.2484791,2.0E-5,8.7413884E-4,9.795596E-4,0.0011394029,1.1631787,1.6E-4,0.008707083,0.009763966,0.010328401,1.0578079,5.7E-4
6.1,9.852767E-6,1.0975243E-5,1.0975243E-5,1.0,0.0,4.222546E-5,4.703631E-5,5.703584E-5,1.2125918,1.0E-5,5.139737E-4,5.7258754E-4,6.62536E-4,1.1570911,9.0E-5,0.005127866,0.005718083,0.0060263104,1.0539039,3.1E-4
6.2,9.852767E-6,1.0975243E-5,1.0975243E-5,1.0,0.0,4.222546E-5,4.703631E-5,5.703584E-5,1.2125918,1.0E-5,5.139737E-4,5.7258754E-4,6.62536E-4,1.1570911,9.0E-5,0.005127866,0.005718083,0.0060263104,1.0539039,3.1E-4
6.3,4.3167724E-6,4.7787057E-6,4.7787057E-6,1.0,0.0,1.8500323E-5,2.0480136E-5,2.0480136E-5,1.0,0.0,2.2521814E-4,2.4934017E-4,2.9932772E-4,1.2004793,5.0E-5,0.0022499003,0.0024928632,0.002592614,1.0400145,1.0E-4
6.4,4.3167724E-6,4.7787057E-6,4.7787057E-6,1.0,0.0,1.8500323E-5,2.0480136E-5,2.0480136E-5,1.0,0.0,2.2521814E-4,2.4934017E-4,2.9932772E-4,1.2004793,5.0E-5,0.0022499003,0.0024928632,0.002592614,1.0400145,1.0E-4
6.5,4.3167724E-6,4.7787057E-6,4.7787057E-6,1.0,0.0,1.8500323E-5,2.0480136E-5,2.0480136E-5,1.0,0.0,2.2521814E-4,2.4934017E-4,2.9932772E-4,1.2004793,5.0E-5,0.0022499003,0.0024928632,0.002592614,1.0400145,1.0E-4
6.6,4.301311E-6,4.7615717E-6,4.7615717E-6,1.0,0.0,1.8434059E-5,2.0406706E-5,2.0406706E-5,1.0,0.0,2.2441156E-4,2.4844636E-4,2.9843394E-4,1.2012007,5.0E-5,0.0022418506,0.0024839449,0.0025836965,1.0401585,1.0E-4
6.7,3.8599724E-6,4.2716633E-6,4.2716633E-6,1.0,0.0,1.6542634E-5,1.8307128E-5,1.8307128E-5,1.0,0.0,2.0138794E-4,2.2288928E-4,2.6288038E-4,1.1794213,4.0E-5,0.0020120554,0.0022288929,0.0022787813,1.0223826,5.0E-5
