Magnitude,1 wk TI Prob,1 wk TD Prob,1 wk ETAS Prob,1 wk ETAS/TD Gain,1 wk ETAS Triggered Only,1 mo TI Prob,1 mo TD Prob,1 mo ETAS Prob,1 mo ETAS/TD Gain,1 mo ETAS Triggered Only,1 yr TI Prob,1 yr TD Prob,1 yr ETAS Prob,1 yr ETAS/TD Gain,1 yr ETAS Triggered Only,10 yr TI Prob,10 yr TD Prob,10 yr ETAS Prob,10 yr ETAS/TD Gain,10 yr ETAS Triggered Only
6.0,1.7360222E-5,1.8503244E-5,4.850269E-5,2.6213074,3.0E-5,7.439883E-5,7.929748E-5,1.7928955E-4,2.2609742,1.0E-4,9.0542925E-4,9.650678E-4,0.0016344213,1.6935817,6.7E-4,0.009017491,0.009613611,0.011723134,1.2194309,0.00213
6.1,9.062689E-6,9.592937E-6,1.9592842E-5,2.0424235,1.0E-5,3.8839516E-5,4.111199E-5,7.111076E-5,1.7296841,3.0E-5,4.727685E-4,5.0043245E-4,8.202723E-4,1.639127,3.2E-4,0.0047176396,0.0049939384,0.0061182952,1.2251444,0.00113
6.2,9.062689E-6,9.592937E-6,1.9592842E-5,2.0424235,1.0E-5,3.8839516E-5,4.111199E-5,7.111076E-5,1.7296841,3.0E-5,4.727685E-4,5.0043245E-4,8.202723E-4,1.639127,3.2E-4,0.0047176396,0.0049939384,0.0061182952,1.2251444,0.00113
6.3,7.2575485E-6,7.6682845E-6,7.6682845E-6,1.0,0.0,3.110341E-5,3.2863703E-5,5.2863044E-5,1.6085541,2.0E-5,3.786182E-4,4.0004926E-4,6.2995724E-4,1.5746992,2.3E-4,0.0037797375,0.003993996,0.0047808406,1.197007,7.9E-4
6.4,7.2575485E-6,7.6682845E-6,7.6682845E-6,1.0,0.0,3.110341E-5,3.2863703E-5,5.2863044E-5,1.6085541,2.0E-5,3.786182E-4,4.0004926E-4,6.2995724E-4,1.5746992,2.3E-4,0.0037797375,0.003993996,0.0047808406,1.197007,7.9E-4
6.5,6.06582E-6,6.404351E-6,6.404351E-6,1.0,0.0,2.5996113E-5,2.7446966E-5,3.744669E-5,1.364329,1.0E-5,3.164567E-4,3.3412204E-4,5.240586E-4,1.5684645,1.9E-4,0.0031600643,0.0033368357,0.0040046,1.200119,6.7E-4
6.6,5.598744E-6,5.9106987E-6,5.9106987E-6,1.0,0.0,2.3994397E-5,2.5331356E-5,3.5331104E-5,1.3947576,1.0E-5,2.9209262E-4,3.0837202E-4,4.983134E-4,1.6159489,1.9E-4,0.0029170897,0.0030800703,0.003718099,1.2071475,6.4E-4
6.7,5.246996E-6,5.5395712E-6,5.5395712E-6,1.0,0.0,2.2486933E-5,2.374084E-5,2.374084E-5,1.0,0.0,2.73744E-4,2.8901274E-4,4.489665E-4,1.5534488,1.6E-4,0.0027340704,0.0028869926,0.0034852605,1.2072287,6.0E-4
6.8,4.02324E-6,4.247218E-6,4.247218E-6,1.0,0.0,1.7242342E-5,1.8202269E-5,1.8202269E-5,1.0,0.0,2.099053E-4,2.2159604E-4,3.3157167E-4,1.4962888,1.1E-4,0.0020970714,0.0022143351,0.0026733167,1.2072773,4.6E-4
6.9,6.835972E-7,7.140349E-7,7.140349E-7,1.0,0.0,2.9296991E-6,3.060148E-6,3.060148E-6,1.0,0.0,3.56685E-5,3.725698E-5,4.725661E-5,1.268396,1.0E-5,3.5662777E-4,3.7253863E-4,4.2252E-4,1.1341642,5.0E-5
