Magnitude,1 wk TI Prob,1 wk TD Prob,1 wk ETAS Prob,1 wk ETAS/TD Gain,1 wk ETAS Triggered Only,1 mo TI Prob,1 mo TD Prob,1 mo ETAS Prob,1 mo ETAS/TD Gain,1 mo ETAS Triggered Only,1 yr TI Prob,1 yr TD Prob,1 yr ETAS Prob,1 yr ETAS/TD Gain,1 yr ETAS Triggered Only,10 yr TI Prob,10 yr TD Prob,10 yr ETAS Prob,10 yr ETAS/TD Gain,10 yr ETAS Triggered Only
6.0,9.913453E-6,1.0192636E-5,1.0192636E-5,1.0,0.0,4.2485535E-5,4.3682052E-5,6.368118E-5,1.4578339,2.0E-5,5.1713863E-4,5.317096E-4,8.3155005E-4,1.5639178,3.0E-4,0.0051593683,0.0053054015,0.006310043,1.189362,0.00101
6.1,9.913453E-6,1.0192636E-5,1.0192636E-5,1.0,0.0,4.2485535E-5,4.3682052E-5,6.368118E-5,1.4578339,2.0E-5,5.1713863E-4,5.317096E-4,8.3155005E-4,1.5639178,3.0E-4,0.0051593683,0.0053054015,0.006310043,1.189362,0.00101
6.2,4.5596407E-6,4.6965E-6,4.6965E-6,1.0,0.0,1.954117E-5,2.0127709E-5,4.0127306E-5,1.993635,2.0E-5,2.3788778E-4,2.4502858E-4,4.1498692E-4,1.6936266,1.7E-4,0.0023763329,0.0024477101,0.0028766578,1.1752443,4.3E-4
6.3,4.5596407E-6,4.6965E-6,4.6965E-6,1.0,0.0,1.954117E-5,2.0127709E-5,4.0127306E-5,1.993635,2.0E-5,2.3788778E-4,2.4502858E-4,4.1498692E-4,1.6936266,1.7E-4,0.0023763329,0.0024477101,0.0028766578,1.1752443,4.3E-4
6.4,3.4025713E-6,3.5100445E-6,3.5100445E-6,1.0,0.0,1.4582367E-5,1.5042965E-5,3.5042664E-5,2.3295052,2.0E-5,1.7752586E-4,1.8313355E-4,3.1310975E-4,1.7097344,1.3E-4,0.001773841,0.0018299093,0.0021293603,1.1636425,3.0E-4
6.5,2.8352947E-6,2.9279831E-6,2.9279831E-6,1.0,0.0,1.2151207E-5,1.2548443E-5,3.2548192E-5,2.5938032,2.0E-5,1.479309E-4,1.5276733E-4,2.5275207E-4,1.6544902,1.0E-4,0.0014783246,0.0015266971,0.0017563459,1.150422,2.3E-4
6.6,2.251518E-6,2.329174E-6,2.329174E-6,1.0,0.0,9.649328E-6,9.982141E-6,1.998204E-5,2.001779,1.0E-5,1.1747423E-4,1.2152641E-4,1.7152034E-4,1.4113832,5.0E-5,0.0011741214,0.0012146613,0.0013644791,1.1233412,1.5E-4
6.7,1.8911853E-6,1.9592333E-6,1.9592333E-6,1.0,0.0,8.105055E-6,8.39669E-6,8.39669E-6,1.0,0.0,9.867457E-5,1.02225495E-4,1.422214E-4,1.3912518,4.0E-5,9.863076E-4,0.0010218422,0.0011417196,1.1173149,1.2E-4
6.8,1.4874814E-6,1.5439082E-6,1.5439082E-6,1.0,0.0,6.374905E-6,6.6167354E-6,6.6167354E-6,1.0,0.0,7.76117E-5,8.0556296E-5,1.1055388E-4,1.3723804,3.0E-5,7.75846E-4,8.053221E-4,9.152335E-4,1.1364813,1.1E-4
6.9,6.835972E-7,7.140349E-7,7.140349E-7,1.0,0.0,2.9296991E-6,3.060148E-6,3.060148E-6,1.0,0.0,3.56685E-5,3.725698E-5,4.725661E-5,1.268396,1.0E-5,3.5662777E-4,3.7253863E-4,4.2252E-4,1.1341642,5.0E-5
