Magnitude,1 wk TI Prob,1 wk TD Prob,1 wk ETAS Prob,1 wk ETAS/TD Gain,1 wk ETAS Triggered Only,1 mo TI Prob,1 mo TD Prob,1 mo ETAS Prob,1 mo ETAS/TD Gain,1 mo ETAS Triggered Only,1 yr TI Prob,1 yr TD Prob,1 yr ETAS Prob,1 yr ETAS/TD Gain,1 yr ETAS Triggered Only,10 yr TI Prob,10 yr TD Prob,10 yr ETAS Prob,10 yr ETAS/TD Gain,10 yr ETAS Triggered Only
6.0,1.9621975E-5,2.2100408E-5,5.034837E-5,2.2781649,2.8248587E-5,8.4091465E-5,9.471335E-5,1.2295927E-4,1.2982253,2.8248587E-5,0.0010233327,0.0011526601,0.0013501723,1.1713533,1.9774011E-4,0.01018633,0.01148013,0.011982767,1.0437832,5.084746E-4
6.1,1.9621975E-5,2.2100408E-5,5.034837E-5,2.2781649,2.8248587E-5,8.4091465E-5,9.471335E-5,1.2295927E-4,1.2982253,2.8248587E-5,0.0010233327,0.0011526601,0.0013501723,1.1713533,1.9774011E-4,0.01018633,0.01148013,0.011982767,1.0437832,5.084746E-4
6.2,9.9971285E-6,1.1257332E-5,3.95056E-5,3.509322,2.8248587E-5,4.2844134E-5,4.8245107E-5,7.649233E-5,1.585494,2.8248587E-5,5.2150246E-4,5.872779E-4,7.002059E-4,1.1922905,1.1299435E-4,0.0052028033,0.005862366,0.0061993618,1.0574846,3.3898305E-4
6.3,9.589428E-6,1.0799971E-5,3.9048253E-5,3.6155887,2.8248587E-5,4.10969E-5,4.6285062E-5,7.453234E-5,1.6102893,2.8248587E-5,5.002399E-4,5.634268E-4,6.7635754E-4,1.2004354,1.1299435E-4,0.0049911533,0.0056250747,0.005962151,1.0599239,3.3898305E-4
6.4,9.589428E-6,1.0799971E-5,3.9048253E-5,3.6155887,2.8248587E-5,4.10969E-5,4.6285062E-5,7.453234E-5,1.6102893,2.8248587E-5,5.002399E-4,5.634268E-4,6.7635754E-4,1.2004354,1.1299435E-4,0.0049911533,0.0056250747,0.005962151,1.0599239,3.3898305E-4
6.5,5.557707E-6,6.2865843E-6,6.2865843E-6,1.0,0.0,2.3818526E-5,2.6942376E-5,2.6942376E-5,1.0,0.0,2.8995197E-4,3.2800096E-4,3.8447962E-4,1.1721904,5.6497174E-5,0.0028957394,0.0032778054,0.0035030534,1.0687191,2.259887E-4
6.6,4.8742945E-6,5.5141527E-6,5.5141527E-6,1.0,0.0,2.0889667E-5,2.3632016E-5,2.3632016E-5,1.0,0.0,2.54302E-4,2.87708E-4,3.1594848E-4,1.0981567,2.8248587E-5,0.002540112,0.002875925,0.0030167617,1.0489709,1.4124294E-4
6.7,3.991108E-6,4.5166194E-6,4.5166194E-6,1.0,0.0,1.7104636E-5,1.935694E-5,1.935694E-5,1.0,0.0,2.0822904E-4,2.3567074E-4,2.6391266E-4,1.1198363,2.8248587E-5,0.0020803404,0.0023567074,0.0024412535,1.0358746,8.474576E-5
