Magnitude,1 wk TI Prob,1 wk TD Prob,1 wk ETAS Prob,1 wk ETAS/TD Gain,1 wk ETAS Triggered Only,1 mo TI Prob,1 mo TD Prob,1 mo ETAS Prob,1 mo ETAS/TD Gain,1 mo ETAS Triggered Only,1 yr TI Prob,1 yr TD Prob,1 yr ETAS Prob,1 yr ETAS/TD Gain,1 yr ETAS Triggered Only,10 yr TI Prob,10 yr TD Prob,10 yr ETAS Prob,10 yr ETAS/TD Gain,10 yr ETAS Triggered Only
6.0,1.6760017E-5,1.8779532E-5,4.4552246E-5,2.372383,2.5773195E-5,7.182667E-5,8.0481885E-5,1.1913857E-4,1.4803153,3.8659793E-5,8.7413884E-4,9.795439E-4,0.0012370234,1.2628565,2.5773197E-4,0.008707083,0.009763812,0.010350807,1.0601195,5.927835E-4
6.1,9.852767E-6,1.0975077E-5,3.674799E-5,3.3483126,2.5773195E-5,4.222546E-5,4.70356E-5,7.280758E-5,1.5479251,2.5773195E-5,5.139737E-4,5.725789E-4,7.400088E-4,1.2924136,1.6752577E-4,0.005127866,0.005717997,0.0060639456,1.0605017,3.4793816E-4
6.2,9.852767E-6,1.0975077E-5,3.674799E-5,3.3483126,2.5773195E-5,4.222546E-5,4.70356E-5,7.280758E-5,1.5479251,2.5773195E-5,5.139737E-4,5.725789E-4,7.400088E-4,1.2924136,1.6752577E-4,0.005127866,0.005717997,0.0060639456,1.0605017,3.4793816E-4
6.3,4.3167724E-6,4.778638E-6,3.055171E-5,6.393393,2.5773195E-5,1.8500323E-5,2.0479847E-5,4.6252513E-5,2.2584405,2.5773195E-5,2.2521814E-4,2.4933665E-4,3.652871E-4,1.4650358,1.1597938E-4,0.0022499003,0.0024928278,0.0026727903,1.0721922,1.8041237E-4
6.4,4.3167724E-6,4.778638E-6,3.055171E-5,6.393393,2.5773195E-5,1.8500323E-5,2.0479847E-5,4.6252513E-5,2.2584405,2.5773195E-5,2.2521814E-4,2.4933665E-4,3.652871E-4,1.4650358,1.1597938E-4,0.0022499003,0.0024928278,0.0026727903,1.0721922,1.8041237E-4
6.5,4.3167724E-6,4.778638E-6,3.055171E-5,6.393393,2.5773195E-5,1.8500323E-5,2.0479847E-5,4.6252513E-5,2.2584405,2.5773195E-5,2.2521814E-4,2.4933665E-4,3.652871E-4,1.4650358,1.1597938E-4,0.0022499003,0.0024928278,0.0026727903,1.0721922,1.8041237E-4
6.6,4.301311E-6,4.7615044E-6,3.053458E-5,6.412801,2.5773195E-5,1.8434059E-5,2.0406416E-5,4.6179088E-5,2.2629688,2.5773195E-5,2.2441156E-4,2.4844284E-4,3.643934E-4,1.4667093,1.1597938E-4,0.0022418506,0.0024839097,0.002663874,1.072452,1.8041237E-4
6.7,3.8599724E-6,4.271603E-6,4.271603E-6,1.0,0.0,1.6542634E-5,1.830687E-5,1.830687E-5,1.0,0.0,2.0138794E-4,2.2288613E-4,3.001885E-4,1.3468244,7.7319586E-5,0.0020120554,0.0022288614,0.00235744,1.0576881,1.2886598E-4
