Magnitude,1 wk TI Prob,1 wk TD Prob,1 wk ETAS Prob,1 wk ETAS/TD Gain,1 wk ETAS Triggered Only,1 mo TI Prob,1 mo TD Prob,1 mo ETAS Prob,1 mo ETAS/TD Gain,1 mo ETAS Triggered Only,1 yr TI Prob,1 yr TD Prob,1 yr ETAS Prob,1 yr ETAS/TD Gain,1 yr ETAS Triggered Only,10 yr TI Prob,10 yr TD Prob,10 yr ETAS Prob,10 yr ETAS/TD Gain,10 yr ETAS Triggered Only
6.0,2.233523E-5,2.5110301E-5,2.5110301E-5,1.0,0.0,9.571891E-5,1.0761209E-4,1.0761209E-4,1.0,0.0,0.0011647546,0.0013095579,0.0013224276,1.0098275,1.2886598E-5,0.011586686,0.0130350115,0.013098604,1.0048786,6.443299E-5
6.1,2.233523E-5,2.5110301E-5,2.5110301E-5,1.0,0.0,9.571891E-5,1.0761209E-4,1.0761209E-4,1.0,0.0,0.0011647546,0.0013095579,0.0013224276,1.0098275,1.2886598E-5,0.011586686,0.0130350115,0.013098604,1.0048786,6.443299E-5
6.2,2.233523E-5,2.5110301E-5,2.5110301E-5,1.0,0.0,9.571891E-5,1.0761209E-4,1.0761209E-4,1.0,0.0,0.0011647546,0.0013095579,0.0013224276,1.0098275,1.2886598E-5,0.011586686,0.0130350115,0.013098604,1.0048786,6.443299E-5
6.3,2.233523E-5,2.5110301E-5,2.5110301E-5,1.0,0.0,9.571891E-5,1.0761209E-4,1.0761209E-4,1.0,0.0,0.0011647546,0.0013095579,0.0013224276,1.0098275,1.2886598E-5,0.011586686,0.0130350115,0.013098604,1.0048786,6.443299E-5
6.4,1.2288092E-5,1.3783107E-5,1.3783107E-5,1.0,0.0,5.2662188E-5,5.9069647E-5,5.9069647E-5,1.0,0.0,6.409735E-4,7.1902946E-4,7.1902946E-4,1.0,0.0,0.006391279,0.007176239,0.007189033,1.0017829,1.2886598E-5
6.5,1.2288092E-5,1.3783107E-5,1.3783107E-5,1.0,0.0,5.2662188E-5,5.9069647E-5,5.9069647E-5,1.0,0.0,6.409735E-4,7.1902946E-4,7.1902946E-4,1.0,0.0,0.006391279,0.007176239,0.007189033,1.0017829,1.2886598E-5
6.6,8.58281E-6,9.635178E-6,9.635178E-6,1.0,0.0,3.6782953E-5,4.1293435E-5,4.1293435E-5,1.0,0.0,4.4774043E-4,5.027148E-4,5.027148E-4,1.0,0.0,0.0044683935,0.005023939,0.0050367606,1.0025522,1.2886598E-5
6.7,7.205685E-6,8.089484E-6,8.089484E-6,1.0,0.0,3.088114E-5,3.4669218E-5,3.4669218E-5,1.0,0.0,3.7591302E-4,4.2209774E-4,4.2209774E-4,1.0,0.0,0.0037527776,0.0042209774,0.0042338097,1.0030401,1.2886598E-5
