Magnitude,1 wk TI Prob,1 wk TD Prob,1 wk ETAS Prob,1 wk ETAS/TD Gain,1 wk ETAS Triggered+TD,1 wk ETAS Triggered Only,1 mo TI Prob,1 mo TD Prob,1 mo ETAS Prob,1 mo ETAS/TD Gain,1 mo ETAS Triggered+TD,1 mo ETAS Triggered Only,1 yr TI Prob,1 yr TD Prob,1 yr ETAS Prob,1 yr ETAS/TD Gain,1 yr ETAS Triggered+TD,1 yr ETAS Triggered Only,500 yr TI Prob,500 yr TD Prob,500 yr ETAS Prob,500 yr ETAS/TD Gain,500 yr ETAS Triggered+TD,500 yr ETAS Triggered Only
6.0,1.0522846E-5,1.101248E-5,0.0,0.0,1.101248E-5,0.0,4.509713E-5,4.7195783E-5,0.001,21.188334,4.7195783E-5,0.0,5.4891926E-4,5.7450956E-4,0.001,1.7406151,5.7450956E-4,0.0,0.24007457,0.26118165,0.287,1.098852,0.27669686,0.021
6.1,1.0522846E-5,1.101248E-5,0.0,0.0,1.101248E-5,0.0,4.509713E-5,4.7195783E-5,0.001,21.188334,4.7195783E-5,0.0,5.4891926E-4,5.7450956E-4,0.001,1.7406151,5.7450956E-4,0.0,0.24007457,0.26118165,0.287,1.098852,0.27669686,0.021
6.2,2.1045846E-6,2.2025667E-6,0.0,0.0,2.2025667E-6,0.0,9.019617E-6,9.439561E-6,0.0,0.0,9.439561E-6,0.0,1.098083E-4,1.1492477E-4,0.0,0.0,1.1492477E-4,0.0,0.053426985,0.0569482,0.073,1.2818667,0.059777353,0.003
6.3,2.1045846E-6,2.2025667E-6,0.0,0.0,2.2025667E-6,0.0,9.019617E-6,9.439561E-6,0.0,0.0,9.439561E-6,0.0,1.098083E-4,1.1492477E-4,0.0,0.0,1.1492477E-4,0.0,0.053426985,0.0569482,0.073,1.2818667,0.059777353,0.003
6.4,1.7259927E-6,1.8062605E-6,0.0,0.0,1.8062605E-6,0.0,7.3970905E-6,7.741116E-6,0.0,0.0,7.741116E-6,0.0,9.005586E-5,9.424809E-5,0.0,0.0,9.424809E-5,0.0,0.044031154,0.047121957,0.06,1.2732917,0.049980592,0.003
