Magnitude,UCERF3-TI Prob,UCERF3-TD Prob,UCERF3-ETAS Prob
6.0,0.1828003,0.1972964,0.311
6.1,0.1828003,0.1972964,0.311
6.2,0.1828003,0.1972964,0.311
6.3,0.13081953,0.14145029,0.18
6.4,0.13081953,0.14145029,0.18
6.5,0.0909339,0.099041045,0.097
6.6,0.08998671,0.09803882,0.092
6.7,0.06270418,0.06882999,0.052
6.8,0.012215583,0.013359281,0.011
6.9,0.010274779,0.011251592,0.009
7.0,0.0070269736,0.0077124774,0.004
7.1,0.0038612029,0.0042491136,0.003
