Magnitude,1 wk TI Prob,1 wk TD Prob,1 wk ETAS Prob,1 wk ETAS/TD Gain,1 wk ETAS Triggered+TD,1 wk ETAS Triggered Only,1 mo TI Prob,1 mo TD Prob,1 mo ETAS Prob,1 mo ETAS/TD Gain,1 mo ETAS Triggered+TD,1 mo ETAS Triggered Only,1 yr TI Prob,1 yr TD Prob,1 yr ETAS Prob,1 yr ETAS/TD Gain,1 yr ETAS Triggered+TD,1 yr ETAS Triggered Only,500 yr TI Prob,500 yr TD Prob,500 yr ETAS Prob,500 yr ETAS/TD Gain,500 yr ETAS Triggered+TD,500 yr ETAS Triggered Only
6.0,6.5321456E-6,1.0138123E-6,0.0,0.0,1.0138123E-6,0.0,2.7994609E-5,4.3449063E-6,0.0,0.0,4.3449063E-6,0.0,3.4078106E-4,5.289859E-5,0.0,0.0,5.289859E-5,0.0,0.15668908,0.045531187,0.021,0.46122232,0.046485655,0.001
6.1,6.5321456E-6,1.0138123E-6,0.0,0.0,1.0138123E-6,0.0,2.7994609E-5,4.3449063E-6,0.0,0.0,4.3449063E-6,0.0,3.4078106E-4,5.289859E-5,0.0,0.0,5.289859E-5,0.0,0.15668908,0.045531187,0.021,0.46122232,0.046485655,0.001
6.2,6.5321456E-6,1.0138123E-6,0.0,0.0,1.0138123E-6,0.0,2.7994609E-5,4.3449063E-6,0.0,0.0,4.3449063E-6,0.0,3.4078106E-4,5.289859E-5,0.0,0.0,5.289859E-5,0.0,0.15668908,0.045531187,0.021,0.46122232,0.046485655,0.001
6.3,6.5321456E-6,1.0138123E-6,0.0,0.0,1.0138123E-6,0.0,2.7994609E-5,4.3449063E-6,0.0,0.0,4.3449063E-6,0.0,3.4078106E-4,5.289859E-5,0.0,0.0,5.289859E-5,0.0,0.15668908,0.045531187,0.021,0.46122232,0.046485655,0.001
6.4,4.6332716E-6,9.999205E-7,0.0,0.0,9.999205E-7,0.0,1.9856727E-5,4.2853703E-6,0.0,0.0,4.2853703E-6,0.0,2.4172882E-4,5.2173775E-5,0.0,0.0,5.2173775E-5,0.0,0.11385884,0.04036064,0.018,0.44597906,0.04132028,0.001
6.5,4.6332716E-6,9.999205E-7,0.0,0.0,9.999205E-7,0.0,1.9856727E-5,4.2853703E-6,0.0,0.0,4.2853703E-6,0.0,2.4172882E-4,5.2173775E-5,0.0,0.0,5.2173775E-5,0.0,0.11385884,0.04036064,0.018,0.44597906,0.04132028,0.001
6.6,2.4546039E-6,9.914243E-7,0.0,0.0,9.914243E-7,0.0,1.0519689E-5,4.248958E-6,0.0,0.0,4.248958E-6,0.0,1.2806967E-4,5.1730476E-5,0.0,0.0,5.1730476E-5,0.0,0.062031526,0.036207013,0.015,0.41428438,0.037170805,0.001
6.7,1.8511148E-6,5.988094E-7,0.0,0.0,5.988094E-7,0.0,7.933325E-6,2.566326E-6,0.0,0.0,2.566326E-6,0.0,9.658395E-5,3.1245017E-5,0.0,0.0,3.1245017E-5,0.0,0.04714669,0.023939142,0.009,0.37595332,0.024915203,0.001
