Magnitude,UCERF3-TI Prob,UCERF3-TD Prob,UCERF3-ETAS Prob
6.0,0.20420532,0.23771562,0.166
6.1,0.20420532,0.23771562,0.125
6.2,0.1764779,0.2088226,0.105
