Magnitude,UCERF3-TI Prob,UCERF3-TD Prob,UCERF3-ETAS Prob
6.0,0.3991342,0.43099198,0.285
6.1,0.3991342,0.43099198,0.285
6.2,0.3991342,0.43099198,0.285
6.3,0.3991342,0.43099198,0.285
6.4,0.3991342,0.43099198,0.285
6.5,0.2817602,0.3021454,0.193
6.6,0.2817602,0.3021454,0.193
6.7,0.2117029,0.22651233,0.134
6.8,0.20486477,0.21936736,0.134
6.9,0.16160451,0.1730795,0.095
7.0,0.1263926,0.13559148,0.076
7.1,0.10122751,0.10881369,0.063
7.2,0.05665881,0.061011527,0.027
