Magnitude,1 wk TI Prob,1 wk TD Prob,1 wk ETAS Prob,1 wk ETAS/TD Gain,1 wk ETAS Triggered+TD,1 wk ETAS Triggered Only,1 mo TI Prob,1 mo TD Prob,1 mo ETAS Prob,1 mo ETAS/TD Gain,1 mo ETAS Triggered+TD,1 mo ETAS Triggered Only,1 yr TI Prob,1 yr TD Prob,1 yr ETAS Prob,1 yr ETAS/TD Gain,1 yr ETAS Triggered+TD,1 yr ETAS Triggered Only,10 yr TI Prob,10 yr TD Prob,10 yr ETAS Prob,10 yr ETAS/TD Gain,10 yr ETAS Triggered+TD,10 yr ETAS Triggered Only
6.0,1.9621975E-5,2.2102822E-5,0.0,0.0,2.2102822E-5,0.0,8.4091465E-5,9.4723706E-5,0.0,0.0,9.4723706E-5,0.0,0.0010233327,0.001152786,0.0013,1.1277028,0.001152786,0.0,0.01018633,0.011481379,0.0119,1.0364609,0.012469897,0.001
6.1,1.9621975E-5,2.2102822E-5,0.0,0.0,2.2102822E-5,0.0,8.4091465E-5,9.4723706E-5,0.0,0.0,9.4723706E-5,0.0,0.0010233327,0.001152786,0.0013,1.1277028,0.001152786,0.0,0.01018633,0.011481379,0.0119,1.0364609,0.012469897,0.001
6.2,9.9971285E-6,1.12585585E-5,0.0,0.0,1.12585585E-5,0.0,4.2844134E-5,4.8250367E-5,0.0,0.0,4.8250367E-5,0.0,5.2150246E-4,5.873419E-4,9.0E-4,1.5323273,5.873419E-4,0.0,0.0052028033,0.005863004,0.0076,1.2962639,0.006360072,5.0E-4
6.3,9.589428E-6,1.080115E-5,0.0,0.0,1.080115E-5,0.0,4.10969E-5,4.6290115E-5,0.0,0.0,4.6290115E-5,0.0,5.002399E-4,5.6348834E-4,8.0E-4,1.4197277,5.6348834E-4,0.0,0.0049911533,0.0056256875,0.0073,1.2976191,0.0061228746,5.0E-4
6.4,9.589428E-6,1.080115E-5,0.0,0.0,1.080115E-5,0.0,4.10969E-5,4.6290115E-5,0.0,0.0,4.6290115E-5,0.0,5.002399E-4,5.6348834E-4,8.0E-4,1.4197277,5.6348834E-4,0.0,0.0049911533,0.0056256875,0.0073,1.2976191,0.0061228746,5.0E-4
6.5,5.557707E-6,6.287297E-6,0.0,0.0,6.287297E-6,0.0,2.3818526E-5,2.6945432E-5,0.0,0.0,2.6945432E-5,0.0,2.8995197E-4,3.2803815E-4,5.0E-4,1.524213,3.2803815E-4,0.0,0.0028957394,0.0032781768,0.0043,1.3117048,0.0037765377,5.0E-4
6.6,4.8742945E-6,5.5147784E-6,0.0,0.0,5.5147784E-6,0.0,2.0889667E-5,2.3634697E-5,0.0,0.0,2.3634697E-5,0.0,2.54302E-4,2.8774067E-4,5.0E-4,1.7376759,2.8774067E-4,0.0,0.002540112,0.0028762512,0.0033,1.1473267,0.0033748131,5.0E-4
6.7,3.991108E-6,4.517133E-6,0.0,0.0,4.517133E-6,0.0,1.7104636E-5,1.9359142E-5,0.0,0.0,1.9359142E-5,0.0,2.0822904E-4,2.3569756E-4,3.0E-4,1.2728176,2.3569756E-4,0.0,0.0020803404,0.0023569756,0.0024,1.018254,0.0027560329,4.0E-4
