Magnitude,1 wk TI Prob,1 wk TD Prob,1 wk ETAS Prob,1 wk ETAS/TD Gain,1 wk ETAS Triggered+TD,1 wk ETAS Triggered Only,1 mo TI Prob,1 mo TD Prob,1 mo ETAS Prob,1 mo ETAS/TD Gain,1 mo ETAS Triggered+TD,1 mo ETAS Triggered Only,1 yr TI Prob,1 yr TD Prob,1 yr ETAS Prob,1 yr ETAS/TD Gain,1 yr ETAS Triggered+TD,1 yr ETAS Triggered Only,10 yr TI Prob,10 yr TD Prob,10 yr ETAS Prob,10 yr ETAS/TD Gain,10 yr ETAS Triggered+TD,10 yr ETAS Triggered Only
6.0,1.5673151E-5,1.1749558E-5,0.0,0.0,1.1749558E-5,0.0,6.716892E-5,5.0355004E-5,0.0,0.0,5.0355004E-5,0.0,8.1747473E-4,6.1302865E-4,3.0E-4,0.48937356,7.129673E-4,1.0E-4,0.008144741,0.006126016,0.0042,0.6856005,0.006821728,7.0E-4
6.1,1.5673151E-5,1.1749558E-5,0.0,0.0,1.1749558E-5,0.0,6.716892E-5,5.0355004E-5,0.0,0.0,5.0355004E-5,0.0,8.1747473E-4,6.1302865E-4,3.0E-4,0.48937356,7.129673E-4,1.0E-4,0.008144741,0.006126016,0.0042,0.6856005,0.006821728,7.0E-4
6.2,1.5673151E-5,1.1749558E-5,0.0,0.0,1.1749558E-5,0.0,6.716892E-5,5.0355004E-5,0.0,0.0,5.0355004E-5,0.0,8.1747473E-4,6.1302865E-4,3.0E-4,0.48937356,7.129673E-4,1.0E-4,0.008144741,0.006126016,0.0042,0.6856005,0.006821728,7.0E-4
6.3,1.5673151E-5,1.1749558E-5,0.0,0.0,1.1749558E-5,0.0,6.716892E-5,5.0355004E-5,0.0,0.0,5.0355004E-5,0.0,8.1747473E-4,6.1302865E-4,3.0E-4,0.48937356,7.129673E-4,1.0E-4,0.008144741,0.006126016,0.0042,0.6856005,0.006821728,7.0E-4
6.4,1.5673151E-5,1.1749558E-5,0.0,0.0,1.1749558E-5,0.0,6.716892E-5,5.0355004E-5,0.0,0.0,5.0355004E-5,0.0,8.1747473E-4,6.1302865E-4,3.0E-4,0.48937356,7.129673E-4,1.0E-4,0.008144741,0.006126016,0.0042,0.6856005,0.006821728,7.0E-4
6.5,1.36191375E-5,1.007816E-5,0.0,0.0,1.007816E-5,0.0,5.8366426E-5,4.319211E-5,0.0,0.0,4.319211E-5,0.0,7.103795E-4,5.2586396E-4,3.0E-4,0.57048976,6.258114E-4,1.0E-4,0.0070811296,0.00525864,0.0037,0.70360404,0.0058554844,6.0E-4
