Magnitude,1 wk TI Prob,1 wk TD Prob,1 wk ETAS Prob,1 wk ETAS/TD Gain,1 wk ETAS Triggered+TD,1 wk ETAS Triggered Only,1 mo TI Prob,1 mo TD Prob,1 mo ETAS Prob,1 mo ETAS/TD Gain,1 mo ETAS Triggered+TD,1 mo ETAS Triggered Only,1 yr TI Prob,1 yr TD Prob,1 yr ETAS Prob,1 yr ETAS/TD Gain,1 yr ETAS Triggered+TD,1 yr ETAS Triggered Only,10 yr TI Prob,10 yr TD Prob,10 yr ETAS Prob,10 yr ETAS/TD Gain,10 yr ETAS Triggered+TD,10 yr ETAS Triggered Only
6.0,2.2591947E-5,2.519519E-5,0.0,0.0,2.519519E-5,0.0,9.6819036E-5,1.07975364E-4,0.0,0.0,1.07975364E-4,0.0,0.0011781343,0.0013138864,3.0E-4,0.22833025,0.0016134921,3.0E-4,0.011719079,0.013069131,0.0027,0.20659368,0.015733846,0.0027
6.1,2.2591947E-5,2.519519E-5,0.0,0.0,2.519519E-5,0.0,9.6819036E-5,1.07975364E-4,0.0,0.0,1.07975364E-4,0.0,0.0011781343,0.0013138864,3.0E-4,0.22833025,0.0016134921,3.0E-4,0.011719079,0.013069131,0.0025,0.19129044,0.015536459,0.0025
6.2,1.3775145E-5,1.5326394E-5,0.0,0.0,1.5326394E-5,0.0,5.9035E-5,6.568303E-5,0.0,0.0,6.568303E-5,0.0,7.185141E-4,7.994217E-4,1.0E-4,0.12509044,8.993417E-4,1.0E-4,0.0071619535,0.00796788,0.0015,0.18825586,0.009455928,0.0015
6.3,9.705435E-6,1.07708065E-5,0.0,0.0,1.07708065E-5,0.0,4.1594063E-5,4.6159854E-5,0.0,0.0,4.6159854E-5,0.0,5.0629E-4,5.618637E-4,1.0E-4,0.17797911,6.6180754E-4,1.0E-4,0.005051381,0.0056056627,0.001,0.17839104,0.0066000572,0.001
6.4,7.2549733E-6,8.029053E-6,0.0,0.0,8.029053E-6,0.0,3.109237E-5,3.4409815E-5,0.0,0.0,3.4409815E-5,0.0,3.7848388E-4,4.1886696E-4,1.0E-4,0.2387393,5.188251E-4,1.0E-4,0.003778399,0.004181562,0.001,0.23914509,0.0051773805,0.001
6.5,5.983293E-6,6.61448E-6,0.0,0.0,6.61448E-6,0.0,2.5642432E-5,2.8347502E-5,0.0,0.0,2.8347502E-5,0.0,3.1215188E-4,3.450829E-4,1.0E-4,0.28978544,4.4504838E-4,1.0E-4,0.0031171376,0.0034461333,9.0E-4,0.26116228,0.004343032,9.0E-4
6.6,4.0336154E-6,4.45879E-6,0.0,0.0,4.45879E-6,0.0,1.728681E-5,1.9108984E-5,0.0,0.0,1.9108984E-5,0.0,2.1044657E-4,2.3263106E-4,0.0,0.0,2.3263106E-4,0.0,0.002102474,0.0023242715,2.0E-4,0.08604847,0.0025238066,2.0E-4
6.7,1.5832104E-6,1.7820788E-6,0.0,0.0,1.7820788E-6,0.0,6.7851697E-6,7.63746E-6,0.0,0.0,7.63746E-6,0.0,8.260631E-5,9.298237E-5,0.0,0.0,9.298237E-5,0.0,8.2575605E-4,9.294614E-4,1.0E-4,0.10758919,0.0010293684,1.0E-4
6.8,7.5177275E-7,8.592854E-7,0.0,0.0,8.592854E-7,0.0,3.221879E-6,3.6826475E-6,0.0,0.0,3.6826475E-6,0.0,3.9225673E-5,4.483548E-5,0.0,0.0,4.483548E-5,0.0,3.921875E-4,4.482809E-4,1.0E-4,0.22307442,5.482361E-4,1.0E-4
