Magnitude,UCERF3-TI Prob,UCERF3-TD Prob,UCERF3-ETAS Prob
6.0,0.12374372,0.12649508,0.086
6.1,0.12374372,0.12649508,0.077
6.2,0.08189914,0.083527595,0.05
6.3,0.0604277,0.061572347,0.038
6.4,0.046834342,0.04769509,0.027
6.5,0.039276272,0.03998705,0.023
6.6,0.033288993,0.033886455,0.02
6.7,0.023747325,0.024169095,0.017
6.8,0.016966727,0.017268661,0.012
6.9,0.012078844,0.012296303,0.007
7.0,0.006300421,0.0064171045,0.004
