Magnitude,1 wk TI Prob,1 wk TD Prob,1 wk ETAS Prob,1 wk ETAS/TD Gain,1 wk ETAS Triggered Only,1 mo TI Prob,1 mo TD Prob,1 mo ETAS Prob,1 mo ETAS/TD Gain,1 mo ETAS Triggered Only,1 yr TI Prob,1 yr TD Prob,1 yr ETAS Prob,1 yr ETAS/TD Gain,1 yr ETAS Triggered Only,10 yr TI Prob,10 yr TD Prob,10 yr ETAS Prob,10 yr ETAS/TD Gain,10 yr ETAS Triggered Only
6.0,1.9621975E-5,2.2097078E-5,8.209575E-5,3.7152312,6.0E-5,8.4091465E-5,9.4699084E-5,1.7469151E-4,1.8447012,8.0E-5,0.0010233327,0.0011524865,0.0012723482,1.1040027,1.2E-4,0.01018633,0.011478408,0.011725538,1.02153,2.5E-4
6.1,1.9621975E-5,2.2097078E-5,8.209575E-5,3.7152312,6.0E-5,8.4091465E-5,9.4699084E-5,1.7469151E-4,1.8447012,8.0E-5,0.0010233327,0.0011524865,0.0012723482,1.1040027,1.2E-4,0.01018633,0.011478408,0.011725538,1.02153,2.5E-4
6.2,9.9971285E-6,1.1255639E-5,5.125519E-5,4.5537343,4.0E-5,4.2844134E-5,4.8237856E-5,1.0823496E-4,2.2437763,6.0E-5,5.2150246E-4,5.871896E-4,6.5714854E-4,1.1191419,7.0E-5,0.0052028033,0.005861487,0.0060205488,1.0271368,1.6E-4
6.3,9.589428E-6,1.0798346E-5,5.0797913E-5,4.704231,4.0E-5,4.10969E-5,4.6278095E-5,9.6275784E-5,2.0803747,5.0E-5,5.002399E-4,5.6334207E-4,6.2330824E-4,1.1064472,6.0E-5,0.0049911533,0.0056242296,0.005773386,1.0265204,1.5E-4
6.4,9.589428E-6,1.0798346E-5,5.0797913E-5,4.704231,4.0E-5,4.10969E-5,4.6278095E-5,9.6275784E-5,2.0803747,5.0E-5,5.002399E-4,5.6334207E-4,6.2330824E-4,1.1064472,6.0E-5,0.0049911533,0.0056242296,0.005773386,1.0265204,1.5E-4
6.5,5.557707E-6,6.2856016E-6,3.628541E-5,5.772783,3.0E-5,2.3818526E-5,2.6938165E-5,6.6937086E-5,2.484842,4.0E-5,2.8995197E-4,3.2794967E-4,3.779333E-4,1.1524124,5.0E-5,0.0028957394,0.0032772934,0.003386933,1.0334543,1.1E-4
6.6,4.8742945E-6,5.5132896E-6,2.551318E-5,4.6275783,2.0E-5,2.0889667E-5,2.3628318E-5,5.362761E-5,2.269633,3.0E-5,2.54302E-4,2.87663E-4,3.2765148E-4,1.1390116,4.0E-5,0.002540112,0.0028754752,0.0029751877,1.0346769,1.0E-4
6.7,3.991108E-6,4.5159104E-6,2.451582E-5,5.428766,2.0E-5,1.7104636E-5,1.9353902E-5,4.935332E-5,2.550045,3.0E-5,2.0822904E-4,2.3563375E-4,2.7562433E-4,1.1697149,4.0E-5,0.0020803404,0.0023563374,0.002436149,1.0338709,8.0E-5
