Magnitude,1 wk TI Prob,1 wk TD Prob,1 wk ETAS Prob,1 wk ETAS/TD Gain,1 wk ETAS Triggered Only,1 mo TI Prob,1 mo TD Prob,1 mo ETAS Prob,1 mo ETAS/TD Gain,1 mo ETAS Triggered Only,1 yr TI Prob,1 yr TD Prob,1 yr ETAS Prob,1 yr ETAS/TD Gain,1 yr ETAS Triggered Only,10 yr TI Prob,10 yr TD Prob,10 yr ETAS Prob,10 yr ETAS/TD Gain,10 yr ETAS Triggered Only
6.0,3.5090034E-5,4.0364324E-5,1.7768712E-4,4.4020834,1.3732834E-4,1.503772E-4,1.7297994E-4,3.726957E-4,2.1545603,1.9975031E-4,0.0018293047,0.0021042528,0.0025029127,1.1894544,3.9950063E-4,0.018143194,0.020869201,0.021431498,1.0269439,5.7428214E-4
6.1,3.5090034E-5,4.0364324E-5,1.7768712E-4,4.4020834,1.3732834E-4,1.503772E-4,1.7297994E-4,3.726957E-4,2.1545603,1.9975031E-4,0.0018293047,0.0021042528,0.0025029127,1.1894544,3.9950063E-4,0.018143194,0.020869201,0.021431498,1.0269439,5.7428214E-4
6.2,1.841879E-5,2.1059794E-5,1.3341698E-4,6.335151,1.1235955E-4,7.8935285E-5,9.025371E-5,2.2756966E-4,2.5214438,1.3732834E-4,9.606133E-4,0.001098387,0.0013228592,1.2043654,2.247191E-4,0.0095647145,0.010939667,0.011273058,1.0304754,3.3707864E-4
6.3,1.841879E-5,2.1059794E-5,1.3341698E-4,6.335151,1.1235955E-4,7.8935285E-5,9.025371E-5,2.2756966E-4,2.5214438,1.3732834E-4,9.606133E-4,0.001098387,0.0013228592,1.2043654,2.247191E-4,0.0095647145,0.010939667,0.011273058,1.0304754,3.3707864E-4
6.4,1.712201E-5,1.9565212E-5,1.0695426E-4,5.4665527,8.739076E-5,7.337798E-5,8.3848776E-5,1.961989E-4,2.3399136,1.1235955E-4,8.930107E-4,0.0010204813,0.0012075561,1.1833202,1.8726592E-4,0.008894307,0.010167871,0.010464449,1.0291682,2.9962548E-4
6.5,1.4744935E-5,1.6836972E-5,9.174208E-5,5.448847,7.490637E-5,6.3191044E-5,7.215698E-5,1.7202493E-4,2.3840373,9.987516E-5,7.6907943E-4,8.7825063E-4,0.0010404052,1.1846336,1.6229713E-4,0.007664232,0.008756994,0.0090168705,1.0296764,2.6217228E-4
6.6,1.2017839E-5,1.37240895E-5,7.61452E-5,5.5482883,6.2421976E-5,5.150401E-5,5.88167E-5,1.4620232E-4,2.485728,8.739076E-5,6.268809E-4,7.159466E-4,8.6565205E-4,1.2091014,1.4981274E-4,0.0062511545,0.0071450938,0.0073929974,1.0346956,2.496879E-4
6.7,1.00956095E-5,1.1533517E-5,6.147052E-5,5.329729,4.993758E-5,4.326618E-5,4.942891E-5,1.2433158E-4,2.5153615,7.490637E-5,5.266384E-4,6.017178E-4,7.389635E-4,1.2280898,1.3732834E-4,0.005253921,0.0060094125,0.0062327813,1.0371698,2.247191E-4
