Magnitude,UCERF3-TI Prob,UCERF3-TD Prob,UCERF3-ETAS Prob
6.0,0.40487745,0.4453325,0.357
6.1,0.40487745,0.4453325,0.357
6.2,0.40487745,0.4453325,0.357
6.3,0.2517699,0.2763527,0.221
6.4,0.2517699,0.2763527,0.221
6.5,0.14719625,0.16167732,0.13
6.6,0.1408124,0.15495558,0.128
6.7,0.119651,0.1321989,0.108
6.8,0.045349218,0.04948564,0.034
6.9,0.019493284,0.021355724,0.008
7.0,0.017732618,0.019437118,0.008
