Magnitude,1 wk TI Prob,1 wk TD Prob,1 wk ETAS Prob,1 wk ETAS/TD Gain,1 wk ETAS Triggered+TD,1 wk ETAS Triggered Only,1 mo TI Prob,1 mo TD Prob,1 mo ETAS Prob,1 mo ETAS/TD Gain,1 mo ETAS Triggered+TD,1 mo ETAS Triggered Only,1 yr TI Prob,1 yr TD Prob,1 yr ETAS Prob,1 yr ETAS/TD Gain,1 yr ETAS Triggered+TD,1 yr ETAS Triggered Only,500 yr TI Prob,500 yr TD Prob,500 yr ETAS Prob,500 yr ETAS/TD Gain,500 yr ETAS Triggered+TD,500 yr ETAS Triggered Only
6.0,3.5090034E-5,4.005118E-5,0.0,0.0,4.005118E-5,0.0,1.503772E-4,1.7163805E-4,0.0,0.0,1.7163805E-4,0.0,0.0018293047,0.0020879437,0.001,0.4789401,0.0020879437,0.0,0.5996796,0.65790313,0.553,0.8405493,0.66303456,0.015
6.1,3.5090034E-5,4.005118E-5,0.0,0.0,4.005118E-5,0.0,1.503772E-4,1.7163805E-4,0.0,0.0,1.7163805E-4,0.0,0.0018293047,0.0020879437,0.001,0.4789401,0.0020879437,0.0,0.5996796,0.65790313,0.553,0.8405493,0.66303456,0.015
6.2,1.841879E-5,2.0903959E-5,0.0,0.0,2.0903959E-5,0.0,7.8935285E-5,8.958588E-5,0.0,0.0,8.958588E-5,0.0,9.606133E-4,0.0010902629,0.0,0.0,0.0010902629,0.0,0.38154912,0.42837238,0.354,0.82638377,0.43351704,0.009
6.3,1.841879E-5,2.0903959E-5,0.0,0.0,2.0903959E-5,0.0,7.8935285E-5,8.958588E-5,0.0,0.0,8.958588E-5,0.0,9.606133E-4,0.0010902629,0.0,0.0,0.0010902629,0.0,0.38154912,0.42837238,0.354,0.82638377,0.43351704,0.009
6.4,1.712201E-5,1.9421133E-5,0.0,0.0,1.9421133E-5,0.0,7.337798E-5,8.323133E-5,0.0,0.0,8.323133E-5,0.0,8.930107E-4,0.0010129694,0.0,0.0,0.0010129694,0.0,0.36026728,0.40673885,0.331,0.81379,0.41148493,0.008
6.5,1.4744935E-5,1.6713679E-5,0.0,0.0,1.6713679E-5,0.0,6.3191044E-5,7.162861E-5,0.0,0.0,7.162861E-5,0.0,7.6907943E-4,8.718215E-4,0.0,0.0,8.718215E-4,0.0,0.3193368,0.3641449,0.293,0.80462474,0.36923176,0.008
6.6,1.2017839E-5,1.362352E-5,0.0,0.0,1.362352E-5,0.0,5.150401E-5,5.83857E-5,0.0,0.0,5.83857E-5,0.0,6.268809E-4,7.1070134E-4,0.0,0.0,7.1070134E-4,0.0,0.26914394,0.31200135,0.254,0.814099,0.31750536,0.008
6.7,1.00956095E-5,1.1448734E-5,0.0,0.0,1.1448734E-5,0.0,4.326618E-5,4.9065562E-5,0.0,0.0,4.9065562E-5,0.0,5.266384E-4,5.972952E-4,0.0,0.0,5.972952E-4,0.0,0.23155676,0.27304366,0.219,0.8020695,0.27885932,0.008
