Magnitude,UCERF3-TI Prob,UCERF3-TD Prob,UCERF3-ETAS Prob
6.0,0.40349331,0.44140896,0.32
6.1,0.40349331,0.44140896,0.32
6.2,0.40349331,0.44140896,0.32
6.3,0.32990623,0.36450553,0.266
6.4,0.32990623,0.36450553,0.266
6.5,0.30940497,0.343287,0.253
6.6,0.29630256,0.32975256,0.238
6.7,0.2881532,0.32125276,0.232
6.8,0.13807777,0.1565287,0.094
6.9,0.10811646,0.124317445,0.073
