Magnitude,1 wk TI Prob,1 wk TD Prob,1 wk ETAS Prob,1 wk ETAS/TD Gain,1 wk ETAS Triggered+TD,1 wk ETAS Triggered Only,1 mo TI Prob,1 mo TD Prob,1 mo ETAS Prob,1 mo ETAS/TD Gain,1 mo ETAS Triggered+TD,1 mo ETAS Triggered Only,1 yr TI Prob,1 yr TD Prob,1 yr ETAS Prob,1 yr ETAS/TD Gain,1 yr ETAS Triggered+TD,1 yr ETAS Triggered Only,500 yr TI Prob,500 yr TD Prob,500 yr ETAS Prob,500 yr ETAS/TD Gain,500 yr ETAS Triggered+TD,500 yr ETAS Triggered Only
6.0,1.9810619E-5,2.29141E-5,0.0,0.0,2.29141E-5,0.0,8.489989E-5,9.820241E-5,0.0,0.0,9.820241E-5,0.0,0.001033166,0.0011954576,0.0,0.0,0.0011954576,0.0,0.40360376,0.52228713,0.317,0.6069459,0.52467567,0.005
6.1,1.9810619E-5,2.29141E-5,0.0,0.0,2.29141E-5,0.0,8.489989E-5,9.820241E-5,0.0,0.0,9.820241E-5,0.0,0.001033166,0.0011954576,0.0,0.0,0.0011954576,0.0,0.40360376,0.52228713,0.317,0.6069459,0.52467567,0.005
6.2,1.9810619E-5,2.29141E-5,0.0,0.0,2.29141E-5,0.0,8.489989E-5,9.820241E-5,0.0,0.0,9.820241E-5,0.0,0.001033166,0.0011954576,0.0,0.0,0.0011954576,0.0,0.40360376,0.52228713,0.317,0.6069459,0.52467567,0.005
6.3,1.9810619E-5,2.29141E-5,0.0,0.0,2.29141E-5,0.0,8.489989E-5,9.820241E-5,0.0,0.0,9.820241E-5,0.0,0.001033166,0.0011954576,0.0,0.0,0.0011954576,0.0,0.40360376,0.52228713,0.317,0.6069459,0.52467567,0.005
6.4,1.9810619E-5,2.29141E-5,0.0,0.0,2.29141E-5,0.0,8.489989E-5,9.820241E-5,0.0,0.0,9.820241E-5,0.0,0.001033166,0.0011954576,0.0,0.0,0.0011954576,0.0,0.40360376,0.52228713,0.317,0.6069459,0.52467567,0.005
6.5,1.7190405E-5,1.9878726E-5,0.0,0.0,1.9878726E-5,0.0,7.367108E-5,8.519454E-5,0.0,0.0,8.519454E-5,0.0,8.9657627E-4,0.0010372434,0.0,0.0,0.0010372434,0.0,0.36140782,0.48495823,0.285,0.58767945,0.48650336,0.003
6.6,1.7190405E-5,1.9878726E-5,0.0,0.0,1.9878726E-5,0.0,7.367108E-5,8.519454E-5,0.0,0.0,8.519454E-5,0.0,8.9657627E-4,0.0010372434,0.0,0.0,0.0010372434,0.0,0.36140782,0.48495823,0.285,0.58767945,0.48650336,0.003
