Magnitude,1 wk TI Prob,1 wk TD Prob,1 wk ETAS Prob,1 wk ETAS/TD Gain,1 wk ETAS Triggered+TD,1 wk ETAS Triggered Only,1 mo TI Prob,1 mo TD Prob,1 mo ETAS Prob,1 mo ETAS/TD Gain,1 mo ETAS Triggered+TD,1 mo ETAS Triggered Only,1 yr TI Prob,1 yr TD Prob,1 yr ETAS Prob,1 yr ETAS/TD Gain,1 yr ETAS Triggered+TD,1 yr ETAS Triggered Only,500 yr TI Prob,500 yr TD Prob,500 yr ETAS Prob,500 yr ETAS/TD Gain,500 yr ETAS Triggered+TD,500 yr ETAS Triggered Only
6.0,9.102099E-5,8.6759756E-5,0.0,0.0,8.6759756E-5,0.0,3.9003167E-4,3.717796E-4,0.0,0.0,3.717796E-4,0.0,0.0047383,0.0045179245,0.0025873221,0.5726794,0.0058057406,0.0012936611,0.90696514,0.85561323,0.9042691,1.0568666,0.86252433,0.047865458
6.1,3.8306698E-5,3.9785868E-5,0.0,0.0,3.9785868E-5,0.0,1.6416123E-4,1.7050345E-4,0.0,0.0,1.7050345E-4,0.0,0.0019968306,0.0020743671,0.0,0.0,0.0020743671,0.0,0.6319047,0.5596143,0.6080207,1.0864996,0.56759024,0.018111255
6.2,3.8306698E-5,3.9785868E-5,0.0,0.0,3.9785868E-5,0.0,1.6416123E-4,1.7050345E-4,0.0,0.0,1.7050345E-4,0.0,0.0019968306,0.0020743671,0.0,0.0,0.0020743671,0.0,0.6319047,0.5596143,0.6080207,1.0864996,0.56759024,0.018111255
6.3,3.3197924E-5,3.5039087E-5,0.0,0.0,3.5039087E-5,0.0,1.4226905E-4,1.5016251E-4,0.0,0.0,1.5016251E-4,0.0,0.0017307495,0.0018272208,0.0,0.0,0.0018272208,0.0,0.57942164,0.51541513,0.54592496,1.0591947,0.521684,0.012936611
6.4,2.5148964E-5,2.6238595E-5,0.0,0.0,2.6238595E-5,0.0,1.0777682E-4,1.1244962E-4,0.0,0.0,1.1244962E-4,0.0,0.0013113929,0.001368807,0.0,0.0,0.001368807,0.0,0.48114288,0.4327554,0.43596378,1.0074139,0.43935978,0.01164295
6.5,2.5148964E-5,2.6238595E-5,0.0,0.0,2.6238595E-5,0.0,1.0777682E-4,1.1244962E-4,0.0,0.0,1.1244962E-4,0.0,0.0013113929,0.001368807,0.0,0.0,0.001368807,0.0,0.48114288,0.4327554,0.43596378,1.0074139,0.43935978,0.01164295
