Magnitude,UCERF3-TI Prob,UCERF3-TD Prob,UCERF3-ETAS Prob
6.0,0.6215107,0.66595113,0.586
6.1,0.50945795,0.5485438,0.477
6.2,0.50945795,0.5485438,0.477
6.3,0.41494375,0.44906434,0.394
6.4,0.41494375,0.44906434,0.394
6.5,0.37114903,0.40337062,0.351
6.6,0.34592536,0.37712964,0.329
6.7,0.28858984,0.31699142,0.275
6.8,0.23818669,0.2628932,0.215
6.9,0.18071403,0.20048852,0.153
7.0,0.097210445,0.10831558,0.076
7.1,0.040928528,0.04581083,0.031
