Magnitude,UCERF3-TI Prob,UCERF3-TD Prob,UCERF3-ETAS Prob
6.0,0.5456887,0.5031837,0.37
6.1,0.5456887,0.5031837,0.37
6.2,0.5456887,0.5031837,0.37
6.3,0.4142073,0.33831817,0.225
6.4,0.4142073,0.33831817,0.225
6.5,0.3634999,0.2801457,0.182
6.6,0.3282659,0.23962677,0.146
6.7,0.28758577,0.19770886,0.112
6.8,0.23671684,0.146459,0.082
6.9,0.20547493,0.1261059,0.065
7.0,0.16306894,0.09691409,0.043
7.1,0.14125559,0.085183784,0.038
7.2,0.105608396,0.06414565,0.027
7.3,0.04787365,0.031941116,0.019
