Magnitude,UCERF3-TI Prob,UCERF3-TD Prob,UCERF3-ETAS Prob
6.0,0.10677096,0.11678884,0.064
6.1,0.10677096,0.11678884,0.058
