Magnitude,1 wk TI Prob,1 wk TD Prob,1 wk ETAS Prob,1 wk ETAS/TD Gain,1 wk ETAS Triggered Only,1 mo TI Prob,1 mo TD Prob,1 mo ETAS Prob,1 mo ETAS/TD Gain,1 mo ETAS Triggered Only,1 yr TI Prob,1 yr TD Prob,1 yr ETAS Prob,1 yr ETAS/TD Gain,1 yr ETAS Triggered Only,10 yr TI Prob,10 yr TD Prob,10 yr ETAS Prob,10 yr ETAS/TD Gain,10 yr ETAS Triggered Only
6.0,6.222801E-6,6.439381E-6,1.1233351E-4,17.444767,1.0589481E-4,2.6668875E-5,2.7597147E-5,1.3348904E-4,4.8370595,1.0589481E-4,3.2464517E-4,3.3595937E-4,4.7710503E-4,1.4201272,1.4119309E-4,0.0032417132,0.0033560768,0.0034967961,1.0419297,1.4119309E-4
6.1,6.222801E-6,6.439381E-6,1.1233351E-4,17.444767,1.0589481E-4,2.6668875E-5,2.7597147E-5,1.3348904E-4,4.8370595,1.0589481E-4,3.2464517E-4,3.3595937E-4,4.7710503E-4,1.4201272,1.4119309E-4,0.0032417132,0.0033560768,0.0034967961,1.0419297,1.4119309E-4
6.2,6.222801E-6,6.439381E-6,1.1233351E-4,17.444767,1.0589481E-4,2.6668875E-5,2.7597147E-5,1.3348904E-4,4.8370595,1.0589481E-4,3.2464517E-4,3.3595937E-4,4.7710503E-4,1.4201272,1.4119309E-4,0.0032417132,0.0033560768,0.0034967961,1.0419297,1.4119309E-4
6.3,6.222801E-6,6.439381E-6,1.1233351E-4,17.444767,1.0589481E-4,2.6668875E-5,2.7597147E-5,1.3348904E-4,4.8370595,1.0589481E-4,3.2464517E-4,3.3595937E-4,4.7710503E-4,1.4201272,1.4119309E-4,0.0032417132,0.0033560768,0.0034967961,1.0419297,1.4119309E-4
6.4,6.222801E-6,6.439381E-6,1.1233351E-4,17.444767,1.0589481E-4,2.6668875E-5,2.7597147E-5,1.3348904E-4,4.8370595,1.0589481E-4,3.2464517E-4,3.3595937E-4,4.7710503E-4,1.4201272,1.4119309E-4,0.0032417132,0.0033560768,0.0034967961,1.0419297,1.4119309E-4
6.5,2.8528623E-6,2.9521684E-6,3.8250335E-5,12.956692,3.529827E-5,1.22264955E-5,1.2652138E-5,4.794996E-5,3.7898703,3.529827E-5,1.4884741E-4,1.540376E-4,1.8933043E-4,1.2291183,3.529827E-5,0.0014874774,0.0015401616,0.0015754055,1.0228833,3.529827E-5
6.6,2.8528623E-6,2.9521684E-6,3.8250335E-5,12.956692,3.529827E-5,1.22264955E-5,1.2652138E-5,4.794996E-5,3.7898703,3.529827E-5,1.4884741E-4,1.540376E-4,1.8933043E-4,1.2291183,3.529827E-5,0.0014874774,0.0015401616,0.0015754055,1.0228833,3.529827E-5
6.7,2.541E-6,2.6293578E-6,3.7927537E-5,14.424638,3.529827E-5,1.0889954E-5,1.1268677E-5,4.656655E-5,4.1323886,3.529827E-5,1.3257713E-4,1.3719614E-4,1.7248957E-4,1.2572479,3.529827E-5,0.0013249806,0.0013719613,0.0014072112,1.025693,3.529827E-5
