Magnitude,1 wk TI Prob,1 wk TD Prob,1 wk ETAS Prob,1 wk ETAS/TD Gain,1 wk ETAS Triggered Only,1 mo TI Prob,1 mo TD Prob,1 mo ETAS Prob,1 mo ETAS/TD Gain,1 mo ETAS Triggered Only,1 yr TI Prob,1 yr TD Prob,1 yr ETAS Prob,1 yr ETAS/TD Gain,1 yr ETAS Triggered Only,10 yr TI Prob,10 yr TD Prob,10 yr ETAS Prob,10 yr ETAS/TD Gain,10 yr ETAS Triggered Only
6.0,2.196852E-5,2.3604485E-5,3.360425E-5,1.4236383,1.0E-5,9.4147406E-5,1.01158665E-4,1.1115765E-4,1.0988446,1.0E-5,0.0011456419,0.0012309998,0.0012609628,1.0243404,3.0E-5,0.011397537,0.012250669,0.012280302,1.0024189,3.0E-5
6.1,9.992795E-6,1.071189E-5,2.0711783E-5,1.9335321,1.0E-5,4.2825563E-5,4.5907396E-5,5.5906938E-5,1.2178198,1.0E-5,5.2127644E-4,5.587975E-4,5.887808E-4,1.0536567,3.0E-5,0.0052005537,0.0055757347,0.0056055672,1.0053505,3.0E-5
6.2,9.992795E-6,1.071189E-5,2.0711783E-5,1.9335321,1.0E-5,4.2825563E-5,4.5907396E-5,5.5906938E-5,1.2178198,1.0E-5,5.2127644E-4,5.587975E-4,5.887808E-4,1.0536567,3.0E-5,0.0052005537,0.0055757347,0.0056055672,1.0053505,3.0E-5
6.3,4.6127884E-6,4.942657E-6,1.4942608E-5,3.0231934,1.0E-5,1.9768944E-5,2.1182668E-5,3.118246E-5,1.472074,1.0E-5,2.406603E-4,2.5787292E-4,2.6787035E-4,1.0387688,1.0E-5,0.0024039985,0.0025761751,0.0025861494,1.0038717,1.0E-5
6.4,4.6127884E-6,4.942657E-6,1.4942608E-5,3.0231934,1.0E-5,1.9768944E-5,2.1182668E-5,3.118246E-5,1.472074,1.0E-5,2.406603E-4,2.5787292E-4,2.6787035E-4,1.0387688,1.0E-5,0.0024039985,0.0025761751,0.0025861494,1.0038717,1.0E-5
6.5,2.716712E-6,2.9111113E-6,2.9111113E-6,1.0,0.0,1.1643E-5,1.24761455E-5,1.24761455E-5,1.0,0.0,1.417443E-4,1.5188892E-4,1.5188892E-4,1.0,0.0,0.0014165393,0.001518089,0.001518089,1.0,0.0
6.6,1.3818255E-6,1.4820689E-6,1.4820689E-6,1.0,0.0,5.922096E-6,6.3517155E-6,6.3517155E-6,1.0,0.0,7.209913E-5,7.7330624E-5,7.7330624E-5,1.0,0.0,7.2075747E-4,7.7315804E-4,7.7315804E-4,1.0,0.0
