Magnitude,1 wk TI Prob,1 wk TD Prob,1 wk ETAS Prob,1 wk ETAS/TD Gain,1 wk ETAS Triggered Only,1 mo TI Prob,1 mo TD Prob,1 mo ETAS Prob,1 mo ETAS/TD Gain,1 mo ETAS Triggered Only,1 yr TI Prob,1 yr TD Prob,1 yr ETAS Prob,1 yr ETAS/TD Gain,1 yr ETAS Triggered Only,10 yr TI Prob,10 yr TD Prob,10 yr ETAS Prob,10 yr ETAS/TD Gain,10 yr ETAS Triggered Only
6.0,8.258278E-6,8.551265E-6,4.4250683E-4,51.74753,4.339593E-4,3.539214E-5,3.6647863E-5,7.0728763E-4,19.299559,6.7066436E-4,4.308141E-4,4.4611428E-4,0.0012742124,2.8562467,8.284677E-4,0.0042997985,0.004453945,0.005435823,1.2204514,9.862711E-4
6.1,3.649988E-6,3.7753161E-6,8.267671E-5,21.89928,7.8901685E-5,1.5642712E-5,1.6179853E-5,2.1343089E-4,13.191152,1.9725422E-4,1.9043336E-4,1.9697666E-4,4.7307817E-4,2.4016967,2.7615592E-4,0.0019027026,0.001968488,0.0022834735,1.1600139,3.1560674E-4
6.2,3.649988E-6,3.7753161E-6,8.267671E-5,21.89928,7.8901685E-5,1.5642712E-5,1.6179853E-5,2.1343089E-4,13.191152,1.9725422E-4,1.9043336E-4,1.9697666E-4,4.7307817E-4,2.4016967,2.7615592E-4,0.0019027026,0.001968488,0.0022834735,1.1600139,3.1560674E-4
6.3,1.3924937E-6,1.4411166E-6,4.0891904E-5,28.375153,3.9450842E-5,5.9678164E-6,6.1762075E-6,4.562681E-5,7.387512,3.9450842E-5,7.265574E-5,7.519415E-5,1.540899E-4,2.0492272,7.8901685E-5,7.263199E-4,7.518258E-4,8.3066814E-4,1.1048678,7.8901685E-5
6.4,1.3924937E-6,1.4411166E-6,4.0891904E-5,28.375153,3.9450842E-5,5.9678164E-6,6.1762075E-6,4.562681E-5,7.387512,3.9450842E-5,7.265574E-5,7.519415E-5,1.540899E-4,2.0492272,7.8901685E-5,7.263199E-4,7.518258E-4,8.3066814E-4,1.1048678,7.8901685E-5
6.5,9.876812E-7,1.0221912E-6,1.0221912E-6,1.0,0.0,4.2329125E-6,4.3808195E-6,4.3808195E-6,1.0,0.0,5.153449E-5,5.3336476E-5,9.2785216E-5,1.7396203,3.9450842E-5,5.1522546E-4,5.333648E-4,5.727946E-4,1.0739266,3.9450842E-5
