Magnitude,1 wk TI Prob,1 wk TD Prob,1 wk ETAS Prob,1 wk ETAS/TD Gain,1 wk ETAS Triggered Only,1 mo TI Prob,1 mo TD Prob,1 mo ETAS Prob,1 mo ETAS/TD Gain,1 mo ETAS Triggered Only,1 yr TI Prob,1 yr TD Prob,1 yr ETAS Prob,1 yr ETAS/TD Gain,1 yr ETAS Triggered Only,10 yr TI Prob,10 yr TD Prob,10 yr ETAS Prob,10 yr ETAS/TD Gain,10 yr ETAS Triggered Only
6.0,3.5090034E-5,4.0364324E-5,0.001146526,28.404438,0.0011062062,1.503772E-4,1.7297994E-4,0.0019780798,11.435312,0.0018054121,0.0018293047,0.0021042528,0.0053742323,2.553986,0.003276875,0.018143194,0.020869201,0.025978262,1.2448133,0.005217954
6.1,3.5090034E-5,4.0364324E-5,0.001146526,28.404438,0.0011062062,1.503772E-4,1.7297994E-4,0.0019780798,11.435312,0.0018054121,0.0018293047,0.0021042528,0.0053742323,2.553986,0.003276875,0.018143194,0.020869201,0.025978262,1.2448133,0.005217954
6.2,1.841879E-5,2.1059794E-5,6.0545834E-4,28.74949,5.8441085E-4,7.8935285E-5,9.0253714E-5,9.980957E-4,11.058778,9.0792397E-4,9.606133E-4,0.001098387,0.0027871472,2.537491,0.0016906171,0.0095647145,0.010939667,0.0136955725,1.2519186,0.0027863875
6.3,1.841879E-5,2.1059794E-5,6.0545834E-4,28.74949,5.8441085E-4,7.8935285E-5,9.0253714E-5,9.980957E-4,11.058778,9.0792397E-4,9.606133E-4,0.001098387,0.0027871472,2.537491,0.0016906171,0.0095647145,0.010939667,0.0136955725,1.2519186,0.0027863875
6.4,1.712201E-5,1.9565212E-5,5.935289E-4,30.335932,5.739749E-4,7.337798E-5,8.3848776E-5,9.812616E-4,11.702754,8.974881E-4,8.930107E-4,0.0010204813,0.002625971,2.5732672,0.0016071298,0.008894307,0.010167871,0.01273999,1.2529655,0.002598541
6.5,1.4744935E-5,1.6836972E-5,5.386236E-4,31.990526,5.217954E-4,6.3191044E-5,7.215698E-5,8.9653424E-4,12.424774,8.244367E-4,7.6907943E-4,8.7825063E-4,0.002358848,2.6858485,0.001481899,0.007664232,0.008756994,0.01112589,1.2705146,0.0023898229
6.6,1.2017839E-5,1.37240895E-5,4.7289772E-4,34.457497,4.5917995E-4,5.150401E-5,5.88167E-5,7.8928727E-4,13.419442,7.3051354E-4,6.268809E-4,7.159466E-4,0.0019360736,2.704215,0.0012210013,0.0062511545,0.0071450938,0.00912411,1.2769755,0.0019932585
6.7,1.00956095E-5,1.1533517E-5,3.7678608E-4,32.668793,3.6525677E-4,4.326618E-5,4.942891E-5,6.4424623E-4,13.033794,5.9484673E-4,5.266384E-4,6.017178E-4,0.0016238213,2.6986427,0.001022719,0.005253921,0.0060094125,0.00768987,1.2796376,0.0016906171
