Magnitude,1 wk TI Prob,1 wk TD Prob,1 wk ETAS Prob,1 wk ETAS/TD Gain,1 wk ETAS Triggered Only,1 mo TI Prob,1 mo TD Prob,1 mo ETAS Prob,1 mo ETAS/TD Gain,1 mo ETAS Triggered Only,1 yr TI Prob,1 yr TD Prob,1 yr ETAS Prob,1 yr ETAS/TD Gain,1 yr ETAS Triggered Only,10 yr TI Prob,10 yr TD Prob,10 yr ETAS Prob,10 yr ETAS/TD Gain,10 yr ETAS Triggered Only
6.0,3.5090034E-5,4.0364324E-5,0.001090144,27.007612,0.0010498221,1.503772E-4,1.7297994E-4,0.0019164506,11.079034,0.0017437723,0.0018293047,0.0021042528,0.0053003603,2.51888,0.003202847,0.018143194,0.020869201,0.02586939,1.2395965,0.0051067616
6.1,3.5090034E-5,4.0364324E-5,0.001090144,27.007612,0.0010498221,1.503772E-4,1.7297994E-4,0.0019164506,11.079034,0.0017437723,0.0018293047,0.0021042528,0.0053003603,2.51888,0.003202847,0.018143194,0.020869201,0.02586939,1.2395965,0.0051067616
6.2,1.841879E-5,2.1059794E-5,5.014767E-4,23.812044,4.8042706E-4,7.8935285E-5,9.0253714E-5,9.442692E-4,10.462386,8.5409253E-4,9.606133E-4,0.001098387,0.0027335996,2.48874,0.0016370107,0.0095647145,0.010939667,0.013614706,1.2445265,0.0027046264
6.3,1.841879E-5,2.1059794E-5,5.014767E-4,23.812044,4.8042706E-4,7.8935285E-5,9.0253714E-5,9.442692E-4,10.462386,8.5409253E-4,9.606133E-4,0.001098387,0.0027335996,2.48874,0.0016370107,0.0095647145,0.010939667,0.013614706,1.2445265,0.0027046264
6.4,1.712201E-5,1.9565212E-5,4.8218961E-4,24.645254,4.6263344E-4,7.337798E-5,8.3848776E-5,9.200776E-4,10.973059,8.362989E-4,8.930107E-4,0.0010204813,0.0025669443,2.515425,0.0015480428,0.008894307,0.010167871,0.012686483,1.247703,0.002544484
6.5,1.4744935E-5,1.6836972E-5,4.6166935E-4,27.419975,4.4483985E-4,6.3191044E-5,7.215698E-5,8.7281095E-4,12.096002,8.0071174E-4,7.6907943E-4,8.7825063E-4,0.0023538219,2.6801255,0.0014768683,0.007664232,0.008756994,0.011155732,1.2739224,0.0024199288
6.6,1.2017839E-5,1.37240895E-5,3.695911E-4,26.9301,3.558719E-4,5.150401E-5,5.88167E-5,7.5272605E-4,12.79783,6.9395016E-4,6.268809E-4,7.159466E-4,0.0018894831,2.6391397,0.0011743773,0.0062511545,0.0071450938,0.009106071,1.2744508,0.001975089
6.7,1.00956095E-5,1.1533517E-5,3.1402113E-4,27.226833,3.024911E-4,4.326618E-5,4.942891E-5,6.365885E-4,12.87887,5.8718864E-4,5.266384E-4,6.017178E-4,0.0015797766,2.6254444,9.786477E-4,0.005253921,0.0060094125,0.0076542725,1.273714,0.0016548042
