Magnitude,1 wk TI Prob,1 wk TD Prob,1 wk ETAS Prob,1 wk ETAS/TD Gain,1 wk ETAS Triggered Only,1 mo TI Prob,1 mo TD Prob,1 mo ETAS Prob,1 mo ETAS/TD Gain,1 mo ETAS Triggered Only,1 yr TI Prob,1 yr TD Prob,1 yr ETAS Prob,1 yr ETAS/TD Gain,1 yr ETAS Triggered Only,10 yr TI Prob,10 yr TD Prob,10 yr ETAS Prob,10 yr ETAS/TD Gain,10 yr ETAS Triggered Only
6.0,6.222801E-6,6.439381E-6,4.8182745E-5,7.4825115,4.174363E-5,2.6668875E-5,2.7597147E-5,7.9775244E-5,2.8907063,5.217954E-5,3.2464517E-4,3.3595937E-4,4.402834E-4,1.3105257,1.0435908E-4,0.0032417132,0.0033560768,0.0034600857,1.0309912,1.0435908E-4
6.1,6.222801E-6,6.439381E-6,4.8182745E-5,7.4825115,4.174363E-5,2.6668875E-5,2.7597147E-5,7.9775244E-5,2.8907063,5.217954E-5,3.2464517E-4,3.3595937E-4,4.402834E-4,1.3105257,1.0435908E-4,0.0032417132,0.0033560768,0.0034600857,1.0309912,1.0435908E-4
6.2,6.222801E-6,6.439381E-6,4.8182745E-5,7.4825115,4.174363E-5,2.6668875E-5,2.7597147E-5,7.9775244E-5,2.8907063,5.217954E-5,3.2464517E-4,3.3595937E-4,4.402834E-4,1.3105257,1.0435908E-4,0.0032417132,0.0033560768,0.0034600857,1.0309912,1.0435908E-4
6.3,6.222801E-6,6.439381E-6,4.8182745E-5,7.4825115,4.174363E-5,2.6668875E-5,2.7597147E-5,7.9775244E-5,2.8907063,5.217954E-5,3.2464517E-4,3.3595937E-4,4.402834E-4,1.3105257,1.0435908E-4,0.0032417132,0.0033560768,0.0034600857,1.0309912,1.0435908E-4
6.4,6.222801E-6,6.439381E-6,4.8182745E-5,7.4825115,4.174363E-5,2.6668875E-5,2.7597147E-5,7.9775244E-5,2.8907063,5.217954E-5,3.2464517E-4,3.3595937E-4,4.402834E-4,1.3105257,1.0435908E-4,0.0032417132,0.0033560768,0.0034600857,1.0309912,1.0435908E-4
6.5,2.8528623E-6,2.9521684E-6,1.3388046E-5,4.534987,1.0435908E-5,1.22264955E-5,1.2652138E-5,3.352369E-5,2.6496463,2.0871816E-5,1.4884741E-4,1.540376E-4,2.062091E-4,1.3386933,5.217954E-5,0.0014874774,0.0015401616,0.0015922608,1.0338271,5.217954E-5
6.6,2.8528623E-6,2.9521684E-6,1.3388046E-5,4.534987,1.0435908E-5,1.22264955E-5,1.2652138E-5,3.352369E-5,2.6496463,2.0871816E-5,1.4884741E-4,1.540376E-4,2.062091E-4,1.3386933,5.217954E-5,0.0014874774,0.0015401616,0.0015922608,1.0338271,5.217954E-5
6.7,2.541E-6,2.6293578E-6,1.3065238E-5,4.9689846,1.0435908E-5,1.0889954E-5,1.1268677E-5,3.214026E-5,2.8521767,2.0871816E-5,1.3257713E-4,1.3719614E-4,1.7893405E-4,1.3042207,4.174363E-5,0.0013249806,0.0013719613,0.0014136478,1.0303845,4.174363E-5
