Magnitude,1 wk TI Prob,1 wk TD Prob,1 wk ETAS Prob,1 wk ETAS/TD Gain,1 wk ETAS Triggered Only,1 mo TI Prob,1 mo TD Prob,1 mo ETAS Prob,1 mo ETAS/TD Gain,1 mo ETAS Triggered Only,1 yr TI Prob,1 yr TD Prob,1 yr ETAS Prob,1 yr ETAS/TD Gain,1 yr ETAS Triggered Only,10 yr TI Prob,10 yr TD Prob,10 yr ETAS Prob,10 yr ETAS/TD Gain,10 yr ETAS Triggered Only
6.0,2.9687902E-5,3.27575E-5,4.3193064E-5,1.3185703,1.0435908E-5,1.2722766E-4,1.4038214E-4,1.5081657E-4,1.0743289,1.0435908E-5,0.0015478961,0.0017078844,0.0017183025,1.0060999,1.0435908E-5,0.015371585,0.016955135,0.016975654,1.0012101,2.0871816E-5
6.1,2.9687902E-5,3.27575E-5,4.3193064E-5,1.3185703,1.0435908E-5,1.2722766E-4,1.4038214E-4,1.5081657E-4,1.0743289,1.0435908E-5,0.0015478961,0.0017078844,0.0017183025,1.0060999,1.0435908E-5,0.015371585,0.016955135,0.016975654,1.0012101,2.0871816E-5
6.2,1.9231524E-5,2.1159167E-5,3.1594853E-5,1.4931993,1.0435908E-5,8.2418206E-5,9.067912E-5,1.0111408E-4,1.1150757,1.0435908E-5,0.0010029797,0.0011034822,0.0011139066,1.0094469,1.0435908E-5,0.00998465,0.01098244,0.011003083,1.0018796,2.0871816E-5
6.3,1.324766E-5,1.4548534E-5,2.4984289E-5,1.7173064,1.0435908E-5,5.6774446E-5,6.234942E-5,7.278468E-5,1.1673673,1.0435908E-5,6.910097E-4,7.5884897E-4,7.692769E-4,1.0137419,1.0435908E-5,0.006888649,0.0075635235,0.0075842375,1.0027387,2.0871816E-5
6.4,7.818645E-6,8.57284E-6,1.9008658E-5,2.2173116,1.0435908E-5,3.3508048E-5,3.6740246E-5,4.717577E-5,1.2840352,1.0435908E-5,4.078841E-4,4.4722404E-4,4.576553E-4,1.0233244,1.0435908E-5,0.004071363,0.0044635804,0.00447397,1.0023276,1.0435908E-5
6.5,5.3076565E-6,5.8178007E-6,1.6253647E-5,2.7937787,1.0435908E-5,2.27469E-5,2.4933206E-5,3.5368852E-5,1.4185442,1.0435908E-5,2.7690834E-4,3.035216E-4,3.1395434E-4,1.0343723,1.0435908E-5,0.0027656353,0.00303128,0.0030416842,1.0034323,1.0435908E-5
6.6,3.6003578E-6,3.9484953E-6,1.4384362E-5,3.6429982,1.0435908E-5,1.5430012E-5,1.6922022E-5,2.7357753E-5,1.6166953,1.0435908E-5,1.8784421E-4,2.0600771E-4,2.1644146E-4,1.0506474,1.0435908E-5,0.0018768552,0.0020583214,0.002068736,1.0050597,1.0435908E-5
6.7,2.5361826E-6,2.7834678E-6,2.7834678E-6,1.0,0.0,1.0869308E-5,1.1929101E-5,1.1929101E-5,1.0,0.0,1.3232579E-4,1.4522845E-4,1.4522845E-4,1.0,0.0,0.0013224703,0.0014514653,0.0014514653,1.0,0.0
6.8,1.2115831E-6,1.3313797E-6,1.3313797E-6,1.0,0.0,5.1924885E-6,5.7059065E-6,5.7059065E-6,1.0,0.0,6.3216714E-5,6.9468166E-5,6.9468166E-5,1.0,0.0,6.3198735E-4,6.945596E-4,6.945596E-4,1.0,0.0
