Magnitude,1 wk TI Prob,1 wk TD Prob,1 wk ETAS Prob,1 wk ETAS/TD Gain,1 wk ETAS Triggered Only,1 mo TI Prob,1 mo TD Prob,1 mo ETAS Prob,1 mo ETAS/TD Gain,1 mo ETAS Triggered Only,1 yr TI Prob,1 yr TD Prob,1 yr ETAS Prob,1 yr ETAS/TD Gain,1 yr ETAS Triggered Only,10 yr TI Prob,10 yr TD Prob,10 yr ETAS Prob,10 yr ETAS/TD Gain,10 yr ETAS Triggered Only
6.0,2.233523E-5,2.5106583E-5,1.0859175E-4,4.32523,8.348726E-5,9.571891E-5,1.0759615E-4,1.9107443E-4,1.7758483,8.348726E-5,0.0011647546,0.001309364,0.0014552755,1.1114368,1.4610271E-4,0.011586686,0.013033091,0.0132390885,1.0158057,2.0871816E-4
6.1,2.233523E-5,2.5106583E-5,1.0859175E-4,4.32523,8.348726E-5,9.571891E-5,1.0759615E-4,1.9107443E-4,1.7758483,8.348726E-5,0.0011647546,0.001309364,0.0014552755,1.1114368,1.4610271E-4,0.011586686,0.013033091,0.0132390885,1.0158057,2.0871816E-4
6.2,2.233523E-5,2.5106583E-5,1.0859175E-4,4.32523,8.348726E-5,9.571891E-5,1.0759615E-4,1.9107443E-4,1.7758483,8.348726E-5,0.0011647546,0.001309364,0.0014552755,1.1114368,1.4610271E-4,0.011586686,0.013033091,0.0132390885,1.0158057,2.0871816E-4
6.3,2.233523E-5,2.5106583E-5,1.0859175E-4,4.32523,8.348726E-5,9.571891E-5,1.0759615E-4,1.9107443E-4,1.7758483,8.348726E-5,0.0011647546,0.001309364,0.0014552755,1.1114368,1.4610271E-4,0.011586686,0.013033091,0.0132390885,1.0158057,2.0871816E-4
6.4,1.2288092E-5,1.3781108E-5,7.639569E-5,5.543509,6.261545E-5,5.2662188E-5,5.906108E-5,1.2167283E-4,2.0601187,6.261545E-5,6.409735E-4,7.189252E-4,8.440661E-4,1.1740665,1.252309E-4,0.006391279,0.0071752006,0.007340977,1.0231041,1.6697453E-4
6.5,1.2288092E-5,1.3781108E-5,7.639569E-5,5.543509,6.261545E-5,5.2662188E-5,5.906108E-5,1.2167283E-4,2.0601187,6.261545E-5,6.409735E-4,7.189252E-4,8.440661E-4,1.1740665,1.252309E-4,0.006391279,0.0071752006,0.007340977,1.0231041,1.6697453E-4
6.6,8.58281E-6,9.63377E-6,5.1377E-5,5.3330107,4.174363E-5,3.6782953E-5,4.12874E-5,8.302931E-5,2.0110083,4.174363E-5,4.4774043E-4,5.026414E-4,5.75656E-4,1.1452619,7.305136E-5,0.0044683935,0.005023205,0.00512704,1.020671,1.0435908E-4
6.7,7.205685E-6,8.088302E-6,4.9831597E-5,6.160947,4.174363E-5,3.088114E-5,3.466415E-5,7.640634E-5,2.2041888,4.174363E-5,3.7591302E-4,4.2203604E-4,4.9505656E-4,1.1730196,7.305136E-5,0.0037527776,0.0042203604,0.0043034954,1.0196985,8.348726E-5
