Magnitude,1 wk TI Prob,1 wk TD Prob,1 wk ETAS Prob,1 wk ETAS/TD Gain,1 wk ETAS Triggered Only,1 mo TI Prob,1 mo TD Prob,1 mo ETAS Prob,1 mo ETAS/TD Gain,1 mo ETAS Triggered Only,1 yr TI Prob,1 yr TD Prob,1 yr ETAS Prob,1 yr ETAS/TD Gain,1 yr ETAS Triggered Only,10 yr TI Prob,10 yr TD Prob,10 yr ETAS Prob,10 yr ETAS/TD Gain,10 yr ETAS Triggered Only
6.0,2.5031832E-5,2.7056969E-5,3.7492595E-5,1.3856908,1.0435908E-5,1.0727487E-4,1.1595384E-4,1.2638854E-4,1.0899901,1.0435908E-5,0.001305289,0.0014109211,0.0014213423,1.0073861,1.0435908E-5,0.012976485,0.014029415,0.0140397055,1.0007334,1.0435908E-5
6.1,1.2540113E-5,1.3513067E-5,2.3948833E-5,1.7722723,1.0435908E-5,5.3742235E-5,5.7911984E-5,6.834728E-5,1.1801925,1.0435908E-5,6.541153E-4,7.048728E-4,7.153013E-4,1.014795,1.0435908E-5,0.0065219323,0.0070286044,0.0070389668,1.0014744,1.0435908E-5
6.2,6.603218E-6,7.107189E-6,1.7543023E-5,2.468349,1.0435908E-5,2.8299199E-5,3.0459063E-5,4.0894654E-5,1.3426104,1.0435908E-5,3.4448825E-4,3.7078248E-4,3.8121452E-4,1.0281352,1.0435908E-5,0.0034395473,0.0037022792,0.0037126765,1.0028083,1.0435908E-5
6.3,6.603218E-6,7.107189E-6,1.7543023E-5,2.468349,1.0435908E-5,2.8299199E-5,3.0459063E-5,4.0894654E-5,1.3426104,1.0435908E-5,3.4448825E-4,3.7078248E-4,3.8121452E-4,1.0281352,1.0435908E-5,0.0034395473,0.0037022792,0.0037126765,1.0028083,1.0435908E-5
6.4,3.9389015E-6,4.239175E-6,1.4675039E-5,3.4617677,1.0435908E-5,1.6880897E-5,1.8167784E-5,2.8603503E-5,1.5744079,1.0435908E-5,2.0550552E-4,2.2117342E-4,2.3160702E-4,1.0471739,1.0435908E-5,0.0020531558,0.002209838,0.0022202507,1.004712,1.0435908E-5
6.5,2.4533072E-6,2.6412686E-6,1.3077149E-5,4.9510865,1.0435908E-5,1.0514132E-5,1.1319685E-5,2.1755473E-5,1.9219153,1.0435908E-5,1.2800204E-4,1.3781038E-4,1.4824486E-4,1.0757161,1.0435908E-5,0.0012792832,0.0013774394,0.0013878609,1.0075659,1.0435908E-5
6.6,1.3482367E-6,1.452993E-6,1.452993E-6,1.0,0.0,5.778144E-6,6.2271047E-6,6.2271047E-6,1.0,0.0,7.0346636E-5,7.58135E-5,7.58135E-5,1.0,0.0,7.032437E-4,7.5798744E-4,7.5798744E-4,1.0,0.0
