Magnitude,1 wk TI Prob,1 wk TD Prob,1 wk ETAS Prob,1 wk ETAS/TD Gain,1 wk ETAS Triggered Only,1 mo TI Prob,1 mo TD Prob,1 mo ETAS Prob,1 mo ETAS/TD Gain,1 mo ETAS Triggered Only,1 yr TI Prob,1 yr TD Prob,1 yr ETAS Prob,1 yr ETAS/TD Gain,1 yr ETAS Triggered Only,10 yr TI Prob,10 yr TD Prob,10 yr ETAS Prob,10 yr ETAS/TD Gain,10 yr ETAS Triggered Only
6.0,8.258278E-6,8.551265E-6,2.1580337E-4,25.236427,2.0725389E-4,3.539214E-5,3.6647863E-5,2.9570571E-4,8.068839,2.5906737E-4,4.308141E-4,4.4611428E-4,8.604371E-4,1.928737,4.1450778E-4,0.0042997985,0.004453945,0.004969772,1.1158135,5.1813474E-4
6.1,3.649988E-6,3.7753161E-6,5.5588593E-5,14.724222,5.1813473E-5,1.5642712E-5,1.6179853E-5,1.1980512E-4,7.4045863,1.03626946E-4,1.9043336E-4,1.9697666E-4,3.5238644E-4,1.7889757,1.5544042E-4,0.0019027026,0.001968488,0.002175334,1.1050786,2.0725389E-4
6.2,3.649988E-6,3.7753161E-6,5.5588593E-5,14.724222,5.1813473E-5,1.5642712E-5,1.6179853E-5,1.1980512E-4,7.4045863,1.03626946E-4,1.9043336E-4,1.9697666E-4,3.5238644E-4,1.7889757,1.5544042E-4,0.0019027026,0.001968488,0.002175334,1.1050786,2.0725389E-4
6.3,1.3924937E-6,1.4411166E-6,1.4411166E-6,1.0,0.0,5.9678164E-6,6.1762075E-6,6.1762075E-6,1.0,0.0,7.265574E-5,7.519415E-5,7.519415E-5,1.0,0.0,7.263199E-4,7.518258E-4,7.518258E-4,1.0,0.0
6.4,1.3924937E-6,1.4411166E-6,1.4411166E-6,1.0,0.0,5.9678164E-6,6.1762075E-6,6.1762075E-6,1.0,0.0,7.265574E-5,7.519415E-5,7.519415E-5,1.0,0.0,7.263199E-4,7.518258E-4,7.518258E-4,1.0,0.0
6.5,9.876812E-7,1.0221912E-6,1.0221912E-6,1.0,0.0,4.2329125E-6,4.3808195E-6,4.3808195E-6,1.0,0.0,5.153449E-5,5.3336476E-5,5.3336476E-5,1.0,0.0,5.1522546E-4,5.333648E-4,5.333648E-4,1.0,0.0
