Magnitude,1 wk TI Prob,1 wk TD Prob,1 wk ETAS Prob,1 wk ETAS/TD Gain,1 wk ETAS Triggered Only,1 mo TI Prob,1 mo TD Prob,1 mo ETAS Prob,1 mo ETAS/TD Gain,1 mo ETAS Triggered Only,1 yr TI Prob,1 yr TD Prob,1 yr ETAS Prob,1 yr ETAS/TD Gain,1 yr ETAS Triggered Only,10 yr TI Prob,10 yr TD Prob,10 yr ETAS Prob,10 yr ETAS/TD Gain,10 yr ETAS Triggered Only
6.0,1.5673151E-5,1.1749579E-5,1.1749579E-5,1.0,0.0,6.716892E-5,5.0355095E-5,5.0355095E-5,1.0,0.0,8.1747473E-4,6.130297E-4,6.230236E-4,1.0163025,1.0E-5,0.008144741,0.0061260276,0.0061459052,1.0032448,2.0E-5
6.1,1.5673151E-5,1.1749579E-5,1.1749579E-5,1.0,0.0,6.716892E-5,5.0355095E-5,5.0355095E-5,1.0,0.0,8.1747473E-4,6.130297E-4,6.230236E-4,1.0163025,1.0E-5,0.008144741,0.0061260276,0.0061459052,1.0032448,2.0E-5
6.2,1.5673151E-5,1.1749579E-5,1.1749579E-5,1.0,0.0,6.716892E-5,5.0355095E-5,5.0355095E-5,1.0,0.0,8.1747473E-4,6.130297E-4,6.230236E-4,1.0163025,1.0E-5,0.008144741,0.0061260276,0.0061459052,1.0032448,2.0E-5
6.3,1.5673151E-5,1.1749579E-5,1.1749579E-5,1.0,0.0,6.716892E-5,5.0355095E-5,5.0355095E-5,1.0,0.0,8.1747473E-4,6.130297E-4,6.230236E-4,1.0163025,1.0E-5,0.008144741,0.0061260276,0.0061459052,1.0032448,2.0E-5
6.4,1.5673151E-5,1.1749579E-5,1.1749579E-5,1.0,0.0,6.716892E-5,5.0355095E-5,5.0355095E-5,1.0,0.0,8.1747473E-4,6.130297E-4,6.230236E-4,1.0163025,1.0E-5,0.008144741,0.0061260276,0.0061459052,1.0032448,2.0E-5
6.5,1.36191375E-5,1.0078436E-5,1.0078436E-5,1.0,0.0,5.8366426E-5,4.3193297E-5,4.3193297E-5,1.0,0.0,7.103795E-4,5.258784E-4,5.358731E-4,1.0190058,1.0E-5,0.0070811296,0.005258784,0.005268731,1.0018916,1.0E-5
