Magnitude,1 wk TI Prob,1 wk TD Prob,1 wk ETAS Prob,1 wk ETAS/TD Gain,1 wk ETAS Triggered Only,1 mo TI Prob,1 mo TD Prob,1 mo ETAS Prob,1 mo ETAS/TD Gain,1 mo ETAS Triggered Only,1 yr TI Prob,1 yr TD Prob,1 yr ETAS Prob,1 yr ETAS/TD Gain,1 yr ETAS Triggered Only,10 yr TI Prob,10 yr TD Prob,10 yr ETAS Prob,10 yr ETAS/TD Gain,10 yr ETAS Triggered Only
6.0,6.222801E-6,6.439411E-6,4.7422753E-5,7.364455,4.0983607E-5,2.6668875E-5,2.7597274E-5,1.0956222E-4,3.970038,8.196721E-5,3.2464517E-4,3.359609E-4,4.5887043E-4,1.3658447,1.2295082E-4,0.0032417132,0.0033560924,0.0034990537,1.0425975,1.4344262E-4
6.1,6.222801E-6,6.439411E-6,4.7422753E-5,7.364455,4.0983607E-5,2.6668875E-5,2.7597274E-5,1.0956222E-4,3.970038,8.196721E-5,3.2464517E-4,3.359609E-4,4.5887043E-4,1.3658447,1.2295082E-4,0.0032417132,0.0033560924,0.0034990537,1.0425975,1.4344262E-4
6.2,6.222801E-6,6.439411E-6,4.7422753E-5,7.364455,4.0983607E-5,2.6668875E-5,2.7597274E-5,1.0956222E-4,3.970038,8.196721E-5,3.2464517E-4,3.359609E-4,4.5887043E-4,1.3658447,1.2295082E-4,0.0032417132,0.0033560924,0.0034990537,1.0425975,1.4344262E-4
6.3,6.222801E-6,6.439411E-6,4.7422753E-5,7.364455,4.0983607E-5,2.6668875E-5,2.7597274E-5,1.0956222E-4,3.970038,8.196721E-5,3.2464517E-4,3.359609E-4,4.5887043E-4,1.3658447,1.2295082E-4,0.0032417132,0.0033560924,0.0034990537,1.0425975,1.4344262E-4
6.4,6.222801E-6,6.439411E-6,4.7422753E-5,7.364455,4.0983607E-5,2.6668875E-5,2.7597274E-5,1.0956222E-4,3.970038,8.196721E-5,3.2464517E-4,3.359609E-4,4.5887043E-4,1.3658447,1.2295082E-4,0.0032417132,0.0033560924,0.0034990537,1.0425975,1.4344262E-4
6.5,2.8528623E-6,2.952182E-6,4.3935666E-5,14.882439,4.0983607E-5,1.22264955E-5,1.2652196E-5,7.412683E-5,5.858811,6.147541E-5,1.4884741E-4,1.5403831E-4,2.5648155E-4,1.6650504,1.0245902E-4,0.0014874774,0.0015401688,0.0016629301,1.0797065,1.2295082E-4
6.6,2.8528623E-6,2.952182E-6,4.3935666E-5,14.882439,4.0983607E-5,1.22264955E-5,1.2652196E-5,7.412683E-5,5.858811,6.147541E-5,1.4884741E-4,1.5403831E-4,2.5648155E-4,1.6650504,1.0245902E-4,0.0014874774,0.0015401688,0.0016629301,1.0797065,1.2295082E-4
6.7,2.541E-6,2.62937E-6,4.361287E-5,16.586813,4.0983607E-5,1.0889954E-5,1.12687285E-5,7.2743445E-5,6.4553375,6.147541E-5,1.3257713E-4,1.3719677E-4,2.3964173E-4,1.746701,1.0245902E-4,0.0013249806,0.0013719677,0.0014742862,1.0745779,1.0245902E-4
