Magnitude,1 wk TI Prob,1 wk TD Prob,1 wk ETAS Prob,1 wk ETAS/TD Gain,1 wk ETAS Triggered Only,1 mo TI Prob,1 mo TD Prob,1 mo ETAS Prob,1 mo ETAS/TD Gain,1 mo ETAS Triggered Only,1 yr TI Prob,1 yr TD Prob,1 yr ETAS Prob,1 yr ETAS/TD Gain,1 yr ETAS Triggered Only,10 yr TI Prob,10 yr TD Prob,10 yr ETAS Prob,10 yr ETAS/TD Gain,10 yr ETAS Triggered Only
6.0,8.258278E-6,8.551305E-6,4.9534563E-5,5.7926316,4.0983607E-5,3.539214E-5,3.6648038E-5,1.18612246E-4,3.2365239,8.196721E-5,4.308141E-4,4.4611638E-4,5.89495E-4,1.3213929,1.4344262E-4,0.0042997985,0.004453966,0.004678372,1.0503833,2.2540984E-4
6.1,3.649988E-6,3.7753332E-6,2.426706E-5,6.4277925,2.0491803E-5,1.5642712E-5,1.6179927E-5,5.716287E-5,3.53295,4.0983607E-5,1.9043336E-4,1.9697756E-4,2.5844085E-4,1.312032,6.147541E-5,0.0019027026,0.001968497,0.002050303,1.0415576,8.196721E-5
6.2,3.649988E-6,3.7753332E-6,2.426706E-5,6.4277925,2.0491803E-5,1.5642712E-5,1.6179927E-5,5.716287E-5,3.53295,4.0983607E-5,1.9043336E-4,1.9697756E-4,2.5844085E-4,1.312032,6.147541E-5,0.0019027026,0.001968497,0.002050303,1.0415576,8.196721E-5
6.3,1.3924937E-6,1.4411233E-6,2.1932898E-5,15.219306,2.0491803E-5,5.9678164E-6,6.176236E-6,4.715959E-5,7.635652,4.0983607E-5,7.265574E-5,7.51945E-5,1.3666529E-4,1.8174906,6.147541E-5,7.263199E-4,7.518293E-4,8.3373487E-4,1.1089418,8.196721E-5
6.4,1.3924937E-6,1.4411233E-6,2.1932898E-5,15.219306,2.0491803E-5,5.9678164E-6,6.176236E-6,4.715959E-5,7.635652,4.0983607E-5,7.265574E-5,7.51945E-5,1.3666529E-4,1.8174906,6.147541E-5,7.263199E-4,7.518293E-4,8.3373487E-4,1.1089418,8.196721E-5
6.5,9.876812E-7,1.022196E-6,1.022196E-6,1.0,0.0,4.2329125E-6,4.38084E-6,4.38084E-6,1.0,0.0,5.153449E-5,5.3336724E-5,7.382743E-5,1.3841764,2.0491803E-5,5.1522546E-4,5.333672E-4,5.74329E-4,1.0767984,4.0983607E-5
