Magnitude,1 wk TI Prob,1 wk TD Prob,1 wk ETAS Prob,1 wk ETAS/TD Gain,1 wk ETAS Triggered Only,1 mo TI Prob,1 mo TD Prob,1 mo ETAS Prob,1 mo ETAS/TD Gain,1 mo ETAS Triggered Only,1 yr TI Prob,1 yr TD Prob,1 yr ETAS Prob,1 yr ETAS/TD Gain,1 yr ETAS Triggered Only,10 yr TI Prob,10 yr TD Prob,10 yr ETAS Prob,10 yr ETAS/TD Gain,10 yr ETAS Triggered Only
6.0,1.6760017E-5,1.8776773E-5,8.877546E-5,4.72794,7.0E-5,7.182667E-5,8.047006E-5,1.9046121E-4,2.366858,1.1E-4,8.7413884E-4,9.794E-4,0.0011891944,1.2142069,2.1E-4,0.008707083,0.009762381,0.010039648,1.0284015,2.8E-4
6.1,9.852767E-6,1.0973554E-5,4.0973224E-5,3.7338154,3.0E-5,4.222546E-5,4.702907E-5,9.7026714E-5,2.0631223,5.0E-5,5.139737E-4,5.724994E-4,6.624479E-4,1.1571153,9.0E-5,0.005127866,0.005717204,0.005846461,1.0226084,1.3E-4
6.2,9.852767E-6,1.0973554E-5,4.0973224E-5,3.7338154,3.0E-5,4.222546E-5,4.702907E-5,9.7026714E-5,2.0631223,5.0E-5,5.139737E-4,5.724994E-4,6.624479E-4,1.1571153,9.0E-5,0.005127866,0.005717204,0.005846461,1.0226084,1.3E-4
6.3,4.3167724E-6,4.778015E-6,2.4777919E-5,5.1858187,2.0E-5,1.8500323E-5,2.0477177E-5,5.0476563E-5,2.4650156,3.0E-5,2.2521814E-4,2.4930414E-4,2.7929666E-4,1.120305,3.0E-5,0.0022499003,0.0024925028,0.0025523533,1.0240122,6.0E-5
6.4,4.3167724E-6,4.778015E-6,2.4777919E-5,5.1858187,2.0E-5,1.8500323E-5,2.0477177E-5,5.0476563E-5,2.4650156,3.0E-5,2.2521814E-4,2.4930414E-4,2.7929666E-4,1.120305,3.0E-5,0.0022499003,0.0024925028,0.0025523533,1.0240122,6.0E-5
6.5,4.3167724E-6,4.778015E-6,2.4777919E-5,5.1858187,2.0E-5,1.8500323E-5,2.0477177E-5,5.0476563E-5,2.4650156,3.0E-5,2.2521814E-4,2.4930414E-4,2.7929666E-4,1.120305,3.0E-5,0.0022499003,0.0024925028,0.0025523533,1.0240122,6.0E-5
6.6,4.301311E-6,4.7608837E-6,2.4760788E-5,5.200881,2.0E-5,1.8434059E-5,2.0403757E-5,5.0403145E-5,2.4702876,3.0E-5,2.2441156E-4,2.4841045E-4,2.78403E-4,1.1207379,3.0E-5,0.0022418506,0.002483586,0.002543437,1.0240986,6.0E-5
6.7,3.8599724E-6,4.2710476E-6,2.4270963E-5,5.6826715,2.0E-5,1.6542634E-5,1.830449E-5,4.830394E-5,2.6389122,3.0E-5,2.0138794E-4,2.2285717E-4,2.5285047E-4,1.1345854,3.0E-5,0.0020120554,0.0022285716,0.002288438,1.0268631,6.0E-5
