Magnitude,1 yr TI Prob,TD Prob,ETAS Prob,ETAS/TD Gain,ETAS Triggered Only,10 yr TI Prob,TD Prob,ETAS Prob,ETAS/TD Gain,ETAS Triggered Only
6.0,4.308141E-4,4.4611385E-4,4.9609155E-4,1.112029,5.0E-5,0.0042997985,0.004453941,0.0045435396,1.0201168,9.0E-5
6.1,1.9043336E-4,1.9697649E-4,2.1697255E-4,1.1015149,2.0E-5,0.0019027026,0.0019684862,0.0020084074,1.0202802,4.0E-5
6.2,1.9043336E-4,1.9697649E-4,2.1697255E-4,1.1015149,2.0E-5,0.0019027026,0.0019684862,0.0020084074,1.0202802,4.0E-5
6.3,7.265574E-5,7.5194075E-5,9.5192576E-5,1.2659584,2.0E-5,7.263199E-4,7.518251E-4,7.7181007E-4,1.0265819,2.0E-5
6.4,7.265574E-5,7.5194075E-5,9.5192576E-5,1.2659584,2.0E-5,7.263199E-4,7.518251E-4,7.7181007E-4,1.0265819,2.0E-5
6.5,5.153449E-5,5.333643E-5,5.333643E-5,1.0,0.0,5.1522546E-4,5.3336425E-4,5.3336425E-4,1.0,0.0
