Magnitude,UCERF3-TI Prob,UCERF3-TD Prob,UCERF3-ETAS Prob
6.0,0.2744337,0.29971877,0.003
6.1,0.20674558,0.22650641,0.003
6.2,0.20674558,0.22650641,0.003
6.3,0.14277372,0.15698837,0.003
6.4,0.10150458,0.11230094,0.003
6.5,0.083690435,0.09311042,0.002
6.6,0.074054085,0.08274572,0.002
6.7,0.005178911,0.0054159844,0.0
6.8,0.0030562787,0.0031968274,0.0
