Magnitude,UCERF3-TI Prob,UCERF3-TD Prob,UCERF3-ETAS Prob
6.0,0.11119986,0.11523331,0.092
6.1,0.11119986,0.11523331,0.081
6.2,0.06935486,0.07167407,0.05
6.3,0.049380902,0.05097174,0.043
6.4,0.037147988,0.038310874,0.03
6.5,0.030737747,0.03169438,0.027
6.6,0.020826932,0.021471605,0.014
6.7,0.008226944,0.008512631,0.004
6.8,0.0039149607,0.0040694163,0.001
