Magnitude,1 wk TI Prob,1 wk TD Prob,1 wk ETAS Prob,1 wk ETAS/TD Gain,1 wk ETAS Triggered Only,1 mo TI Prob,1 mo TD Prob,1 mo ETAS Prob,1 mo ETAS/TD Gain,1 mo ETAS Triggered Only,1 yr TI Prob,1 yr TD Prob,1 yr ETAS Prob,1 yr ETAS/TD Gain,1 yr ETAS Triggered Only,10 yr TI Prob,10 yr TD Prob,10 yr ETAS Prob,10 yr ETAS/TD Gain,10 yr ETAS Triggered Only
6.0,6.1479834E-5,8.328645E-5,8.328645E-5,1.0,0.0,2.6345838E-4,3.5689858E-4,3.5689858E-4,1.0,0.0,0.0032028882,0.004337256,0.004337256,1.0,0.0,0.031571172,0.042593803,0.042603377,1.0002248,1.0E-5
6.1,4.4387216E-5,5.977737E-5,5.977737E-5,1.0,0.0,1.9021705E-4,2.5616738E-4,2.5616738E-4,1.0,0.0,0.0023134327,0.0031148887,0.0031148887,1.0,0.0,0.022894967,0.03076075,0.030770443,1.0003151,1.0E-5
6.2,4.4387216E-5,5.977737E-5,5.977737E-5,1.0,0.0,1.9021705E-4,2.5616738E-4,2.5616738E-4,1.0,0.0,0.0023134327,0.0031148887,0.0031148887,1.0,0.0,0.022894967,0.03076075,0.030770443,1.0003151,1.0E-5
6.3,2.9523822E-5,3.9552997E-5,3.9552997E-5,1.0,0.0,1.2652454E-4,1.6950442E-4,1.6950442E-4,1.0,0.0,0.0015393476,0.002062143,0.002062143,1.0,0.0,0.015287281,0.020464517,0.020464517,1.0,0.0
6.4,2.0512744E-5,2.743469E-5,2.743469E-5,1.0,0.0,8.79088E-5,1.1757403E-4,1.1757403E-4,1.0,0.0,0.001069764,0.0014308583,0.0014308583,1.0,0.0,0.010646289,0.014246944,0.014246944,1.0,0.0
6.5,1.6750226E-5,2.23935E-5,2.23935E-5,1.0,0.0,7.178471E-5,9.5970776E-5,9.5970776E-5,1.0,0.0,8.7362836E-4,0.0011681573,0.0011681573,1.0,0.0,0.008702018,0.01165113,0.01165113,1.0,0.0
6.6,1.4745303E-5,1.970956E-5,1.970956E-5,1.0,0.0,6.319262E-5,8.446912E-5,8.446912E-5,1.0,0.0,7.690986E-4,0.0010282715,0.0010282715,1.0,0.0,0.0076644225,0.010266835,0.010266835,1.0,0.0
6.7,9.951145E-7,1.1617379E-6,1.1617379E-6,1.0,0.0,4.26477E-6,4.978868E-6,4.978868E-6,1.0,0.0,5.1922336E-5,6.061621E-5,6.061621E-5,1.0,0.0,5.1910203E-4,6.0601404E-4,6.0601404E-4,1.0,0.0
6.8,5.866312E-7,6.8499935E-7,6.8499935E-7,1.0,0.0,2.5141312E-6,2.9357088E-6,2.9357088E-6,1.0,0.0,3.0609117E-5,3.57418E-5,3.57418E-5,1.0,0.0,3.06049E-4,3.5737336E-4,3.5737336E-4,1.0,0.0
