Magnitude,1 wk TI Prob,1 wk TD Prob,1 wk ETAS Prob,1 wk ETAS/TD Gain,1 wk ETAS Triggered Only,1 mo TI Prob,1 mo TD Prob,1 mo ETAS Prob,1 mo ETAS/TD Gain,1 mo ETAS Triggered Only,1 yr TI Prob,1 yr TD Prob,1 yr ETAS Prob,1 yr ETAS/TD Gain,1 yr ETAS Triggered Only,10 yr TI Prob,10 yr TD Prob,10 yr ETAS Prob,10 yr ETAS/TD Gain,10 yr ETAS Triggered Only
6.0,1.6760017E-5,1.8778032E-5,3.8777656E-5,2.0650544,2.0E-5,7.182667E-5,8.047546E-5,1.6046902E-4,1.9940119,8.0E-5,8.7413884E-4,9.794657E-4,0.0012991523,1.3263887,3.2E-4,0.008707083,0.009763035,0.010416591,1.066942,6.6E-4
6.1,9.852767E-6,1.097425E-5,2.097414E-5,1.911214,1.0E-5,4.222546E-5,4.703205E-5,8.703017E-5,1.8504438,4.0E-5,5.139737E-4,5.7253573E-4,7.024613E-4,1.22693,1.3E-4,0.005127866,0.0057175662,0.0060158507,1.0521699,3.0E-4
6.2,9.852767E-6,1.097425E-5,2.097414E-5,1.911214,1.0E-5,4.222546E-5,4.703205E-5,8.703017E-5,1.8504438,4.0E-5,5.139737E-4,5.7253573E-4,7.024613E-4,1.22693,1.3E-4,0.005127866,0.0057175662,0.0060158507,1.0521699,3.0E-4
6.3,4.3167724E-6,4.7782996E-6,1.4778252E-5,3.0927846,1.0E-5,1.8500323E-5,2.0478396E-5,4.0477986E-5,1.976619,2.0E-5,2.2521814E-4,2.4931898E-4,3.3929653E-4,1.3608934,9.0E-5,0.0022499003,0.002492651,0.0026622275,1.0680305,1.7E-4
6.4,4.3167724E-6,4.7782996E-6,1.4778252E-5,3.0927846,1.0E-5,1.8500323E-5,2.0478396E-5,4.0477986E-5,1.976619,2.0E-5,2.2521814E-4,2.4931898E-4,3.3929653E-4,1.3608934,9.0E-5,0.0022499003,0.002492651,0.0026622275,1.0680305,1.7E-4
6.5,4.3167724E-6,4.7782996E-6,1.4778252E-5,3.0927846,1.0E-5,1.8500323E-5,2.0478396E-5,4.0477986E-5,1.976619,2.0E-5,2.2521814E-4,2.4931898E-4,3.3929653E-4,1.3608934,9.0E-5,0.0022499003,0.002492651,0.0026622275,1.0680305,1.7E-4
6.6,4.301311E-6,4.761167E-6,1.4761119E-5,3.1003153,1.0E-5,1.8434059E-5,2.0404972E-5,4.0404564E-5,1.9801333,2.0E-5,2.2441156E-4,2.4842523E-4,3.3840287E-4,1.362192,9.0E-5,0.0022418506,0.002483734,0.0026533117,1.0682753,1.7E-4
6.7,3.8599724E-6,4.2713013E-6,1.4271259E-5,3.341197,1.0E-5,1.6542634E-5,1.8305576E-5,3.830521E-5,2.0925434,2.0E-5,2.0138794E-4,2.228704E-4,2.928548E-4,1.3140138,7.0E-5,0.0020120554,0.0022287038,0.0023584142,1.0581999,1.3E-4
