Magnitude,1 wk TI Prob,1 wk TD Prob,1 wk ETAS Prob,1 wk ETAS/TD Gain,1 wk ETAS Triggered Only,1 mo TI Prob,1 mo TD Prob,1 mo ETAS Prob,1 mo ETAS/TD Gain,1 mo ETAS Triggered Only,1 yr TI Prob,1 yr TD Prob,1 yr ETAS Prob,1 yr ETAS/TD Gain,1 yr ETAS Triggered Only,10 yr TI Prob,10 yr TD Prob,10 yr ETAS Prob,10 yr ETAS/TD Gain,10 yr ETAS Triggered Only
6.0,6.222801E-6,6.439381E-6,7.643893E-5,11.87054,7.0E-5,2.6668875E-5,2.7597147E-5,1.1759466E-4,4.261117,9.0E-5,3.2464517E-4,3.3595937E-4,4.8590897E-4,1.4463326,1.5E-4,0.0032417132,0.0033560768,0.0035554057,1.0593934,2.0E-4
6.1,6.222801E-6,6.439381E-6,7.643893E-5,11.87054,7.0E-5,2.6668875E-5,2.7597147E-5,1.1759466E-4,4.261117,9.0E-5,3.2464517E-4,3.3595937E-4,4.8590897E-4,1.4463326,1.5E-4,0.0032417132,0.0033560768,0.0035554057,1.0593934,2.0E-4
6.2,6.222801E-6,6.439381E-6,7.643893E-5,11.87054,7.0E-5,2.6668875E-5,2.7597147E-5,1.1759466E-4,4.261117,9.0E-5,3.2464517E-4,3.3595937E-4,4.8590897E-4,1.4463326,1.5E-4,0.0032417132,0.0033560768,0.0035554057,1.0593934,2.0E-4
6.3,6.222801E-6,6.439381E-6,7.643893E-5,11.87054,7.0E-5,2.6668875E-5,2.7597147E-5,1.1759466E-4,4.261117,9.0E-5,3.2464517E-4,3.3595937E-4,4.8590897E-4,1.4463326,1.5E-4,0.0032417132,0.0033560768,0.0035554057,1.0593934,2.0E-4
6.4,6.222801E-6,6.439381E-6,7.643893E-5,11.87054,7.0E-5,2.6668875E-5,2.7597147E-5,1.1759466E-4,4.261117,9.0E-5,3.2464517E-4,3.3595937E-4,4.8590897E-4,1.4463326,1.5E-4,0.0032417132,0.0033560768,0.0035554057,1.0593934,2.0E-4
6.5,2.8528623E-6,2.9521684E-6,3.295208E-5,11.161992,3.0E-5,1.22264955E-5,1.2652138E-5,6.26515E-5,4.9518514,5.0E-5,1.4884741E-4,1.540376E-4,2.1402835E-4,1.3894553,6.0E-5,0.0014874774,0.0015401616,0.001630023,1.0583454,9.0E-5
6.6,2.8528623E-6,2.9521684E-6,3.295208E-5,11.161992,3.0E-5,1.22264955E-5,1.2652138E-5,6.26515E-5,4.9518514,5.0E-5,1.4884741E-4,1.540376E-4,2.1402835E-4,1.3894553,6.0E-5,0.0014874774,0.0015401616,0.001630023,1.0583454,9.0E-5
6.7,2.541E-6,2.6293578E-6,3.262928E-5,12.4096,3.0E-5,1.0889954E-5,1.1268677E-5,5.1268227E-5,4.5496225,4.0E-5,1.3257713E-4,1.3719614E-4,1.7719065E-4,1.2915134,4.0E-5,0.0013249806,0.0013719613,0.001431879,1.043673,6.0E-5
